省份,运营商,133 号段,149 号段,153 号段,162 号段,173 号段,177 号段,180 号段,181 号段,189 号段,190 号段,191 号段,193 号段,199 号段
上海,电信,1330018,1490500,1530040,1621140,1730160,1770160,1800160,1810005,1890160,1900140,1910160,1930110,1990160
上海,电信,1330019,1490501,1530041,1621141,1730161,1770161,1800161,1810006,1890161,1900141,1910161,1930111,1990161
上海,电信,1330050,1490502,1530042,1621142,1730162,1770162,1800162,1810007,1890162,1900142,1910162,1930112,1990162
上海,电信,1330051,1490503,1530043,1621143,1730163,1770163,1800163,1810008,1890163,1900143,1910163,1930113,1990163
上海,电信,1330052,1490504,1530044,1621144,1730164,1770164,1800164,1810009,1890164,1900144,1910164,1930114,1990164
上海,电信,1330053,1490505,1530045,1621145,1730165,1770165,1800165,1810160,1890165,1900145,1910165,1930115,1990165
上海,电信,1330054,1490506,1530046,1621146,1730166,1770166,1800166,1810161,1890166,1900146,1910166,1930116,1990166
上海,电信,1330063,1490507,1530047,1621147,1730167,1770167,1800167,1810162,1890167,1900147,1910167,1930117,1990167
上海,电信,1330064,1490508,1530048,1621148,1730168,1770168,1800168,1810163,1890168,1900148,1910168,1930118,1990168
上海,电信,1330066,1490509,1530049,1621149,1730169,1770169,1800169,1810164,1890169,1900149,1910169,1930119,1990169
上海,电信,1330080,1490510,1530050,1621150,1730170,1770170,1800170,1810165,1890170,1900190,1910170,1930120,1990170
上海,电信,1330081,1490511,1530051,1621151,1730171,1770171,1800171,1810166,1890171,1900191,1910171,1930121,1990171
上海,电信,1330082,1490512,1530052,1621152,1730172,1770172,1800172,1810167,1890172,1900192,1910172,1930122,1990172
上海,电信,1330083,1490513,1530053,1621153,1730173,1770173,1800173,1810168,1890173,1900193,1910173,1930123,1990173
上海,电信,1330084,1490514,1530054,1621154,1730174,1770174,1800174,1810169,1890174,1900194,1910174,1930124,1990174
上海,电信,1330085,1490515,1530055,1621155,1730175,1770175,1800175,1810170,1890175,1900195,1910175,1930125,1990175
上海,电信,1330086,1490516,1530056,1621156,1730176,1770176,1800176,1810171,1890176,1900196,1910176,1930126,1990176
上海,电信,1330087,1490517,1530057,1621157,1730177,1770177,1800177,1810172,1890177,1900197,1910177,1930127,1990177
上海,电信,1330088,1490518,1530058,1621158,1730178,1770178,1800178,1810173,1890178,1900198,1910178,1930128,1990178
上海,电信,1330089,1490519,1530059,1621159,1730179,1770179,1800179,1810174,1890179,1900199,1910179,1930129,1990179
上海,电信,1330098,1490520,1530060,1621160,1730180,1770180,1800180,1810175,1890180,1900210,1910180,1930130,1990180
上海,电信,1330160,1490521,1530061,1621161,1730181,1770181,1800181,1810176,1890181,1900211,1910181,1930131,1990181
上海,电信,1330161,1490522,1530062,1621162,1730182,1770182,1800182,1810177,1890182,1900212,1910182,1930132,1990182
上海,电信,1330162,1490523,1530063,1621163,1730183,1770183,1800183,1810178,1890183,1900213,1910183,1930133,1990183
上海,电信,1330163,1490524,1530064,1621164,1730184,1770184,1800184,1810179,1890184,1900214,1910184,1930134,1990184
上海,电信,1330164,1490525,1530065,1621165,1730185,1770185,1800185,1810180,1890185,1900215,1910185,1930135,1990185
上海,电信,1330165,1490526,1530066,1621166,1730186,1770186,1800186,1810181,1890186,1900216,1910186,1930136,1990186
上海,电信,1330166,1490527,1530067,1621167,1730187,1770187,1800187,1810182,1890187,1900217,1910187,1930137,1990187
上海,电信,1330167,1490528,1530068,1621168,1730188,1770188,1800188,1810183,1890188,1900218,1910188,1930138,1990188
上海,电信,1330168,1490529,1530069,1621169,1730189,1770189,1800189,1810184,1890189,1900219,1910189,1930139,1990189
上海,电信,1330169,1490530,1530070,1621210,1730210,1770210,1800190,1810185,1890190,,1910190,1930140,1990190
上海,电信,1330170,1490531,1530071,1621211,1730211,1770211,1800191,1810186,1890191,,1910191,1930141,1990191
上海,电信,1330171,1490532,1530072,1621212,1730212,1770212,1800192,1810187,1890192,,1910192,1930142,1990192
上海,电信,1330172,1490533,1530073,1621213,1730213,1770213,1800193,1810188,1890193,,1910193,1930143,1990193
上海,电信,1330173,1490534,1530074,1621214,1730214,1770214,1800194,1810189,1890194,,1910194,1930144,1990194
上海,电信,1330174,1490535,1530075,1621215,1730215,1770215,1800195,1810190,1890195,,1910195,1930145,1990195
上海,电信,1330175,1490536,1530076,1621216,1730216,1770216,1800196,1810191,1890196,,1910196,1930146,1990196
上海,电信,1330176,1490537,1530077,1621217,1730217,1770217,1800197,1810192,1890197,,1910197,1930147,1990197
上海,电信,1330177,1490538,1530078,1621218,1730218,1770218,1800198,1810193,1890198,,1910198,1930148,1990198
上海,电信,1330178,1490539,1530079,1621219,1730219,1770219,1800199,1810194,1890199,,1910199,1930149,1990199
上海,电信,1330179,1490540,1530080,1622040,1731630,1771700,1801600,1810195,1891600,,1910210,1930160,1991650
上海,电信,1330180,1490541,1530081,1622041,1731631,1771701,1801601,1810196,1891601,,1910211,1930161,1991651
上海,电信,1330181,1490542,1530082,1622042,1731632,1771702,1801602,1810197,1891602,,1910212,1930162,1991652
上海,电信,1330182,1490543,1530083,1622043,1731633,1771703,1801603,1810198,1891603,,1910213,1930163,1991653
上海,电信,1330183,1490544,1530084,1622044,1731634,1771704,1801604,1810199,1891604,,1910214,1930164,1991654
上海,电信,1330184,1490545,1530085,1622045,1731635,1771705,1801605,1811600,1891605,,1910215,1930165,1991655
上海,电信,1330185,1490546,1530086,1622046,1731636,1771706,1801606,1811601,1891606,,1910216,1930166,1991656
上海,电信,1330186,1490547,1530087,1622047,1731637,1771707,1801607,1811602,1891607,,1910217,1930167,1991657
上海,电信,1330187,1490548,1530088,1622048,1731638,1771708,1801608,1811603,1891608,,1910218,1930168,1991658
上海,电信,1330188,1490549,1530089,1622049,1731639,1771709,1801609,1811604,1891609,,1910219,1930169,1991659
上海,电信,1330189,1490550,1530090,1622050,1731640,1771720,1801620,1811605,1891610,,1911630,1930170,1991660
上海,电信,1330190,1490551,1530091,1622051,1731641,1771721,1801621,1811606,1891611,,1911631,1930171,1991661
上海,电信,1330191,1490552,1530092,1622052,1731642,1771722,1801622,1811607,1891612,,1911632,1930172,1991662
上海,电信,1330192,1490553,1530093,1622053,1731643,1771723,1801623,1811608,1891613,,1911633,1930173,1991663
上海,电信,1330193,1490554,1530094,1622054,1731644,1771724,1801624,1811609,1891614,,1911634,1930174,1991664
上海,电信,1330194,1490555,1530095,1622055,1731645,1771725,1801625,1811610,1891615,,1911635,1930175,1991665
上海,电信,1330195,1490556,1530096,1622056,1731646,1771726,1801626,1811611,1891616,,1911636,1930176,1991666
上海,电信,1330196,1490557,1530097,1622057,1731647,1771727,1801627,1811612,1891617,,1911637,1930177,1991667
上海,电信,1330197,1490558,1530098,1622058,1731648,1771728,1801628,1811613,1891618,,1911638,1930178,1991668
上海,电信,1330198,1490559,1530099,1622059,1731649,1771729,1801629,1811614,1891619,,1911639,1930179,1991669
上海,电信,1330199,1490560,1530160,1622060,1731650,1771730,1801630,1811615,1891620,,1911640,1930180,1991670
上海,电信,1331000,1490561,1530161,1622061,1731651,1771731,1801631,1811616,1891621,,1911641,1930181,1991671
上海,电信,1331001,1490562,1530162,1622062,1731652,1771732,1801632,1811617,1891622,,1911642,1930182,1991672
上海,电信,1331002,1490563,1530163,1622063,1731653,1771733,1801633,1811618,1891623,,1911643,1930183,1991673
上海,电信,1331003,1490564,1530164,1622064,1731654,1771734,1801634,1811619,1891624,,1911644,1930184,1991674
上海,电信,1331004,1490565,1530165,1622065,1731655,1771735,1801635,1811620,1891625,,1911645,1930185,1991675
上海,电信,1331005,1490566,1530166,1622066,1731656,1771736,1801636,1811621,1891626,,1911646,1930186,1991676
上海,电信,1331006,1490567,1530167,1622067,1731657,1771737,1801637,1811622,1891627,,1911647,1930187,1991677
上海,电信,1331007,1490568,1530168,1622068,1731658,1771738,1801638,1811623,1891628,,1911648,1930188,1991678
上海,电信,1331008,1490569,1530169,1622069,1731659,1771739,1801639,1811624,1891629,,1911649,1930189,1991679
上海,电信,1331009,1490570,1530170,1622210,1731710,1771740,1801640,1811625,1891630,,1911650,1930190,1991680
上海,电信,1331010,1490571,1530171,1622211,1731711,1771741,1801641,1811626,1891631,,1911651,1930191,1991681
上海,电信,1331011,1490572,1530172,1622212,1731712,1771742,1801642,1811627,1891632,,1911652,1930192,1991682
上海,电信,1331012,1490573,1530173,1622213,1731713,1771743,1801643,1811628,1891633,,1911653,1930193,1991683
上海,电信,1331013,1490574,1530174,1622214,1731714,1771744,1801644,1811629,1891634,,1911654,1930194,1991684
上海,电信,1331014,1490575,1530175,1622215,1731715,1771745,1801645,1811630,1891635,,1911655,1930195,1991685
上海,电信,1331015,1490576,1530176,1622216,1731716,1771746,1801646,1811631,1891636,,1911656,1930196,1991686
上海,电信,1331016,1490577,1530177,1622217,1731717,1771747,1801647,1811632,1891637,,1911657,1930197,1991687
上海,电信,1331017,1490578,1530178,1622218,1731718,1771748,1801648,1811633,1891638,,1911658,1930198,1991688
上海,电信,1331018,1490579,1530179,1622219,1731719,1771749,1801649,1811634,1891639,,1911659,1930199,1991689
上海,电信,1331019,1490580,1530180,1627756,1731720,1771750,1801700,1811635,1891640,,1911660,1930210,1991690
上海,电信,1331160,1490581,1530181,1627757,1731721,1771751,1801701,1811636,1891641,,1911661,1930211,1991691
上海,电信,1331161,1490582,1530182,1627758,1731722,1771752,1801702,1811637,1891642,,1911662,1930212,1991692
上海,电信,1331162,1490583,1530183,1628210,1731723,1771753,1801703,1811638,1891643,,1911663,1930213,1991693
上海,电信,1331163,1490584,1530184,1628211,1731724,1771754,1801704,1811639,1891644,,1911664,1930214,1991694
上海,电信,1331164,1490585,1530185,1628212,1731725,1771755,1801705,1811640,1891645,,1911665,1930215,1991695
上海,电信,1331165,1490586,1530186,1628213,1731726,1771756,1801706,1811641,1891646,,1911666,1930216,1991696
上海,电信,1331166,1490587,1530187,1628214,1731727,1771757,1801707,1811642,1891647,,1911667,1930217,1991697
上海,电信,1331167,1490588,1530188,1628215,1731728,1771758,1801708,1811643,1891648,,1911668,1930218,1991698
上海,电信,1331168,1490589,1530189,1628216,1731729,1771759,1801709,1811644,1891649,,1911669,1930219,1991699
上海,电信,1331169,1490590,1530190,1628217,1731730,1771760,1801710,1811645,1891650,,1911700,1933560,1992100
上海,电信,1331170,1490591,1530191,1628218,1731731,1771761,1801711,1811646,1891651,,1911701,1933561,1992101
上海,电信,1331171,1490592,1530192,1628219,1731732,1771762,1801712,1811647,1891652,,1911702,1933562,1992102
上海,电信,1331172,1490593,1530193,1629210,1731733,1771763,1801713,1811648,1891653,,1911703,1933563,1992103
上海,电信,1331173,1490594,1530194,1629211,1731734,1771764,1801714,1811649,1891654,,1911704,1933564,1992104
上海,电信,1331174,1490595,1530195,1629212,1731735,1771765,1801715,1811700,1891655,,1911705,1933565,1992105
上海,电信,1331175,1490596,1530196,1629213,1731736,1771766,1801716,1811701,1891656,,1911706,1933566,1992106
上海,电信,1331176,1490597,1530197,1629214,1731737,1771767,1801717,1811702,1891657,,1911707,1933567,1992107
上海,电信,1331177,1490598,1530198,1629215,1731738,1771768,1801718,1811703,1891658,,1911708,1933568,1992108
上海,电信,1331178,1490599,1530199,1629216,1731739,1771769,1801719,1811704,1891659,,1911709,1933569,1992109
上海,电信,1331179,1490600,1531600,1629217,1731740,1771780,1801720,1811705,1891660,,1911710,1935210,1992110
上海,电信,1331180,1490601,1531601,1629218,1731741,1771781,1801721,1811706,1891661,,1911711,1935211,1992111
上海,电信,1331181,1490602,1531602,1629219,1731742,1771782,1801722,1811707,1891662,,1911712,1935212,1992112
上海,电信,1331182,1490603,1531603,,1731743,1771783,1801723,1811708,1891663,,1911713,1935213,1992113
上海,电信,1331183,1490604,1531604,,1731744,1771784,1801724,1811709,1891664,,1911714,1935214,1992114
上海,电信,1331184,1490605,1531605,,1731745,1771785,1801725,1811710,1891665,,1911715,1935215,1992115
上海,电信,1331185,1490606,1531606,,1731746,1771786,1801726,1811711,1891666,,1911716,1935216,1992116
上海,电信,1331186,1490607,1531607,,1731747,1771787,1801727,1811712,1891667,,1911717,1935217,1992117
上海,电信,1331187,1490608,1531608,,1731748,1771788,1801728,1811713,1891668,,1911718,1935218,1992118
上海,电信,1331188,1490609,1531609,,1731749,1771789,1801729,1811714,1891669,,1911719,1935219,1992119
上海,电信,1331189,1490610,1531610,,1731750,1771790,1801730,1811715,1891670,,1911720,1936200,1992120
上海,电信,1331190,1490611,1531611,,1731751,1771791,1801731,1811716,1891671,,1911721,1936201,1992121
上海,电信,1331191,1490612,1531612,,1731752,1771792,1801732,1811717,1891672,,1911722,1936202,1992122
上海,电信,1331192,1490613,1531613,,1731753,1771793,1801733,1811718,1891673,,1911723,1936203,1992123
上海,电信,1331193,1490614,1531614,,1731754,1771794,1801734,1811719,1891674,,1911724,1936204,1992124
上海,电信,1331194,1490615,1531615,,1731755,1771795,1801735,1811720,1891675,,1911725,1936205,1992125
上海,电信,1331195,1490616,1531616,,1731756,1771796,1801736,1811721,1891676,,1911726,1936206,1992126
上海,电信,1331196,1490617,1531617,,1731757,1771797,1801737,1811722,1891677,,1911727,1936207,1992127
上海,电信,1331197,1490618,1531618,,1731758,1771798,1801738,1811723,1891678,,1911728,1936208,1992128
上海,电信,1331198,1490619,1531619,,1731759,1771799,1801739,1811724,1891679,,1911729,1936209,1992129
上海,电信,1331199,1490620,1531620,,1731760,1772100,1801740,1811725,1891680,,1911730,1936210,1992130
上海,电信,1332180,1490621,1531621,,1731761,1772101,1801741,1811726,1891681,,1911731,1936211,1992131
上海,电信,1332181,1490622,1531622,,1731762,1772102,1801742,1811727,1891682,,1911732,1936212,1992132
上海,电信,1332182,1490623,1531623,,1731763,1772103,1801743,1811728,1891683,,1911733,1936213,1992133
上海,电信,1332183,1490624,1531624,,1731764,1772104,1801744,1811729,1891684,,1911734,1936214,1992134
上海,电信,1332184,1490625,1531625,,1731765,1772105,1801745,1811730,1891685,,1911735,1936215,1992135
上海,电信,1332185,1490626,1531626,,1731766,1772106,1801746,1811731,1891686,,1911736,1936216,1992136
上海,电信,1332186,1490627,1531627,,1731767,1772107,1801747,1811732,1891687,,1911737,1936217,1992137
上海,电信,1332187,1490628,1531628,,1731768,1772108,1801748,1811733,1891688,,1911738,1936218,1992138
上海,电信,1332188,1490629,1531629,,1731769,1772109,1801749,1811734,1891689,,1911739,1936219,1992139
上海,电信,1332189,1490630,1531630,,1731770,1772110,1801750,1811735,1891690,,1912100,1936220,1992140
上海,电信,1332190,1490631,1531631,,1731771,1772111,1801751,1811736,1891691,,1912101,1936221,1992141
上海,电信,1332191,1490632,1531632,,1731772,1772112,1801752,1811737,1891692,,1912102,1937020,1992142
上海,电信,1332192,1490633,1531633,,1731773,1772113,1801753,1811738,1891693,,1912103,1937021,1992143
上海,电信,1332193,1490634,1531634,,1731774,1772114,1801754,1811739,1891694,,1912104,1937022,1992144
上海,电信,1332194,1490635,1531635,,1731775,1772115,1801755,1811740,1891695,,1912105,1937023,1992145
上海,电信,1332195,1490636,1531636,,1731776,1772116,1801756,1811741,1891696,,1912106,1937024,1992146
上海,电信,1332196,1490637,1531637,,1731777,1772117,1801757,1811742,1891697,,1912107,1937025,1992147
上海,电信,1332197,1490638,1531638,,1731778,1772118,1801758,1811743,1891698,,1912108,1937026,1992148
上海,电信,1332198,1490639,1531639,,1731779,1772119,1801759,1811744,1891699,,1912109,1937027,1992149
上海,电信,1332199,1490640,1531640,,1731780,1772120,1801760,1811745,1891700,,1912110,1937028,1992150
上海,电信,1333180,1490641,1531641,,1731781,1772121,1801761,1811746,1891701,,1912111,1937029,1992151
上海,电信,1333181,1490642,1531642,,1731782,1772122,1801762,1811747,1891702,,1912112,1937030,1992152
上海,电信,1333182,1490643,1531643,,1731783,1772123,1801763,1811748,1891703,,1912113,1937031,1992153
上海,电信,1333183,1490644,1531644,,1731784,1772124,1801764,1811749,1891704,,1912114,1937032,1992154
上海,电信,1333184,1490645,1531645,,1731785,1772125,1801765,1811750,1891705,,1912115,1937033,1992155
上海,电信,1333185,1490646,1531646,,1731786,1772126,1801766,1811751,1891706,,1912116,1937034,1992156
上海,电信,1333186,1490647,1531647,,1731787,1772127,1801767,1811752,1891707,,1912117,1937035,1992157
上海,电信,1333187,1490648,1531648,,1731788,1772128,1801768,1811753,1891708,,1912118,1937036,1992158
上海,电信,1333188,1490649,1531649,,1731789,1772129,1801769,1811754,1891709,,1912119,1937037,1992159
上海,电信,1333189,1490650,1531650,,1731790,1772130,1801770,1811755,1891710,,1912120,1937038,1992160
上海,电信,1333190,1490651,1531651,,1731791,1772131,1801771,1811756,1891711,,1912121,1937039,1992161
上海,电信,1333191,1490652,1531652,,1731792,1772132,1801772,1811757,1891712,,1912122,1937050,1992162
上海,电信,1333192,1490653,1531653,,1731793,1772133,1801773,1811758,1891713,,1912123,1937051,1992163
上海,电信,1333193,1490654,1531654,,1731794,1772134,1801774,1811759,1891714,,1912124,1937052,1992164
上海,电信,1333194,1490655,1531655,,1731795,1772135,1801775,1812100,1891715,,1912125,1937053,1992165
上海,电信,1333195,1490656,1531656,,1731796,1772136,1801776,1812101,1891716,,1912126,1937054,1992166
上海,电信,1333196,1490657,1531657,,1731797,1772137,1801777,1812102,1891717,,1912127,1937055,1992167
上海,电信,1333197,1490658,1531658,,1731798,1772138,1801778,1812103,1891718,,1912128,1937056,1992168
上海,电信,1333198,1490659,1531659,,1731799,1772139,1801779,1812104,1891719,,1912129,1937057,1992169
上海,电信,1333199,1490660,1531660,,1732100,1772140,1801780,1812105,1891720,,1912130,1937058,1992170
上海,电信,1334160,1490661,1531661,,1732101,1772141,1801781,1812106,1891721,,1912131,1937059,1992171
上海,电信,1334161,1490662,1531662,,1732102,1772142,1801782,1812107,1891722,,1912132,1937060,1992172
上海,电信,1334162,1490663,1531663,,1732103,1772143,1801783,1812108,1891723,,1912133,1937061,1992173
上海,电信,1334163,1490664,1531664,,1732104,1772144,1801784,1812109,1891724,,1912134,1937062,1992174
上海,电信,1334164,1490665,1531665,,1732105,1772145,1801785,1812110,1891725,,1912135,1937063,1992175
上海,电信,1334165,1490666,1531666,,1732106,1772146,1801786,1812111,1891726,,1912136,1937064,1992176
上海,电信,1334166,1490667,1531667,,1732107,1772147,1801787,1812112,1891727,,1912137,1937065,1992177
上海,电信,1334167,1490668,1531668,,1732108,1772148,1801788,1812113,1891728,,1912138,1937066,1992178
上海,电信,1334168,1490669,1531669,,1732109,1772149,1801789,1812114,1891729,,1912139,1937067,1992179
上海,电信,1334169,1490670,1531670,,1732110,1774080,1801790,1812115,1891730,,1912140,1937068,1992180
上海,电信,1334170,1490671,1531671,,1732111,1774081,1801791,1812116,1891731,,1912141,1937069,1992181
上海,电信,1334171,1490672,1531672,,1732112,1774082,1801792,1812117,1891732,,1912142,1937070,1992182
上海,电信,1334172,1490673,1531673,,1732113,1774083,1801793,1812118,1891733,,1912143,1937071,1992183
上海,电信,1334173,1490674,1531674,,1732114,1774084,1801794,1812119,1891734,,1912144,1937072,1992184
上海,电信,1334174,1490675,1531675,,1732115,1774085,1801795,1812120,1891735,,1912145,1937073,1992185
上海,电信,1334175,1490676,1531676,,1732116,1774086,1801796,1812121,1891736,,1912146,1937074,1992186
上海,电信,1334176,1490677,1531677,,1732117,1774087,1801797,1812122,1891737,,1912147,1937075,1992187
上海,电信,1334177,1490678,1531678,,1732118,1774088,1801798,1812123,1891738,,1912148,1937076,1992188
上海,电信,1334178,1490679,1531679,,1732119,1774089,1801799,1812124,1891739,,1912149,1937077,1992189
上海,电信,1334179,1490680,1531680,,1732120,1774970,1801850,1812125,1891740,,1912150,1937078,1992190
上海,电信,1334180,1490681,1531681,,1732121,1774971,1801851,1812126,1891741,,1912151,1937079,1992191
上海,电信,1334181,1490682,1531682,,1732122,1774972,1801852,1812127,1891742,,1912152,1937080,1992192
上海,电信,1334182,1490683,1531683,,1732123,1774973,1801853,1812128,1891743,,1912153,1937081,1992193
上海,电信,1334183,1490684,1531684,,1732124,1774974,1801854,1812129,1891744,,1912154,1937082,1992194
上海,电信,1334184,1490685,1531685,,1732125,1774975,1801855,1812130,1891745,,1912155,1937083,1992195
上海,电信,1334185,1490686,1531686,,1732126,1774976,1801856,1812131,1891746,,1912156,1937084,1992196
上海,电信,1334186,1490687,1531687,,1732127,1774977,1801857,1812132,1891747,,1912157,1937085,1992197
上海,电信,1334187,1490688,1531688,,1732128,1774978,1801858,1812133,1891748,,1912158,1937086,1992198
上海,电信,1334188,1490689,1531689,,1732129,1774979,1801859,1812134,1891749,,1912159,1937087,1992199
上海,电信,1334189,1490690,1531690,,1732130,1776510,1801860,1812135,1891750,,1912160,1937088,1994560
上海,电信,1334190,1490691,1531691,,1732131,1776511,1801861,1812136,1891751,,1912161,1937089,1994561
上海,电信,1334191,1490692,1531692,,1732132,1776512,1801862,1812137,1891752,,1912162,1937090,1994562
上海,电信,1334192,1490693,1531693,,1732133,1776513,1801863,1812138,1891753,,1912163,1937091,1994563
上海,电信,1334193,1490694,1531694,,1732134,1776514,1801864,1812139,1891754,,1912164,1937092,1994564
上海,电信,1334194,1490695,1531695,,1732135,1776515,1801865,1812140,1891755,,1912165,1937093,1994565
上海,电信,1334195,1490696,1531696,,1732136,1776516,1801866,1812141,1891756,,1912166,1937094,1994566
上海,电信,1334196,1490697,1531697,,1732137,1776517,1801867,1812142,1891757,,1912167,1937095,1994567
上海,电信,1334197,1490698,1531698,,1732138,1776518,1801868,1812143,1891758,,1912168,1937096,1994568
上海,电信,1334198,1490699,1531699,,1732139,1776519,1801869,1812144,1891759,,1912169,1937097,1994569
上海,电信,1334199,1490700,1531700,,1732140,,1801880,1812145,1891760,,1912170,1937098,1994570
上海,电信,1334418,1490701,1531701,,1732141,,1801881,1812146,1891761,,1912171,1937099,1994571
上海,电信,1334419,1490702,1531702,,1732142,,1801882,1812147,1891762,,1912172,1937280,1994572
上海,电信,1336180,1490703,1531703,,1732143,,1801883,1812148,1891763,,1912173,1937281,1994573
上海,电信,1336181,1490704,1531704,,1732144,,1801884,1812149,1891764,,1912174,1937282,1994574
上海,电信,1336182,1490705,1531705,,1732145,,1801885,1814970,1891765,,1912175,1937283,1994575
上海,电信,1336183,1490706,1531706,,1732146,,1801886,1814971,1891766,,1912176,1937284,1994576
上海,电信,1336184,1490707,1531707,,1732147,,1801887,1814972,1891767,,1912177,1937285,1994577
上海,电信,1336185,1490708,1531708,,1732148,,1801888,1814973,1891768,,1912178,1937286,1994578
上海,电信,1336186,1490709,1531709,,1732149,,1801889,1814974,1891769,,1912179,1937287,1994579
上海,电信,1336187,1490710,1531710,,1734970,,1801900,1814975,1891770,,1912180,1937288,1994600
上海,电信,1336188,1490711,1531711,,1734971,,1801901,1814976,1891771,,1912181,1937289,1994601
上海,电信,1336189,1490712,1531712,,1734972,,1801902,1814977,1891772,,1912182,1937290,1994602
上海,电信,1336190,1490713,1531713,,1734973,,1801903,1814978,1891773,,1912183,1937291,1994603
上海,电信,1336191,1490714,1531714,,1734974,,1801904,1814979,1891774,,1912184,1937292,1994604
上海,电信,1336192,1490715,1531715,,1734975,,1801905,,1891775,,1912185,1937293,1994605
上海,电信,1336193,1490716,1531716,,1734976,,1801906,,1891776,,1912186,1937294,1994606
上海,电信,1336194,1490717,1531717,,1734977,,1801907,,1891777,,1912187,1937295,1994607
上海,电信,1336195,1490718,1531718,,1734978,,1801908,,1891778,,1912188,1937296,1994608
上海,电信,1336196,1490719,1531719,,1734979,,1801909,,1891779,,1912189,1937297,1994609
上海,电信,1336197,1490720,1531720,,1738888,,1801910,,1891780,,1912190,1937298,1994610
上海,电信,1336198,1490721,1531721,,1738889,,1801911,,1891781,,1912191,1937299,1994611
上海,电信,1336199,1490722,1531722,,,,1801912,,1891782,,1912192,1938400,1994612
上海,电信,1337000,1490723,1531723,,,,1801913,,1891783,,1912193,1938401,1994613
上海,电信,1337001,1490724,1531724,,,,1801914,,1891784,,1912194,1938402,1994614
上海,电信,1337002,1490725,1531725,,,,1801915,,1891785,,1912195,1938403,1994615
上海,电信,1337003,1490726,1531726,,,,1801916,,1891786,,1912196,1938404,1994616
上海,电信,1337004,1490727,1531727,,,,1801917,,1891787,,1912197,1938405,1994617
上海,电信,1337005,1490728,1531728,,,,1801918,,1891788,,1912198,1938406,1994618
上海,电信,1337006,1490729,1531729,,,,1801919,,1891789,,1912199,1938407,1994619
上海,电信,1337007,1490730,1531730,,,,1801920,,1891790,,1914540,1938408,1994620
上海,电信,1337008,1490731,1531731,,,,1801921,,1891791,,1914541,1938409,1994621
上海,电信,1337009,1490732,1531732,,,,1801922,,1891792,,1914542,1938410,1994622
上海,电信,1337020,1490733,1531733,,,,1801923,,1891793,,1914543,1938411,1994623
上海,电信,1337021,1490734,1531734,,,,1801924,,1891794,,1914544,1938412,1994624
上海,电信,1337022,1490735,1531735,,,,1801925,,1891795,,1914545,1938413,1994625
上海,电信,1337023,1490736,1531736,,,,1801926,,1891796,,1914546,1938414,1994626
上海,电信,1337024,1490737,1531737,,,,1801927,,1891797,,1914547,1938415,1994627
上海,电信,1337025,1490738,1531738,,,,1801928,,1891798,,1914548,1938416,1994628
上海,电信,1337026,1490739,1531739,,,,1801929,,1891799,,1914549,1938417,1994629
上海,电信,1337027,1490740,1531740,,,,1801930,,1891800,,1914550,1938418,
上海,电信,1337028,1490741,1531741,,,,1801931,,1891801,,1914551,1938419,
上海,电信,1337029,1490742,1531742,,,,1801932,,1891802,,1914552,1938420,
上海,电信,1337180,1490743,1531743,,,,1801933,,1891803,,1914553,1938421,
上海,电信,1337181,1490744,1531744,,,,1801934,,1891804,,1914554,1938422,
上海,电信,1337182,1490745,1531745,,,,1801935,,1891805,,1914555,1938423,
上海,电信,1337183,1490746,1531746,,,,1801936,,1891806,,1914556,1938424,
上海,电信,1337184,1490747,1531747,,,,1801937,,1891807,,1914557,1938425,
上海,电信,1337185,1490748,1531748,,,,1801938,,1891808,,1914558,1938426,
上海,电信,1337186,1490749,1531749,,,,1801939,,1891809,,1914559,1938427,
上海,电信,1337187,1490750,1531750,,,,1801940,,1891810,,1914560,1938428,
上海,电信,1337188,1490751,1531751,,,,1801941,,1891811,,1914561,1938429,
上海,电信,1337189,1490752,1531752,,,,1801942,,1891812,,1914562,,
上海,电信,1337190,1490753,1531753,,,,1801943,,1891813,,1914563,,
上海,电信,1337191,1490754,1531754,,,,1801944,,1891814,,1914564,,
上海,电信,1337192,1490755,1531755,,,,1801945,,1891815,,1914565,,
上海,电信,1337193,1490756,1531756,,,,1801946,,1891816,,1914566,,
上海,电信,1337194,1490757,1531757,,,,1801947,,1891817,,1914567,,
上海,电信,1337195,1490758,1531758,,,,1801948,,1891818,,1914568,,
上海,电信,1337196,1490759,1531759,,,,1801949,,1891819,,1914569,,
上海,电信,1337197,1490760,1531760,,,,1801970,,1891820,,1914570,,
上海,电信,1337198,1490761,1531761,,,,1801971,,1891821,,1914571,,
上海,电信,1337199,1490762,1531762,,,,1801972,,1891822,,1914572,,
上海,电信,1338150,1490763,1531763,,,,1801973,,1891823,,1914573,,
上海,电信,1338151,1490764,1531764,,,,1801974,,1891824,,1914574,,
上海,电信,1338152,1490765,1531765,,,,1801975,,1891825,,1914575,,
上海,电信,1338153,1490766,1531766,,,,1801976,,1891826,,1914576,,
上海,电信,1338154,1490767,1531767,,,,1801977,,1891827,,1914577,,
上海,电信,1338155,1490768,1531768,,,,1801978,,1891828,,1914578,,
上海,电信,1338156,1490769,1531769,,,,1801979,,1891829,,1914579,,
上海,电信,1338157,1490770,1531770,,,,1802100,,1891830,,1914580,,
上海,电信,1338158,1490771,1531771,,,,1802101,,1891831,,1914581,,
上海,电信,1338159,1490772,1531772,,,,1802102,,1891832,,1914582,,
上海,电信,1338160,1490773,1531773,,,,1802103,,1891833,,1914583,,
上海,电信,1338161,1490774,1531774,,,,1802104,,1891834,,1914584,,
上海,电信,1338162,1490775,1531775,,,,1802105,,1891835,,1914585,,
上海,电信,1338163,1490776,1531776,,,,1802106,,1891836,,1914586,,
上海,电信,1338164,1490777,1531777,,,,1802107,,1891837,,1914587,,
上海,电信,1338165,1490778,1531778,,,,1802108,,1891838,,1914588,,
上海,电信,1338166,1490779,1531779,,,,1802109,,1891839,,1914589,,
上海,电信,1338167,1490780,1531780,,,,1804970,,1891840,,,,
上海,电信,1338168,1490781,1531781,,,,1804971,,1891841,,,,
上海,电信,1338169,1490782,1531782,,,,1804972,,1891842,,,,
上海,电信,1338170,1490783,1531783,,,,1804973,,1891843,,,,
上海,电信,1338171,1490784,1531784,,,,1804974,,1891844,,,,
上海,电信,1338172,1490785,1531785,,,,1804975,,1891845,,,,
上海,电信,1338173,1490786,1531786,,,,1804976,,1891846,,,,
上海,电信,1338174,1490787,1531787,,,,1804977,,1891847,,,,
上海,电信,1338175,1490788,1531788,,,,1804978,,1891848,,,,
上海,电信,1338176,1490789,1531789,,,,1804979,,1891849,,,,
上海,电信,1338177,1490790,1531790,,,,1804980,,1891850,,,,
上海,电信,1338178,1490791,1531791,,,,1804981,,1891851,,,,
上海,电信,1338179,1490792,1531792,,,,1804982,,1891852,,,,
上海,电信,1338180,1490793,1531793,,,,1804983,,1891853,,,,
上海,电信,1338181,1490794,1531794,,,,1804984,,1891854,,,,
上海,电信,1338182,1490795,1531795,,,,1804985,,1891855,,,,
上海,电信,1338183,1490796,1531796,,,,1804986,,1891856,,,,
上海,电信,1338184,1490797,1531797,,,,1804987,,1891857,,,,
上海,电信,1338185,1490798,1531798,,,,1804988,,1891858,,,,
上海,电信,1338186,1490799,1531799,,,,1804989,,1891859,,,,
上海,电信,1338187,1490800,1533772,,,,1804990,,1891860,,,,
上海,电信,1338188,1490801,1534020,,,,1804991,,1891861,,,,
上海,电信,1338189,1490802,1534021,,,,1804992,,1891862,,,,
上海,电信,1338190,1490803,1534022,,,,1804993,,1891863,,,,
上海,电信,1338191,1490804,1534023,,,,1804994,,1891864,,,,
上海,电信,1338192,1490805,1534024,,,,1804995,,1891865,,,,
上海,电信,1338193,1490806,1534025,,,,1804996,,1891866,,,,
上海,电信,1338194,1490807,1534026,,,,1804997,,1891867,,,,
上海,电信,1338195,1490808,1534027,,,,1804998,,1891868,,,,
上海,电信,1338196,1490809,1534028,,,,1804999,,1891869,,,,
上海,电信,1338197,1490810,1534029,,,,,,1891870,,,,
上海,电信,1338198,1490811,,,,,,,1891871,,,,
上海,电信,1338199,1490812,,,,,,,1891872,,,,
上海,电信,1338600,1490813,,,,,,,1891873,,,,
上海,电信,1338601,1490814,,,,,,,1891874,,,,
上海,电信,1338602,1490815,,,,,,,1891875,,,,
上海,电信,1338603,1490816,,,,,,,1891876,,,,
上海,电信,1338604,1490817,,,,,,,1891877,,,,
上海,电信,1338605,1490818,,,,,,,1891878,,,,
上海,电信,1338606,1490819,,,,,,,1891879,,,,
上海,电信,1338607,1490820,,,,,,,1891880,,,,
上海,电信,1338608,1490821,,,,,,,1891881,,,,
上海,电信,1338609,1490822,,,,,,,1891882,,,,
上海,电信,1338610,1490823,,,,,,,1891883,,,,
上海,电信,1338611,1490824,,,,,,,1891884,,,,
上海,电信,1338612,1490825,,,,,,,1891885,,,,
上海,电信,1338613,1490826,,,,,,,1891886,,,,
上海,电信,1338614,1490827,,,,,,,1891887,,,,
上海,电信,1338615,1490828,,,,,,,1891888,,,,
上海,电信,1338616,1490829,,,,,,,1891889,,,,
上海,电信,1338617,1490830,,,,,,,1891890,,,,
上海,电信,1338618,1490831,,,,,,,1891891,,,,
上海,电信,1338619,1490832,,,,,,,1891892,,,,
上海,电信,1338620,1490833,,,,,,,1891893,,,,
上海,电信,1338621,1490834,,,,,,,1891894,,,,
上海,电信,1338622,1490835,,,,,,,1891895,,,,
上海,电信,1338623,1490836,,,,,,,1891896,,,,
上海,电信,1338624,1490837,,,,,,,1891897,,,,
上海,电信,1338625,1490838,,,,,,,1891898,,,,
上海,电信,1338626,1490839,,,,,,,1891899,,,,
上海,电信,1338627,1490840,,,,,,,1893000,,,,
上海,电信,1338628,1490841,,,,,,,1893001,,,,
上海,电信,1338629,1490842,,,,,,,1893002,,,,
上海,电信,1339100,1490843,,,,,,,1893003,,,,
上海,电信,1339101,1490844,,,,,,,1893004,,,,
上海,电信,1339102,1490845,,,,,,,1893005,,,,
上海,电信,1339103,1490846,,,,,,,1893006,,,,
上海,电信,1339104,1490847,,,,,,,1893007,,,,
上海,电信,1339105,1490848,,,,,,,1893008,,,,
上海,电信,1339106,1490849,,,,,,,1893009,,,,
上海,电信,1339107,1490850,,,,,,,1893010,,,,
上海,电信,1339108,1490851,,,,,,,1893011,,,,
上海,电信,1339109,1490852,,,,,,,1893012,,,,
上海,电信,1339110,1490853,,,,,,,1893013,,,,
上海,电信,1339111,1490854,,,,,,,1893014,,,,
上海,电信,1339112,1490855,,,,,,,1893015,,,,
上海,电信,1339113,1490856,,,,,,,1893016,,,,
上海,电信,1339114,1490857,,,,,,,1893017,,,,
上海,电信,1339115,1490858,,,,,,,1893018,,,,
上海,电信,1339116,1490859,,,,,,,1893019,,,,
上海,电信,1339117,1490860,,,,,,,1893020,,,,
上海,电信,1339118,1490861,,,,,,,1893021,,,,
上海,电信,1339119,1490862,,,,,,,1893022,,,,
上海,电信,1339120,1490863,,,,,,,1893023,,,,
上海,电信,1339121,1490864,,,,,,,1893024,,,,
上海,电信,1339122,1490865,,,,,,,1893025,,,,
上海,电信,1339123,1490866,,,,,,,1893026,,,,
上海,电信,1339124,1490867,,,,,,,1893027,,,,
上海,电信,1339125,1490868,,,,,,,1893028,,,,
上海,电信,1339126,1490869,,,,,,,1893029,,,,
上海,电信,1339127,1490870,,,,,,,1893030,,,,
上海,电信,1339128,1490871,,,,,,,1893031,,,,
上海,电信,1339129,1490872,,,,,,,1893032,,,,
上海,电信,1339130,1490873,,,,,,,1893033,,,,
上海,电信,1339131,1490874,,,,,,,1893034,,,,
上海,电信,1339132,1490875,,,,,,,1893035,,,,
上海,电信,1339133,1490876,,,,,,,1893036,,,,
上海,电信,1339134,1490877,,,,,,,1893037,,,,
上海,电信,1339135,1490878,,,,,,,1893038,,,,
上海,电信,1339136,1490879,,,,,,,1893039,,,,
上海,电信,1339137,1490880,,,,,,,1893040,,,,
上海,电信,1339138,1490881,,,,,,,1893041,,,,
上海,电信,1339139,1490882,,,,,,,1893042,,,,
上海,电信,1339140,1490883,,,,,,,1893043,,,,
上海,电信,1339141,1490884,,,,,,,1893044,,,,
上海,电信,1339142,1490885,,,,,,,1893045,,,,
上海,电信,1339143,1490886,,,,,,,1893046,,,,
上海,电信,1339144,1490887,,,,,,,1893047,,,,
上海,电信,1339145,1490888,,,,,,,1893048,,,,
上海,电信,1339146,1490889,,,,,,,1893049,,,,
上海,电信,1339147,1490890,,,,,,,1893050,,,,
上海,电信,1339148,1490891,,,,,,,1893051,,,,
上海,电信,1339149,1490892,,,,,,,1893052,,,,
上海,电信,,1490893,,,,,,,1893053,,,,
上海,电信,,1490894,,,,,,,1893054,,,,
上海,电信,,1490895,,,,,,,1893055,,,,
上海,电信,,1490896,,,,,,,1893056,,,,
上海,电信,,1490897,,,,,,,1893057,,,,
上海,电信,,1490898,,,,,,,1893058,,,,
上海,电信,,1490899,,,,,,,1893059,,,,
上海,电信,,1490900,,,,,,,1893060,,,,
上海,电信,,1490901,,,,,,,1893061,,,,
上海,电信,,1490902,,,,,,,1893062,,,,
上海,电信,,1490903,,,,,,,1893063,,,,
上海,电信,,1490904,,,,,,,1893064,,,,
上海,电信,,1490905,,,,,,,1893065,,,,
上海,电信,,1490906,,,,,,,1893066,,,,
上海,电信,,1490907,,,,,,,1893067,,,,
上海,电信,,1490908,,,,,,,1893068,,,,
上海,电信,,1490909,,,,,,,1893069,,,,
上海,电信,,1490910,,,,,,,1893070,,,,
上海,电信,,1490911,,,,,,,1893071,,,,
上海,电信,,1490912,,,,,,,1893072,,,,
上海,电信,,1490913,,,,,,,1893073,,,,
上海,电信,,1490914,,,,,,,1893074,,,,
上海,电信,,1490915,,,,,,,1893075,,,,
上海,电信,,1490916,,,,,,,1893076,,,,
上海,电信,,1490917,,,,,,,1893077,,,,
上海,电信,,1490918,,,,,,,1893078,,,,
上海,电信,,1490919,,,,,,,1893079,,,,
上海,电信,,1490920,,,,,,,1893080,,,,
上海,电信,,1490921,,,,,,,1893081,,,,
上海,电信,,1490922,,,,,,,1893082,,,,
上海,电信,,1490923,,,,,,,1893083,,,,
上海,电信,,1490924,,,,,,,1893084,,,,
上海,电信,,1490925,,,,,,,1893085,,,,
上海,电信,,1490926,,,,,,,1893086,,,,
上海,电信,,1490927,,,,,,,1893087,,,,
上海,电信,,1490928,,,,,,,1893088,,,,
上海,电信,,1490929,,,,,,,1893089,,,,
上海,电信,,1490930,,,,,,,1893090,,,,
上海,电信,,1490931,,,,,,,1893091,,,,
上海,电信,,1490932,,,,,,,1893092,,,,
上海,电信,,1490933,,,,,,,1893093,,,,
上海,电信,,1490934,,,,,,,1893094,,,,
上海,电信,,1490935,,,,,,,1893095,,,,
上海,电信,,1490936,,,,,,,1893096,,,,
上海,电信,,1490937,,,,,,,1893097,,,,
上海,电信,,1490938,,,,,,,1893098,,,,
上海,电信,,1490939,,,,,,,1893099,,,,
上海,电信,,1490940,,,,,,,1893970,,,,
上海,电信,,1490941,,,,,,,1893971,,,,
上海,电信,,1490942,,,,,,,1893972,,,,
上海,电信,,1490943,,,,,,,1893973,,,,
上海,电信,,1490944,,,,,,,1893974,,,,
上海,电信,,1490945,,,,,,,1893975,,,,
上海,电信,,1490946,,,,,,,1893976,,,,
上海,电信,,1490947,,,,,,,1893977,,,,
上海,电信,,1490948,,,,,,,1893978,,,,
上海,电信,,1490949,,,,,,,1893979,,,,
上海,电信,,1490950,,,,,,,1893980,,,,
上海,电信,,1490951,,,,,,,1893981,,,,
上海,电信,,1490952,,,,,,,1893982,,,,
上海,电信,,1490953,,,,,,,1893983,,,,
上海,电信,,1490954,,,,,,,1893984,,,,
上海,电信,,1490955,,,,,,,1893985,,,,
上海,电信,,1490956,,,,,,,1893986,,,,
上海,电信,,1490957,,,,,,,1893987,,,,
上海,电信,,1490958,,,,,,,1893988,,,,
上海,电信,,1490959,,,,,,,1893989,,,,
上海,电信,,1490960,,,,,,,1893990,,,,
上海,电信,,1490961,,,,,,,1893991,,,,
上海,电信,,1490962,,,,,,,1893992,,,,
上海,电信,,1490963,,,,,,,1893993,,,,
上海,电信,,1490964,,,,,,,1893994,,,,
上海,电信,,1490965,,,,,,,1893995,,,,
上海,电信,,1490966,,,,,,,1893996,,,,
上海,电信,,1490967,,,,,,,1893997,,,,
上海,电信,,1490968,,,,,,,1893998,,,,
上海,电信,,1490969,,,,,,,1893999,,,,
上海,电信,,1490970,,,,,,,1896400,,,,
上海,电信,,1490971,,,,,,,1896401,,,,
上海,电信,,1490972,,,,,,,1896402,,,,
上海,电信,,1490973,,,,,,,1896403,,,,
上海,电信,,1490974,,,,,,,1896404,,,,
上海,电信,,1490975,,,,,,,1896405,,,,
上海,电信,,1490976,,,,,,,1896406,,,,
上海,电信,,1490977,,,,,,,1896407,,,,
上海,电信,,1490978,,,,,,,1896408,,,,
上海,电信,,1490979,,,,,,,1896409,,,,
上海,电信,,1490980,,,,,,,1896410,,,,
上海,电信,,1490981,,,,,,,1896411,,,,
上海,电信,,1490982,,,,,,,1896412,,,,
上海,电信,,1490983,,,,,,,1896413,,,,
上海,电信,,1490984,,,,,,,1896414,,,,
上海,电信,,1490985,,,,,,,1896415,,,,
上海,电信,,1490986,,,,,,,1896416,,,,
上海,电信,,1490987,,,,,,,1896417,,,,
上海,电信,,1490988,,,,,,,1896418,,,,
上海,电信,,1490989,,,,,,,1896419,,,,
上海,电信,,1490990,,,,,,,1896420,,,,
上海,电信,,1490991,,,,,,,1896421,,,,
上海,电信,,1490992,,,,,,,1896422,,,,
上海,电信,,1490993,,,,,,,1896423,,,,
上海,电信,,1490994,,,,,,,1896424,,,,
上海,电信,,1490995,,,,,,,1896425,,,,
上海,电信,,1490996,,,,,,,1896426,,,,
上海,电信,,1490997,,,,,,,1896427,,,,
上海,电信,,1490998,,,,,,,1896428,,,,
上海,电信,,1490999,,,,,,,1896429,,,,
上海,电信,,1491000,,,,,,,1896430,,,,
上海,电信,,1491001,,,,,,,1896431,,,,
上海,电信,,1491002,,,,,,,1896432,,,,
上海,电信,,1491003,,,,,,,1896433,,,,
上海,电信,,1491004,,,,,,,1896434,,,,
上海,电信,,1491005,,,,,,,1896435,,,,
上海,电信,,1491006,,,,,,,1896436,,,,
上海,电信,,1491007,,,,,,,1896437,,,,
上海,电信,,1491008,,,,,,,1896438,,,,
上海,电信,,1491009,,,,,,,1896439,,,,
上海,电信,,1491010,,,,,,,1896440,,,,
上海,电信,,1491011,,,,,,,1896441,,,,
上海,电信,,1491012,,,,,,,1896442,,,,
上海,电信,,1491013,,,,,,,1896443,,,,
上海,电信,,1491014,,,,,,,1896444,,,,
上海,电信,,1491015,,,,,,,1896445,,,,
上海,电信,,1491016,,,,,,,1896446,,,,
上海,电信,,1491017,,,,,,,1896447,,,,
上海,电信,,1491018,,,,,,,1896448,,,,
上海,电信,,1491019,,,,,,,1896449,,,,
上海,电信,,1491020,,,,,,,1896450,,,,
上海,电信,,1491021,,,,,,,1896451,,,,
上海,电信,,1491022,,,,,,,1896452,,,,
上海,电信,,1491023,,,,,,,1896453,,,,
上海,电信,,1491024,,,,,,,1896454,,,,
上海,电信,,1491025,,,,,,,1896455,,,,
上海,电信,,1491026,,,,,,,1896456,,,,
上海,电信,,1491027,,,,,,,1896457,,,,
上海,电信,,1491028,,,,,,,1896458,,,,
上海,电信,,1491029,,,,,,,1896459,,,,
上海,电信,,1491030,,,,,,,1896460,,,,
上海,电信,,1491031,,,,,,,1896461,,,,
上海,电信,,1491032,,,,,,,1896462,,,,
上海,电信,,1491033,,,,,,,1896463,,,,
上海,电信,,1491034,,,,,,,1896464,,,,
上海,电信,,1491035,,,,,,,1896465,,,,
上海,电信,,1491036,,,,,,,1896466,,,,
上海,电信,,1491037,,,,,,,1896467,,,,
上海,电信,,1491038,,,,,,,1896468,,,,
上海,电信,,1491039,,,,,,,1896469,,,,
上海,电信,,1491040,,,,,,,1896470,,,,
上海,电信,,1491041,,,,,,,1896471,,,,
上海,电信,,1491042,,,,,,,1896472,,,,
上海,电信,,1491043,,,,,,,1896473,,,,
上海,电信,,1491044,,,,,,,1896474,,,,
上海,电信,,1491045,,,,,,,1896475,,,,
上海,电信,,1491046,,,,,,,1896476,,,,
上海,电信,,1491047,,,,,,,1896477,,,,
上海,电信,,1491048,,,,,,,1896478,,,,
上海,电信,,1491049,,,,,,,1896479,,,,
上海,电信,,1491150,,,,,,,1896480,,,,
上海,电信,,1491151,,,,,,,1896481,,,,
上海,电信,,1491152,,,,,,,1896482,,,,
上海,电信,,1491153,,,,,,,1896483,,,,
上海,电信,,1491154,,,,,,,1896484,,,,
上海,电信,,1491155,,,,,,,1896485,,,,
上海,电信,,1491156,,,,,,,1896486,,,,
上海,电信,,1491157,,,,,,,1896487,,,,
上海,电信,,1491158,,,,,,,1896488,,,,
上海,电信,,1491159,,,,,,,1896489,,,,
上海,电信,,1491160,,,,,,,1896490,,,,
上海,电信,,1491161,,,,,,,1896491,,,,
上海,电信,,1491162,,,,,,,1896492,,,,
上海,电信,,1491163,,,,,,,1896493,,,,
上海,电信,,1491164,,,,,,,1896494,,,,
上海,电信,,1491165,,,,,,,1896495,,,,
上海,电信,,1491166,,,,,,,1896496,,,,
上海,电信,,1491167,,,,,,,1896497,,,,
上海,电信,,1491168,,,,,,,1896498,,,,
上海,电信,,1491169,,,,,,,1896499,,,,
上海,电信,,1491170,,,,,,,,,,,
上海,电信,,1491171,,,,,,,,,,,
上海,电信,,1491172,,,,,,,,,,,
上海,电信,,1491173,,,,,,,,,,,
上海,电信,,1491174,,,,,,,,,,,
上海,电信,,1491175,,,,,,,,,,,
上海,电信,,1491176,,,,,,,,,,,
上海,电信,,1491177,,,,,,,,,,,
上海,电信,,1491178,,,,,,,,,,,
上海,电信,,1491179,,,,,,,,,,,
上海,电信,,1491180,,,,,,,,,,,
上海,电信,,1491181,,,,,,,,,,,
上海,电信,,1491182,,,,,,,,,,,
上海,电信,,1491183,,,,,,,,,,,
上海,电信,,1491184,,,,,,,,,,,
上海,电信,,1491185,,,,,,,,,,,
上海,电信,,1491186,,,,,,,,,,,
上海,电信,,1491187,,,,,,,,,,,
上海,电信,,1491188,,,,,,,,,,,
上海,电信,,1491189,,,,,,,,,,,
上海,电信,,1491190,,,,,,,,,,,
上海,电信,,1491191,,,,,,,,,,,
上海,电信,,1491192,,,,,,,,,,,
上海,电信,,1491193,,,,,,,,,,,
上海,电信,,1491194,,,,,,,,,,,
上海,电信,,1491195,,,,,,,,,,,
上海,电信,,1491196,,,,,,,,,,,
上海,电信,,1491197,,,,,,,,,,,
上海,电信,,1491198,,,,,,,,,,,
上海,电信,,1491199,,,,,,,,,,,
