省份,运营商,134 号段,135 号段,136 号段,137 号段,138 号段,139 号段,147 号段,148 号段,150 号段,151 号段,152 号段,157 号段,158 号段,159 号段,165 号段,170 号段,172 号段,178 号段,183 号段,184 号段,187 号段,188 号段,195 号段,197 号段,198 号段
上海,移动,1340200,1350160,1360160,1370160,1380021,1390013,1470210,1480100,1500000,1510210,1520170,1570180,1580030,1590040,1650021,1700005,1720118,1780000,1830170,1840210,1870170,1880020,1950210,1971021,1980210
上海,移动,1340201,1350161,1360161,1370161,1380160,1390014,1470211,1480101,1500001,1510211,1520171,1570181,1580031,1590041,1650146,1700006,1720119,1780001,1830171,1840211,1870171,1880021,1950211,1972021,1980211
上海,移动,1340202,1350162,1360162,1370162,1380161,1390016,1470212,1480102,1500002,1510212,1520172,1570182,1580032,1590042,1650210,1700007,1720480,1780002,1830172,1840212,1870172,1880022,1950212,1972336,1980212
上海,移动,1340203,1350163,1360163,1370163,1380162,1390017,1470213,1480103,1500003,1510213,1520173,1570183,1580033,1590043,1650212,1700008,1720481,1780003,1830173,1840213,1870173,1880023,1950213,1972337,1980213
上海,移动,1340204,1350164,1360164,1370164,1380163,1390018,1470214,1480104,1500004,1510214,1520174,1570184,1580034,1590044,1650213,1700009,1720484,1780004,1830174,1840214,1870174,1880024,1950214,1972338,1980214
上海,移动,1340205,1350165,1360165,1370165,1380164,1390019,1470215,1480105,1500005,1510215,1520175,1570185,1580035,1590045,1650214,1700160,1720485,1780005,1830175,1840215,1870175,1880025,1950215,1972339,1980215
上海,移动,1340206,1350166,1360166,1370166,1380165,1390160,1470216,1480106,1500006,1510216,1520176,1570186,1580036,1590046,1650215,1700161,1720487,1780006,1830176,1840216,1870176,1880026,1950216,1972720,1980216
上海,移动,1340207,1350167,1360167,1370167,1380166,1390161,1470217,1480107,1500007,1510217,1520177,1570187,1580037,1590047,1650216,1700162,1720489,1780007,1830177,1840217,1870177,1880027,1950217,1972721,1980217
上海,移动,1340208,1350168,1360168,1370168,1380167,1390162,1470218,1480108,1500008,1510218,1520178,1570188,1580038,1590048,1650217,1700163,1720490,1780008,1830178,1840218,1870178,1880028,1950218,1972840,1980218
上海,移动,1340209,1350169,1360169,1370169,1380168,1390163,1470219,1480109,1500009,1510219,1520179,1570189,1580039,1590049,1650218,1700164,1720491,1780009,1830179,1840219,1870179,1880029,1950219,1972841,1980219
上海,移动,1340210,1350170,1360170,1370170,1380169,1390164,1472100,1480110,1500010,1512100,1520180,1570210,1580040,1590050,1650219,1700165,1720492,1780210,1830180,1840800,1870180,1880030,1951200,1972842,1980400
上海,移动,1340211,1350171,1360171,1370171,1380170,1390165,1472101,1480111,1500011,1512101,1520181,1570211,1580041,1590051,1650506,1700166,1720493,1780211,1830181,1840801,1870181,1880031,1951201,1972843,1980401
上海,移动,1340212,1350172,1360172,1370172,1380171,1390166,1472102,1480112,1500012,1512102,1520182,1570212,1580042,1590052,1650508,1700167,1720494,1780212,1830182,1840802,1870182,1880032,1951202,1972844,1980402
上海,移动,1340213,1350173,1360173,1370173,1380172,1390167,1472103,1480113,1500013,1512103,1520183,1570213,1580043,1590053,1650509,1700168,1720495,1780213,1830183,1840803,1870183,1880033,1951203,1972845,1980403
上海,移动,1340214,1350174,1360174,1370174,1380173,1390168,1472104,1480114,1500014,1512104,1520184,1570214,1580044,1590054,1650620,1700169,1720496,1780214,1830184,1840804,1870184,1880034,1951204,1972846,1980404
上海,移动,1340215,1350175,1360175,1370175,1380174,1390169,1472105,1480200,1500015,1512105,1520185,1570215,1580045,1590055,1650621,1700170,1720497,1780215,1830185,1840805,1870185,1880035,1951205,1972847,1980405
上海,移动,1340216,1350176,1360176,1370176,1380175,1390170,1472106,1480201,1500016,1512106,1520186,1570216,1580046,1590056,1650623,1700171,1720498,1780216,1830186,1840806,1870186,1880036,1951206,1972848,1980406
上海,移动,1340217,1350177,1360177,1370177,1380176,1390171,1472107,1480202,1500017,1512107,1520187,1570217,1580047,1590057,1650642,1700172,1720940,1780217,1830187,1840807,1870187,1880037,1951207,1972849,1980407
上海,移动,1340218,1350178,1360178,1370178,1380177,1390172,1472108,1480203,1500018,1512108,1520188,1570218,1580048,1590058,1650921,1700173,1720942,1780218,1830188,1840808,1870188,1880038,1951208,1972953,1980408
上海,移动,1340219,1350179,1360179,1370179,1380178,1390173,1472109,1480204,1500019,1512109,1520189,1570219,1580049,1590059,1651021,1700174,1720944,1780219,1830189,1840809,1870189,1880039,1951209,1972955,1980409
上海,移动,1344032,1350180,1360180,1370180,1380179,1390174,1472110,1480205,1500020,1512110,1520190,1571010,1580050,1590060,1651032,1700175,1720945,1780740,1830190,1841214,1870190,1880160,1951210,1972956,1981563
上海,移动,1344033,1350181,1360181,1370181,1380180,1390175,1472111,1480206,1500021,1512111,1520191,1571011,1580051,1590061,1651038,1700176,1720946,1780741,1830191,1841240,1870191,1880161,1951211,1972957,1982100
上海,移动,1344034,1350182,1360182,1370182,1380181,1390176,1472112,1480207,1500022,1512112,1520192,1571012,1580052,1590062,1651116,1700177,1720947,1780742,1830192,1841241,1870192,1880162,1951212,1972958,1982101
上海,移动,1344035,1350183,1360183,1370183,1380182,1390177,1472113,1480208,1500023,1512113,1520193,1571013,1580053,1590063,1651221,1700178,1720948,1780743,1830193,1841248,1870193,1880163,1951213,1972959,1982102
上海,移动,1344036,1350184,1360184,1370184,1380183,1390178,1472114,1480209,1500024,1512114,1520194,1571014,1580054,1590064,1651821,1700179,1720949,1780744,1830194,1841249,1870194,1880164,1951214,1972960,1982103
上海,移动,1344037,1350185,1360185,1370185,1380184,1390179,1472115,1480210,1500025,1512115,1520195,1571015,1580055,1590065,1651906,1700182,1721200,1780745,1830195,1841254,1870195,1880165,1951215,1972961,1982104
上海,移动,1344043,1350186,1360186,1370186,1380185,1390180,1472116,1480211,1500026,1512116,1520196,1571016,1580056,1590066,1651908,1700183,1721201,1780746,1830196,1841264,1870196,1880166,1951216,1972962,1982105
上海,移动,1344044,1350187,1360187,1370187,1380186,1390181,1472117,1480212,1500027,1512117,1520197,1571017,1580057,1590067,1651909,1700184,1721202,1780747,1830197,1841274,1870197,1880167,1951217,1972963,1982106
上海,移动,1344045,1350188,1360188,1370188,1380187,1390182,1472118,1480213,1500028,1512118,1520198,1571018,1580058,1590068,1652021,1700185,1721203,1780748,1830198,1841284,1870198,1880168,1951218,1972965,1982107
上海,移动,1344046,1350189,1360189,1370189,1380188,1390183,1472119,1480214,1500029,1512119,1520199,1571019,1580059,1590069,1652113,1700210,1721204,1780749,1830199,1841294,1870199,1880169,1951219,1972966,1982108
上海,移动,1344047,1350190,1360190,1370190,1380189,1390184,1472120,1480215,1500030,,1520210,1571160,1580060,1590070,1652177,1700211,1721205,1780750,1830210,1841304,1870210,1880170,1951220,1972967,1982109
上海,移动,1344048,1350191,1360191,1370191,1380190,1390185,1472121,1480216,1500031,,1520211,1571161,1580061,1590071,1652213,1700212,1721206,1780751,1830211,1842072,1870211,1880171,1951221,1972968,1982110
上海,移动,1344049,1350192,1360192,1370192,1380191,1390186,1472122,1480217,1500032,,1520212,1571162,1580062,1590072,1652622,1700213,1721207,1780752,1830212,1842083,1870212,1880172,1951222,1972969,1982111
上海,移动,1344050,1350193,1360193,1370193,1380192,1390187,1472123,1480218,1500033,,1520213,1571163,1580063,1590073,1652888,1700214,1721208,1780753,1830213,1842100,1870213,1880173,1951223,1972970,1982112
上海,移动,1344051,1350194,1360194,1370194,1380193,1390188,1472124,1480219,1500034,,1520214,1571164,1580064,1590074,1653908,1700215,1721209,1780754,1830214,1842101,1870214,1880174,1951224,1972971,1982113
上海,移动,1344052,1350195,1360195,1370195,1380194,1390189,1472125,1480220,1500035,,1520215,1571165,1580065,1590075,1654005,1700216,1721210,1780755,1830215,1842102,1870215,1880175,1951225,1972972,1982114
上海,移动,1344053,1350196,1360196,1370196,1380195,1390190,1472126,1480221,1500036,,1520216,1571166,1580066,1590076,1654021,1700217,1721211,1780756,1830216,1842103,1870216,1880176,1951226,1972973,1982115
上海,移动,1344058,1350197,1360197,1370197,1380196,1390191,1472127,1480222,1500037,,1520217,1571167,1580067,1590077,1654023,1700218,1721212,1780757,1830217,1842104,1870217,1880177,1951227,1972975,1982116
上海,移动,1344059,1350198,1360198,1370198,1380197,1390192,1472128,1480223,1500038,,1520218,1571168,1580068,1590078,1654024,1700219,1721213,1780758,1830218,1842105,1870218,1880178,1951228,1972976,1982117
上海,移动,1344060,1350199,1360199,1370199,1380198,1390193,1472129,1480224,1500039,,1520219,1571169,1580069,1590079,1654044,1700461,1721214,1780759,1830219,1842106,1870219,1880179,1951229,1972993,1982118
上海,移动,1344064,1351210,1361160,1374017,1380199,1390194,1472180,1480225,1500040,,1521430,1572100,1580070,1590080,1654050,1700462,1721215,1781180,1831700,1842107,1871770,1880180,1951230,1972994,1982119
上海,移动,1344073,1351211,1361161,1376100,1381600,1390195,1472181,1480226,1500041,,1521431,1572101,1580071,1590081,1654500,1700463,1721216,1781181,1831701,1842108,1871771,1880181,1951231,1974930,1982120
上海,移动,1344074,1351212,1361162,1376101,1381601,1390196,1472182,1480227,1500042,,1521432,1572102,1580072,1590082,1654508,1700464,1721217,1781182,1831702,1842109,1871772,1880182,1951232,1974931,1982121
上海,移动,1344075,1351213,1361163,1376102,1381602,1390197,1472183,1480228,1500043,,1521433,1572103,1580073,1590083,1655032,1700490,1721218,1781183,1831703,1842110,1871773,1880183,1951233,1974932,1982122
上海,移动,1344076,1351214,1361164,1376103,1381603,1390198,1472184,1480229,1500044,,1521434,1572104,1580074,1590084,1655035,1700491,1721219,1781184,1831704,1842111,1871774,1880184,1951234,1974933,1982123
上海,移动,1344080,1351215,1361165,1376104,1381604,1390199,1472185,1480230,1500045,,1521435,1572105,1580075,1590085,1655039,1700492,1721220,1781185,1831705,1842112,1871775,1880185,1951235,1974934,1982124
上海,移动,1344081,1351216,1361166,1376105,1381605,1391600,1472186,1480231,1500046,,1521436,1572106,1580076,1590086,1655062,1701170,1721221,1781186,1831706,1842113,1871776,1880186,1951236,1974935,1982125
上海,移动,1344082,1351217,1361167,1376106,1381606,1391601,1472187,1480232,1500047,,1521437,1572107,1580077,1590087,1656021,1701171,1721222,1781187,1831707,1842114,1871777,1880187,1951237,1974936,1982126
上海,移动,1344085,1351218,1361168,1376107,1381607,1391602,1472188,1480233,1500048,,1521438,1572108,1580078,1590088,1656121,1701172,1721223,1781188,1831708,1842115,1871778,1880188,1951238,1974937,1982127
上海,移动,1344086,1351219,1361169,1376108,1381608,1391603,1472189,1480234,1500049,,1521439,1572109,1580079,1590089,1656142,1701173,1721224,1781189,1831709,1842116,1871779,1880189,1951239,1974938,1982128
上海,移动,1344087,1352400,1361170,1376109,1381609,1391604,1472190,1480235,1500050,,1521660,1572110,1580080,1590090,1656144,1701174,1721225,1781190,1831710,1842117,1871780,1880190,1951240,1974939,1982129
上海,移动,1344088,1352401,1361171,1376110,1381610,1391605,1472191,1480236,1500051,,1521661,1572111,1580081,1590091,1656191,1701175,1721226,1781191,1831711,1842118,1871781,1880191,1951241,1974940,1982130
上海,移动,1344089,1352402,1361172,1376111,1381611,1391606,1472192,1480237,1500052,,1521662,1572112,1580082,1590092,1656211,1701176,1721227,1781192,1831712,1842119,1871782,1880192,1951242,1974941,1982131
上海,移动,1344090,1352403,1361173,1376112,1381612,1391607,1472193,1480238,1500053,,1521663,1572113,1580083,1590093,1656362,1701177,1721228,1781193,1831713,1842120,1871783,1880193,1951243,1974942,1982132
上海,移动,1344091,1352404,1361174,1376113,1381613,1391608,1472194,1480239,1500054,,1521664,1572114,1580084,1590094,1656402,1701178,1721229,1781194,1831714,1842121,1871784,1880194,1951244,1974943,1982133
上海,移动,1344092,1352405,1361175,1376114,1381614,1391609,1472195,1480240,1500055,,1521665,1572115,1580085,1590095,1656777,1701179,1721230,1781195,1831715,1842122,1871785,1880195,1951245,1974944,1982134
上海,移动,1344094,1352406,1361176,1376115,1381615,1391610,1472196,1480241,1500056,,1521666,1572116,1580086,1590096,1657629,1701180,1721231,1781196,1831716,1842123,1871786,1880196,1951246,1974945,1982135
上海,移动,1344096,1352407,1361177,1376116,1381616,1391611,1472197,1480242,1500057,,1521667,1572117,1580087,1590097,1657701,1701181,1721232,1781197,1831717,1842124,1871787,1880197,1951247,1974946,1982136
上海,移动,1344097,1352408,1361178,1376117,1381617,1391612,1472198,1480243,1500058,,1521668,1572118,1580088,1590098,1657852,1701182,1721233,1781198,1831718,1842125,1871788,1880198,1951248,1974947,1982137
上海,移动,1344098,1352409,1361179,1376118,1381618,1391613,1472199,1480244,1500059,,1521669,1572119,1580089,1590099,1658216,1701183,1721234,1781199,1831719,1842126,1871789,1880199,1951249,1974948,1982138
上海,移动,1344100,1352410,1361180,1376119,1381619,1391614,1476420,1480245,1500060,,1521670,1572120,1580090,1590160,1658219,1701184,1721235,1782100,1832100,1842127,1871790,1880210,1951250,1974949,1982139
上海,移动,1344101,1352411,1361181,1376120,1381620,1391615,1476421,1480246,1500061,,1521671,1572121,1580091,1590161,1658220,1701185,1721236,1782101,1832101,1842128,1871791,1880211,1951251,,1982140
上海,移动,1344102,1352412,1361182,1376121,1381621,1391616,1476422,1480247,1500062,,1521672,1572122,1580092,1590162,1658221,1701186,1721237,1782102,1832102,1842129,1871792,1880212,1951252,,1982141
上海,移动,1344103,1352413,1361183,1376122,1381622,1391617,1476423,1480248,1500063,,1521673,1572123,1580093,1590163,1658223,1701187,1721238,1782103,1832103,1842130,1871793,1880213,1951253,,1982142
上海,移动,1344104,1352414,1361184,1376123,1381623,1391618,1476424,1480249,1500064,,1521674,1572124,1580094,1590164,1658230,1701188,1721239,1782104,1832104,1842131,1871794,1880214,1951254,,1982143
上海,移动,1344105,1352415,1361185,1376124,1381624,1391619,1476425,1480250,1500065,,1521675,1572125,1580095,1590165,1658288,1701189,1721240,1782105,1832105,1842132,1871795,1880215,1951255,,1982144
上海,移动,1344106,1352416,1361186,1376125,1381625,1391620,1476426,1480251,1500066,,1521676,1572126,1580096,1590166,1658321,1701190,1721241,1782106,1832106,1842133,1871796,1880216,1951256,,1982145
上海,移动,1344107,1352417,1361187,1376126,1381626,1391621,1476427,1480252,1500067,,1521677,1572127,1580097,1590167,1658485,1701191,1721242,1782107,1832107,1842134,1871797,1880217,1951257,,1982146
上海,移动,1344108,1352418,1361188,1376127,1381627,1391622,1476428,1480253,1500068,,1521678,1572128,1580098,1590168,1658895,1701192,1721243,1782108,1832108,1842135,1871798,1880218,1951258,,1982147
上海,移动,1344109,1352419,1361189,1376128,1381628,1391623,1476429,1480254,1500069,,1521679,1572129,1580099,1590169,1659006,1701193,1721244,1782109,1832109,1842136,1871799,1880219,1951259,,1982148
上海,移动,1344110,1352420,1361190,1376129,1381629,1391624,1476430,1480255,1500070,,1521680,1572130,1580170,1590170,1659009,1701194,1721245,1782110,1832110,1842137,1872100,1881650,1951460,,1982149
上海,移动,1344111,1352421,1361191,1376130,1381630,1391625,1476431,1480256,1500071,,1521681,1572131,1580171,1590171,1659064,1701195,1721246,1782111,1832111,1842138,1872101,1881651,1951461,,1982150
上海,移动,1344112,1352422,1361192,1376131,1381631,1391626,1476432,1480257,1500072,,1521682,1572132,1580172,1590172,1659465,1701196,1721247,1782112,1832112,1842139,1872102,1881652,1951462,,1982151
上海,移动,1344113,1352423,1361193,1376132,1381632,1391627,1476433,1480258,1500073,,1521683,1572133,1580173,1590173,1659489,1701197,1721248,1782113,1832113,1842140,1872103,1881653,1951463,,1982152
上海,移动,1344114,1352424,1361194,1376133,1381633,1391628,1476434,1480259,1500074,,1521684,1572134,1580174,1590174,1659494,1701198,1721249,1782114,1832114,1842141,1872104,1881654,1951464,,1982153
上海,移动,1344116,1352425,1361195,1376134,1381634,1391629,1476506,1480260,1500075,,1521685,1572135,1580175,1590175,1659876,1701199,1721250,1782115,1832115,1842142,1872105,1881655,1951465,,1982154
上海,移动,1344117,1352426,1361196,1376135,1381635,1391630,1476507,1480261,1500076,,1521686,1572136,1580176,1590176,,1702100,1721251,1782116,1832116,1842143,1872106,1881656,1951466,,1982155
上海,移动,1344118,1352427,1361197,1376136,1381636,1391631,1476600,1480262,1500077,,1521687,1572137,1580177,1590177,,1702101,1721252,1782117,1832117,1842144,1872107,1881657,1951467,,1982156
上海,移动,1344119,1352428,1361198,1376137,1381637,1391632,1476601,1480263,1500078,,1521688,1572138,1580178,1590178,,1702102,1721253,1782118,1832118,1842145,1872108,1881658,1951468,,1982157
上海,移动,1344122,1352429,1361199,1376138,1381638,1391633,1476602,1480264,1500079,,1521689,1572139,1580179,1590179,,1702103,1721254,1782119,1832119,1842146,1872109,1881659,1951469,,1982158
上海,移动,1344133,1352430,1362160,1376139,1381639,1391634,1476603,1480265,1500080,,1522100,1572140,1580180,1590180,,1702104,1721255,1782120,1832120,1842147,1872110,1881660,1951470,,1982159
上海,移动,1344134,1352431,1362161,1376140,1381640,1391635,1476604,1480266,1500081,,1522101,1572141,1580181,1590181,,1702105,1721256,1782121,1832121,1842148,1872111,1881661,1951471,,1982160
上海,移动,1344135,1352432,1362162,1376141,1381641,1391636,1476605,1480267,1500082,,1522102,1572142,1580182,1590182,,1702106,1721257,1782122,1832122,1842149,1872112,1881662,1951472,,1982161
上海,移动,1344138,1352433,1362163,1376142,1381642,1391637,1476606,1480268,1500083,,1522103,1572143,1580183,1590183,,1702107,1721258,1782123,1832123,1842150,1872113,1881663,1951473,,1982162
上海,移动,1344141,1352434,1362164,1376143,1381643,1391638,1476607,1480269,1500084,,1522104,1572144,1580184,1590184,,1702108,1721259,1782124,1832124,1842151,1872114,1881664,1951474,,1982163
上海,移动,1344143,1352435,1362165,1376144,1381644,1391639,1476608,1480270,1500085,,1522105,1572145,1580185,1590185,,1702109,1721260,1782125,1832125,1842152,1872115,1881665,1951475,,1982164
上海,移动,1344144,1352436,1362166,1376145,1381645,1391640,1476609,1480271,1500086,,1522106,1572146,1580186,1590186,,1702110,1721261,1782126,1832126,1842153,1872116,1881666,1951476,,1982165
上海,移动,1344145,1352437,1362167,1376146,1381646,1391641,1478190,1480272,1500087,,1522107,1572147,1580187,1590187,,1702111,1721262,1782127,1832127,1842154,1872117,1881667,1951477,,1982166
上海,移动,1344146,1352438,1362168,1376147,1381647,1391642,1478191,1480273,1500088,,1522108,1572148,1580188,1590188,,1702112,1721263,1782128,1832128,1842155,1872118,1881668,1951478,,1982167
上海,移动,1344147,1352439,1362169,1376148,1381648,1391643,1478192,1480274,1500089,,1522109,1572149,1580189,1590189,,1702113,1721264,1782129,1832129,1842156,1872119,1881669,1951479,,1982168
上海,移动,1344149,1352440,1362170,1376149,1381649,1391644,1478193,1480275,1500090,,1522110,1572150,1580190,1590190,,1702114,1721265,1782130,1832130,1842157,1872120,1881690,1952125,,1982169
上海,移动,1344150,1352441,1362171,1376150,1381650,1391645,1478194,1480276,1500091,,1522111,1572151,1580191,1590191,,1702115,1721266,1782131,1832131,1842158,1872121,1881691,1952126,,1982170
上海,移动,1344151,1352442,1362172,1376151,1381651,1391646,1478195,1480277,1500092,,1522112,1572152,1580192,1590192,,1702116,1721267,1782132,1832132,1842159,1872122,1881692,1952127,,1982171
上海,移动,1344152,1352443,1362173,1376152,1381652,1391647,1478196,1480278,1500093,,1522113,1572153,1580193,1590193,,1702117,1721268,1782133,1832133,1842160,1872123,1881693,1952128,,1982172
上海,移动,1344153,1352444,1362174,1376153,1381653,1391648,1478197,1480279,1500094,,1522114,1572154,1580194,1590194,,1702118,1721269,1782134,1832134,1842161,1872124,1881694,1952129,,1982173
上海,移动,1344154,1352445,1362175,1376154,1381654,1391649,1478198,1480280,1500095,,1522115,1572155,1580195,1590195,,1702119,1721270,1782135,1832135,1842162,1872125,1881695,1952130,,1982174
上海,移动,1344156,1352446,1362176,1376155,1381655,1391650,1478199,1480281,1500096,,1522116,1572156,1580196,1590196,,1703105,1721271,1782136,1832136,1842163,1872126,1881696,1952131,,1982175
上海,移动,1344158,1352447,1362177,1376156,1381656,1391651,1478200,1480282,1500097,,1522117,1572157,1580197,1590197,,1703106,1721272,1782137,1832137,1842164,1872127,1881697,1952132,,1982176
上海,移动,1344159,1352448,1362178,1376157,1381657,1391652,1478201,1480283,1500098,,1522118,1572158,1580198,1590198,,1703107,1721273,1782138,1832138,1842165,1872128,1881698,1952133,,1982177
上海,移动,1344160,1352449,1362179,1376158,1381658,1391653,1478202,1480284,1500099,,1522119,1572159,1580199,1590199,,1703108,1721274,1782139,1832139,1842166,1872129,1881699,1952134,,1982178
上海,移动,1344164,1352450,1362180,1376159,1381659,1391654,1478203,1480285,1500170,,1522120,1574000,1580210,1590210,,1703109,1721275,1782140,1832140,1842167,1872130,1881720,1952135,,1982179
上海,移动,1344165,1352451,1362181,1376160,1381660,1391655,1478204,1480286,1500171,,1522121,1574001,1580211,1590211,,1703110,1721276,1782141,1832141,1842168,1872131,1881721,1952136,,1982180
上海,移动,1344166,1352452,1362182,1376161,1381661,1391656,1478205,1480287,1500172,,1522122,1574002,1580212,1590212,,1703111,1721277,1782142,1832142,1842169,1872132,1881722,1952137,,1982181
上海,移动,1344167,1352453,1362183,1376162,1381662,1391657,1478206,1480288,1500173,,1522123,1574003,1580213,1590213,,1703112,1721278,1782143,1832143,1842170,1872133,1881723,1952138,,1982182
上海,移动,1344168,1352454,1362184,1376163,1381663,1391658,1478207,1480289,1500174,,1522124,1574004,1580214,1590214,,1703113,1721279,1782144,1832144,1842171,1872134,1881724,1952139,,1982183
上海,移动,1344169,1352455,1362185,1376164,1381664,1391659,1478208,1480290,1500175,,1522125,1574005,1580215,1590215,,1703114,1721855,1782145,1832145,1842172,1872135,1881725,1952140,,1982184
上海,移动,1344172,1352456,1362186,1376165,1381665,1391660,1478209,1480291,1500176,,1522126,1574006,1580216,1590216,,1703115,1721856,1782146,1832146,1842173,1872136,1881726,1952141,,1982185
上海,移动,1344173,1352457,1362187,1376166,1381666,1391661,1478210,1480292,1500177,,1522127,1574007,1580217,1590217,,1703116,1721857,1782147,1832147,1842174,1872137,1881727,1952142,,1982186
上海,移动,1344174,1352458,1362188,1376167,1381667,1391662,1478211,1480293,1500178,,1522128,1574008,1580218,1590218,,1703117,1721858,1782148,1832148,1842175,1872138,1881728,1952143,,1982187
上海,移动,1344175,1352459,1362189,1376168,1381668,1391663,1478212,1480294,1500179,,1522129,1574009,1580219,1590219,,1703118,1721859,1782149,1832149,1842176,1872139,1881729,1952144,,1982188
上海,移动,1344177,1352460,1362190,1376169,1381669,1391664,1478213,1480295,1500180,,1522130,1574010,1582100,1592100,,1703119,1721860,1782150,1832150,1842177,1872140,1881730,1952145,,1982189
上海,移动,1344178,1352461,1362191,1376170,1381670,1391665,1478214,1480296,1500181,,1522131,1574011,1582101,1592101,,1703120,1721861,1782151,1832151,1842178,1872141,1881731,1952146,,1982190
上海,移动,1344179,1352462,1362192,1376171,1381671,1391666,1478215,1480297,1500182,,1522132,1574012,1582102,1592102,,1703121,1721862,1782152,1832152,1842179,1872142,1881732,1952147,,1982191
上海,移动,1344180,1352463,1362193,1376172,1381672,1391667,1478216,1480298,1500183,,1522133,1574013,1582103,1592103,,1703122,1721863,1782153,1832153,1842180,1872143,1881733,1952148,,1982192
上海,移动,1344181,1352464,1362194,1376173,1381673,1391668,1478217,1480299,1500184,,1522134,1574014,1582104,1592104,,1703123,1721864,1782154,1832154,1842181,1872144,1881734,1952149,,1982193
上海,移动,1344182,1352465,1362195,1376174,1381674,1391669,1478218,1480600,1500185,,1522135,1574015,1582105,1592105,,1703124,1721865,1782155,1832155,1842182,1872145,1881735,1952150,,1982194
上海,移动,1344185,1352466,1362196,1376175,1381675,1391670,1478219,1480601,1500186,,1522136,1574016,1582106,1592106,,1703125,1721866,1782156,1832156,1842183,1872146,1881736,1952440,,1982195
上海,移动,1344186,1352467,1362197,1376176,1381676,1391671,1478220,1480602,1500187,,1522137,1574017,1582107,1592107,,1703126,1721867,1782157,1832157,1842184,1872147,1881737,1952619,,1982196
上海,移动,1344188,1352468,1362198,1376177,1381677,1391672,1478221,1480603,1500188,,1522138,1574018,1582108,1592108,,1703127,1721868,1782158,1832158,1842185,1872148,1881738,1952620,,1982197
上海,移动,1344189,1352469,1362199,1376178,1381678,1391673,1478222,1480604,1500189,,1522139,1574019,1582109,1592109,,1703128,1721869,1782159,1832159,1842186,1872149,1881739,1952621,,1982198
上海,移动,1344190,1352470,1363630,1376179,1381679,1391674,1478223,1480605,1500190,,1522140,1574020,1582110,1592110,,1703129,1721870,1782160,1832160,1842187,1872150,1881740,1952623,,1982199
上海,移动,1344191,1352471,1363631,1376180,1381680,1391675,1478224,1480606,1500191,,1522141,1574021,1582111,1592111,,1703130,1721871,1782161,1832161,1842188,1872151,1881741,1952990,,1982270
上海,移动,1344192,1352472,1363632,1376181,1381681,1391676,1478225,1480607,1500192,,1522142,1574022,1582112,1592112,,1703131,1721872,1782162,1832162,1842189,1872152,1881742,1952994,,1982271
上海,移动,1344193,1352473,1363633,1376182,1381682,1391677,1478226,1480608,1500193,,1522143,1574023,1582113,1592113,,1703132,1721873,1782163,1832163,1842190,1872153,1881743,1952995,,1982272
上海,移动,1344195,1352474,1363634,1376183,1381683,1391678,1478227,1480609,1500194,,1522144,1574024,1582114,1592114,,1703133,1721874,1782164,1832164,1842191,1872154,1881744,1952996,,1982273
上海,移动,1344197,1352475,1363635,1376184,1381684,1391679,1478228,1480610,1500195,,1522145,1574025,1582115,1592115,,1703134,1721875,1782165,1832165,1842192,1872155,1881745,1953021,,1982274
上海,移动,1344198,1352476,1363636,1376185,1381685,1391680,1478229,1480611,1500196,,1522146,1574026,1582116,1592116,,1703135,1721876,1782166,1832166,1842193,1872156,1881746,1953129,,1982275
上海,移动,1344199,1352477,1363637,1376186,1381686,1391681,1478230,1480612,1500197,,1522147,1574027,1582117,1592117,,1703136,1721877,1782167,1832167,1842194,1872157,1881747,1953130,,1982276
上海,移动,1344200,1352478,1363638,1376187,1381687,1391682,1478231,1480613,1500198,,1522148,1574028,1582118,1592118,,1703137,1721878,1782168,1832168,1842195,1872158,1881748,1953192,,1982277
上海,移动,1344201,1352479,1363639,1376188,1381688,1391683,1478232,1480614,1500199,,1522149,1574029,1582119,1592119,,1703138,1721879,1782169,1832169,1842196,1872159,1881749,1953193,,1982278
上海,移动,1344202,1352480,1363640,1376189,1381689,1391684,1478233,1480615,1500210,,1522150,1574030,1582120,1592120,,1703139,1721880,1782170,1832170,1842197,1872160,1881750,1953237,,1982279
上海,移动,1344203,1352481,1363641,1376190,1381690,1391685,1478234,1480616,1500211,,1522151,1574032,1582121,1592121,,1703140,1721881,1782171,1832171,1842198,1872161,1881751,1953253,,1988810
上海,移动,1344204,1352482,1363642,1376191,1381691,1391686,1478235,1480617,1500212,,1522152,1574033,1582122,1592122,,1703141,1721882,1782172,1832172,1842199,1872162,1881752,1953255,,1988811
上海,移动,1344205,1352483,1363643,1376192,1381692,1391687,1478236,1480618,1500213,,1522153,1574034,1582123,1592123,,1703142,1721883,1782173,1832173,1844650,1872163,1881753,1953267,,1988812
上海,移动,1344206,1352484,1363644,1376193,1381693,1391688,1478237,1480619,1500214,,1522154,1574035,1582124,1592124,,1703143,1721884,1782174,1832174,1844651,1872164,1881754,1953328,,1988813
上海,移动,1344207,1352485,1363645,1376194,1381694,1391689,1478238,1480620,1500215,,1522155,1574036,1582125,1592125,,1703144,1721885,1782175,1832175,1844652,1872165,1881755,1953329,,1988814
上海,移动,1344208,1352486,1363646,1376195,1381695,1391690,1478239,1480621,1500216,,1522156,1574037,1582126,1592126,,1703145,1721886,1782176,1832176,1844653,1872166,1881756,1953332,,1988815
上海,移动,1344209,1352487,1363647,1376196,1381696,1391691,1478240,1480622,1500217,,1522157,1574038,1582127,1592127,,1703146,1721887,1782177,1832177,1844654,1872167,1881757,1953340,,1988816
上海,移动,1344210,1352488,1363648,1376197,1381697,1391692,1478241,1480623,1500218,,1522158,1574039,1582128,1592128,,1703147,1721888,1782178,1832178,1844655,1872168,1881758,1953403,,1988817
上海,移动,1344211,1352489,1363649,1376198,1381698,1391693,1478242,1480624,1500219,,1522159,1574040,1582129,1592129,,1703148,1721889,1782179,1832179,1844656,1872169,1881759,1953407,,1988818
上海,移动,1344212,1352490,1363650,1376199,1381699,1391694,1478243,1480625,1502100,,1522160,1574041,1582130,1592130,,1703149,1721890,1782180,1832180,1844657,1872170,1881760,1953425,,1988819
上海,移动,1344213,1352491,1363651,1376400,1381700,1391695,1478244,1480626,1502101,,1522161,1574042,1582131,1592131,,1703150,1721891,1782181,1832181,1844658,1872171,1881761,1953582,,
上海,移动,1344214,1352492,1363652,1376401,1381701,1391696,1478245,1480627,1502102,,1522162,1574043,1582132,1592132,,1703151,1721892,1782182,1832182,1844659,1872172,1881762,1953583,,
上海,移动,1344215,1352493,1363653,1376402,1381702,1391697,1478246,1480628,1502103,,1522163,1574044,1582133,1592133,,1703152,1721893,1782183,1832183,1844660,1872173,1881763,1953585,,
上海,移动,1344216,1352494,1363654,1376403,1381703,1391698,1478247,1480629,1502104,,1522164,1574045,1582134,1592134,,1703153,1721894,1782184,1832184,1844661,1872174,1881764,1953586,,
上海,移动,1344217,1352495,1363655,1376404,1381704,1391699,1478248,1480630,1502105,,1522165,1574046,1582135,1592135,,1703154,1721895,1782185,1832185,1844662,1872175,1881765,1953587,,
上海,移动,1344218,1352496,1363656,1376405,1381705,1391700,1478249,1480631,1502106,,1522166,1574047,1582136,1592136,,1703155,1721896,1782186,1832186,1844663,1872176,1881766,1953588,,
上海,移动,1344219,1352497,1363657,1376406,1381706,1391701,1478250,1480632,1502107,,1522167,1574048,1582137,1592137,,1703156,1721897,1782187,1832187,1844664,1872177,1881767,1953589,,
上海,移动,1344228,1352498,1363658,1376407,1381707,1391702,1478251,1480633,1502108,,1522168,1574049,1582138,1592138,,1703157,1721898,1782188,1832188,1844665,1872178,1881768,1953699,,
上海,移动,1344233,1352499,1363659,1376408,1381708,1391703,1478252,1480634,1502109,,1522169,1574050,1582139,1592139,,1703158,1721899,1782189,1832189,1844666,1872179,1881769,1953760,,
上海,移动,1344234,1356400,1363660,1376409,1381709,1391704,1478253,1480635,1502110,,1522170,1574051,1582140,1592140,,1703159,1723500,1782190,1832190,1844667,1872180,1881770,1953761,,
上海,移动,1344235,1356401,1363661,1376410,1381710,1391705,1478254,1480636,1502111,,1522171,1574052,1582141,1592141,,1703160,1723501,1782191,1832191,1844668,1872181,1881771,1953762,,
上海,移动,1344236,1356402,1363662,1376411,1381711,1391706,1478255,1480637,1502112,,1522172,1574053,1582142,1592142,,1703161,1723502,1782192,1832192,1844669,1872182,1881772,1953763,,
上海,移动,1344237,1356403,1363663,1376412,1381712,1391707,1478256,1480638,1502113,,1522173,1574054,1582143,1592143,,1703162,1723503,1782193,1832193,1844670,1872183,1881773,1953788,,
上海,移动,1344239,1356404,1363664,1376413,1381713,1391708,1478257,1480639,1502114,,1522174,1574055,1582144,1592144,,1703163,1723504,1782194,1832194,1844671,1872184,1881774,1953886,,
上海,移动,1344240,1356405,1363665,1376414,1381714,1391709,1478258,1481080,1502115,,1522175,1574056,1582145,1592145,,1703164,1723505,1782195,1832195,1844672,1872185,1881775,1953888,,
上海,移动,1344241,1356406,1363666,1376415,1381715,1391710,1478259,1481081,1502116,,1522176,1574057,1582146,1592146,,1703165,1723506,1782196,1832196,1844673,1872186,1881776,1953946,,
上海,移动,1344242,1356407,1363667,1376416,1381716,1391711,1478260,1481082,1502117,,1522177,1574058,1582147,1592147,,1703166,1723507,1782197,1832197,1844674,1872187,1881777,1953947,,
上海,移动,1344243,1356408,1363668,1376417,1381717,1391712,1478261,1481083,1502118,,1522178,1574059,1582148,1592148,,1703167,1723508,1782198,1832198,1844675,1872188,1881778,1953948,,
上海,移动,1344244,1356409,1363669,1376418,1381718,1391713,1478262,1481084,1502119,,1522179,1574060,1582149,1592149,,1703168,1723509,1782199,1832199,1844676,1872189,1881779,1953949,,
上海,移动,1344245,1356410,1364160,1376419,1381719,1391714,1478263,1481085,1502120,,1522180,1574061,1582150,1592150,,1703169,1723510,1788790,,1844677,1872190,1881780,1954270,,
上海,移动,1344246,1356411,1364161,1376420,1381720,1391715,1478264,1481086,1502121,,1522181,1574062,1582151,1592151,,1703170,1723511,1788791,,1844678,1872191,1881781,1954271,,
上海,移动,1344247,1356412,1364162,1376421,1381721,1391716,1478265,1481087,1502122,,1522182,1574063,1582152,1592152,,1703171,1723512,1788792,,1844679,1872192,1881782,1954272,,
上海,移动,1344248,1356413,1364163,1376422,1381722,1391717,1478266,1481088,1502123,,1522183,1574064,1582153,1592153,,1703172,1723513,1788793,,1844680,1872193,1881783,1954273,,
上海,移动,1344249,1356414,1364164,1376423,1381723,1391718,1478267,1481089,1502124,,1522184,1574065,1582154,1592154,,1703173,1723514,1788794,,1844681,1872194,1881784,1954274,,
上海,移动,1344250,1356415,1364165,1376424,1381724,1391719,1478268,1481090,1502125,,1522185,1574066,1582155,1592155,,1703174,1723515,1788795,,1844682,1872195,1881785,1954275,,
上海,移动,1344251,1356416,1364166,1376425,1381725,1391720,1478269,1481091,1502126,,1522186,1574067,1582156,1592156,,1703175,1723516,1788796,,1844683,1872196,1881786,1954276,,
上海,移动,1344252,1356417,1364167,1376426,1381726,1391721,1478270,1481092,1502127,,1522187,1574068,1582157,1592157,,1703176,1723517,1788797,,1844684,1872197,1881787,1954277,,
上海,移动,1344253,1356418,1364168,1376427,1381727,1391722,1478271,1481093,1502128,,1522188,1574069,1582158,1592158,,1703177,1723518,1788798,,1844685,1872198,1881788,1954278,,
上海,移动,1344256,1356419,1364169,1376428,1381728,1391723,1478272,1481094,1502129,,1522189,1574070,1582159,1592159,,1703178,1723519,1788799,,1844686,1872199,1881789,1954279,,
上海,移动,1344258,1356420,1364170,1376429,1381729,1391724,1478273,1481725,1502130,,1522190,1574071,1582160,1592160,,1703179,1723520,1789190,,1844687,,1881790,1954280,,
上海,移动,1344259,1356421,1364171,1376430,1381730,1391725,1478274,1481726,1502131,,1522191,1574072,1582161,1592161,,1703180,1723521,1789191,,1844688,,1881791,1954281,,
上海,移动,1344260,1356422,1364172,1376431,1381731,1391726,1478275,1481727,1502132,,1522192,1574073,1582162,1592162,,1703181,1723522,1789192,,1844689,,1881792,1954282,,
上海,移动,1344261,1356423,1364173,1376432,1381732,1391727,1478276,1481728,1502133,,1522193,1574074,1582163,1592163,,1703182,1723523,1789193,,1844690,,1881793,1954283,,
上海,移动,1344262,1356424,1364174,1376433,1381733,1391728,1478277,1481729,1502134,,1522194,1574075,1582164,1592164,,1703183,1723524,1789194,,1844691,,1881794,1954284,,
上海,移动,1344264,1356425,1364175,1376434,1381734,1391729,1478278,1481730,1502135,,1522195,1574076,1582165,1592165,,1703184,1723525,1789195,,1844692,,1881795,1954285,,
上海,移动,1344265,1356426,1364176,1376435,1381735,1391730,1478279,1481731,1502136,,1522196,1574077,1582166,1592166,,1703185,1723526,1789196,,1844693,,1881796,1954286,,
上海,移动,1344267,1356427,1364177,1376436,1381736,1391731,1478280,1481732,1502137,,1522197,1574078,1582167,1592167,,1703186,1723527,1789197,,1844694,,1881797,1954287,,
上海,移动,1344268,1356428,1364178,1376437,1381737,1391732,1478281,1481733,1502138,,1522198,1574079,1582168,1592168,,1703187,1723528,1789198,,1844695,,1881798,1954288,,
上海,移动,1344271,1356429,1364179,1376438,1381738,1391733,1478282,1481734,1502139,,1522199,1574080,1582169,1592169,,1703188,1723529,1789199,,1844696,,1881799,1954289,,
上海,移动,1344272,1356430,1364180,1376439,1381739,1391734,1478283,1481735,1502140,,,1574081,1582170,1592170,,1703189,1723530,1789400,,1844697,,1881800,1954290,,
上海,移动,1344273,1356431,1364181,1376440,1381740,1391735,1478284,1481736,1502141,,,1574082,1582171,1592171,,1703190,1723531,1789401,,1844698,,1881801,1954291,,
上海,移动,1344274,1356432,1364182,1376441,1381741,1391736,1478285,1481737,1502142,,,1574083,1582172,1592172,,1703191,1723532,1789402,,1844699,,1881802,1954292,,
上海,移动,1344275,1356433,1364183,1376442,1381742,1391737,1478286,1481738,1502143,,,1574084,1582173,1592173,,1703192,1723533,1789403,,1846660,,1881803,1954293,,
上海,移动,1344276,1356434,1364184,1376443,1381743,1391738,1478287,1481739,1502144,,,1574085,1582174,1592174,,1703193,1723534,1789404,,1846661,,1881804,1954294,,
上海,移动,1344277,1356435,1364185,1376444,1381744,1391739,1478288,1481740,1502145,,,1574086,1582175,1592175,,1703194,1723535,1789405,,1846662,,1881805,1954295,,
上海,移动,1344278,1356436,1364186,1376445,1381745,1391740,1478289,1481741,1502146,,,1574087,1582176,1592176,,1703949,1723536,1789406,,1846663,,1881806,1954296,,
上海,移动,1344279,1356437,1364187,1376446,1381746,1391741,1478290,1481742,1502147,,,1574088,1582177,1592177,,1703950,1723537,1789407,,1846664,,1881807,1954297,,
上海,移动,1344280,1356438,1364188,1376447,1381747,1391742,1478291,1481743,1502148,,,1574089,1582178,1592178,,1703951,1723538,1789408,,1846665,,1881808,1954298,,
上海,移动,1344281,1356439,1364189,1376448,1381748,1391743,1478292,1481744,1502149,,,1574090,1582179,1592179,,1703952,1723539,1789409,,1846666,,1881809,1954299,,
上海,移动,1344282,1356440,1364190,1376449,1381749,1391744,1478293,1481745,1502150,,,1574091,1582180,1592180,,1703953,1723540,1789410,,1846667,,1881810,1956930,,
上海,移动,1344285,1356441,1364191,1376450,1381750,1391745,1478294,1481746,1502151,,,1574092,1582181,1592181,,1705007,1723541,1789411,,1846668,,1881811,1956931,,
上海,移动,1344286,1356442,1364192,1376451,1381751,1391746,1478295,1481747,1502152,,,1574093,1582182,1592182,,1705008,1723542,1789412,,1846669,,1881812,1956932,,
上海,移动,1344288,1356443,1364193,1376452,1381752,1391747,1478296,1481748,1502153,,,1574094,1582183,1592183,,1705037,1723543,1789413,,1846670,,1881813,1956933,,
上海,移动,1344289,1356444,1364194,1376453,1381753,1391748,1478297,1481749,1502154,,,1574095,1582184,1592184,,1705038,1723544,1789414,,1846671,,1881814,1956934,,
上海,移动,1344291,1356445,1364195,1376454,1381754,1391749,1478298,1481798,1502155,,,1574096,1582185,1592185,,1705046,1723545,1789415,,1846672,,1881815,1956935,,
上海,移动,1344292,1356446,1364196,1376455,1381755,1391750,1478299,1481990,1502156,,,1574097,1582186,1592186,,1705047,1723546,1789416,,1846673,,1881816,1956936,,
上海,移动,1344293,1356447,1364197,1376456,1381756,1391751,,1482200,1502157,,,1574098,1582187,1592187,,1705066,1723547,1789417,,1846674,,1881817,1956937,,
上海,移动,1344294,1356448,1364198,1376457,1381757,1391752,,1482201,1502158,,,1574099,1582188,1592188,,1705067,1723548,1789418,,1846675,,1881818,1956938,,
上海,移动,1344295,1356449,1364199,1376458,1381758,1391753,,1482202,1502159,,,1574100,1582189,1592189,,1705097,1723549,1789419,,1846676,,1881819,1956939,,
上海,移动,1344296,1356450,1365160,1376459,1381759,1391754,,1482203,1502160,,,1574101,1582190,1592190,,1705102,1723550,1789420,,1846677,,1881820,1956950,,
上海,移动,1344297,1356451,1365161,1376460,1381760,1391755,,1482204,1502161,,,1574102,1582191,1592191,,1705103,1723551,1789421,,1846678,,1881821,1956951,,
上海,移动,1344298,1356452,1365162,1376461,1381761,1391756,,1482205,1502162,,,1574103,1582192,1592192,,1705121,1723552,1789422,,1846679,,1881822,1956952,,
上海,移动,1344301,1356453,1365163,1376462,1381762,1391757,,1482206,1502163,,,1574104,1582193,1592193,,1705150,1723553,1789423,,1846680,,1881823,1956953,,
上海,移动,1344302,1356454,1365164,1376463,1381763,1391758,,1482207,1502164,,,1574105,1582194,1592194,,1705182,1723554,1789424,,1846681,,1881824,1956954,,
上海,移动,1344303,1356455,1365165,1376464,1381764,1391759,,1482208,1502165,,,1574106,1582195,1592195,,1705186,1723555,1789425,,1846682,,1881825,1956955,,
上海,移动,1344305,1356456,1365166,1376465,1381765,1391760,,1482209,1502166,,,1574107,1582196,1592196,,1705196,1723556,1789426,,1846683,,1881826,1956956,,
上海,移动,1344306,1356457,1365167,1376466,1381766,1391761,,1482210,1502167,,,1574108,1582197,1592197,,1705210,1723557,1789427,,1846684,,1881827,1956957,,
上海,移动,1344307,1356458,1365168,1376467,1381767,1391762,,1482211,1502168,,,1574109,1582198,1592198,,1705239,1723558,1789428,,1846685,,1881828,1956958,,
上海,移动,1344308,1356459,1365169,1376468,1381768,1391763,,1482212,1502169,,,1574110,1582199,1592199,,1705268,1723559,1789429,,1846686,,1881829,1956959,,
上海,移动,1344309,1356460,1365170,1376469,1381769,1391764,,1482213,1502170,,,1574111,,,,1705275,1723560,1789430,,1846687,,1882100,1956960,,
上海,移动,1344310,1356461,1365171,1376470,1381770,1391765,,1482214,1502171,,,1574112,,,,1705278,1723561,1789431,,1846688,,1882101,1956961,,
上海,移动,1344311,1356462,1365172,1376471,1381771,1391766,,1482215,1502172,,,1574113,,,,1705290,1723562,1789432,,1846689,,1882102,1956962,,
上海,移动,1344312,1356463,1365173,1376472,1381772,1391767,,1482216,1502173,,,1574114,,,,1705291,1723563,1789433,,1846690,,1882103,1956963,,
上海,移动,1344313,1356464,1365174,1376473,1381773,1391768,,1482217,1502174,,,1574115,,,,1705292,1723564,1789434,,1846691,,1882104,1956964,,
上海,移动,1344314,1356465,1365175,1376474,1381774,1391769,,1482218,1502175,,,1574116,,,,1705293,1723565,1789435,,1846692,,1882105,1956965,,
上海,移动,1344315,1356466,1365176,1376475,1381775,1391770,,1482219,1502176,,,1574117,,,,1705302,1723566,1789436,,1846693,,1882106,1956966,,
上海,移动,1344316,1356467,1365177,1376476,1381776,1391771,,1482220,1502177,,,1574118,,,,1705306,1723567,1789437,,1846694,,1882107,1956967,,
上海,移动,1344317,1356468,1365178,1376477,1381777,1391772,,1482221,1502178,,,1574119,,,,1705307,1723568,1789438,,1846695,,1882108,1956968,,
上海,移动,1344318,1356469,1365179,1376478,1381778,1391773,,1482222,1502179,,,1574120,,,,1705337,1723569,1789439,,1846696,,1882109,1956969,,
上海,移动,1344326,1356470,1365180,1376479,1381779,1391774,,1482223,1502180,,,1574121,,,,1705360,1723570,1789440,,1846697,,1882110,1956970,,
上海,移动,1344327,1356471,1365181,1376480,1381780,1391775,,1482224,1502181,,,1574122,,,,1705516,1723571,1789441,,1846698,,1882111,1956971,,
上海,移动,1344328,1356472,1365182,1376481,1381781,1391776,,1482225,1502182,,,1574123,,,,1705521,1723572,1789442,,1846699,,1882112,1956972,,
上海,移动,1344330,1356473,1365183,1376482,1381782,1391777,,1482226,1502183,,,1574124,,,,1705550,1723573,1789443,,1849470,,1882113,1956973,,
上海,移动,1344331,1356474,1365184,1376483,1381783,1391778,,1482227,1502184,,,1574125,,,,1705591,1723574,1789444,,1849471,,1882114,1956974,,
上海,移动,1344332,1356475,1365185,1376484,1381784,1391779,,1482228,1502185,,,1574126,,,,1705592,1723575,1789445,,1849472,,1882115,1956975,,
上海,移动,1344333,1356476,1365186,1376485,1381785,1391780,,1482229,1502186,,,1574127,,,,1705601,1723576,1789446,,1849473,,1882116,1956976,,
上海,移动,1344334,1356477,1365187,1376486,1381786,1391781,,1482230,1502187,,,1574128,,,,1705650,1723577,1789447,,1849474,,1882117,1956977,,
上海,移动,1344335,1356478,1365188,1376487,1381787,1391782,,1482231,1502188,,,1574129,,,,1705651,1723578,1789448,,1849475,,1882118,1956978,,
上海,移动,1344337,1356479,1365189,1376488,1381788,1391783,,1482232,1502189,,,1574130,,,,1705652,1723579,1789449,,1849476,,1882119,1956979,,
上海,移动,1344339,1356480,1365190,1376489,1381789,1391784,,1482233,1502190,,,1574131,,,,1705706,1723580,1789450,,1849477,,1882120,1956980,,
上海,移动,1344340,1356481,1365191,1376490,1381790,1391785,,1482234,1502191,,,1574132,,,,1705766,1723581,1789451,,1849478,,1882121,1956981,,
上海,移动,1344341,1356482,1365192,1376491,1381791,1391786,,1482235,1502192,,,1574133,,,,1705767,1723582,1789452,,1849479,,1882122,1956982,,
上海,移动,1344342,1356483,1365193,1376492,1381792,1391787,,1482236,1502193,,,1574134,,,,1705768,1723583,1789453,,1849480,,1882123,1956983,,
上海,移动,1344343,1356484,1365194,1376493,1381793,1391788,,1482237,1502194,,,1574135,,,,1705803,1723584,1789454,,1849481,,1882124,1956984,,
上海,移动,1344344,1356485,1365195,1376494,1381794,1391789,,1482238,1502195,,,1574136,,,,1705804,1723585,1789455,,1849482,,1882125,1956985,,
上海,移动,1344345,1356486,1365196,1376495,1381795,1391790,,1482239,1502196,,,1574137,,,,1705805,1723586,1789456,,1849483,,1882126,1956986,,
上海,移动,1344346,1356487,1365197,1376496,1381796,1391791,,1482240,1502197,,,1574138,,,,1705808,1723587,1789457,,1849484,,1882127,1956987,,
上海,移动,1344348,1356488,1365198,1376497,1381797,1391792,,1482241,1502198,,,1574139,,,,1705826,1723588,1789458,,1849485,,1882128,1956988,,
上海,移动,1344349,1356489,1365199,1376498,1381798,1391793,,1482242,1502199,,,1574140,,,,1705827,1723589,1789459,,1849486,,1882129,1956989,,
上海,移动,1344350,1356490,1366140,1376499,1381799,1391794,,1482243,1502640,,,1574141,,,,1705839,1723590,1789460,,1849487,,1889990,1957880,,
上海,移动,1344351,1356491,1366141,1377420,1381800,1391795,,1482244,1502641,,,1574142,,,,1705840,1723591,1789461,,1849488,,1889991,1957881,,
上海,移动,1344352,1356492,1366142,1377421,1381801,1391796,,1482245,1502642,,,1574143,,,,1705841,1723592,1789462,,1849489,,1889992,1957882,,
上海,移动,1344353,1356493,1366143,1377422,1381802,1391797,,1482246,1502643,,,1574144,,,,1705870,1723593,1789463,,1849490,,1889993,1957883,,
上海,移动,1344354,1356494,1366144,1377423,1381803,1391798,,1482247,1502644,,,1574145,,,,1705871,1723594,1789464,,1849491,,1889994,1957884,,
上海,移动,1344356,1356495,1366145,1377424,1381804,1391799,,1482248,1502645,,,1574146,,,,1705872,1723595,1789465,,1849492,,1889995,1957885,,
上海,移动,1344357,1356496,1366146,1377425,1381805,1391800,,1482249,1502646,,,1574147,,,,1705873,1723596,1789466,,1849493,,1889996,1957886,,
上海,移动,1344358,1356497,1366147,1377426,1381806,1391801,,1482250,1502647,,,1574148,,,,1705874,1723597,1789467,,1849494,,1889997,1957887,,
上海,移动,1344359,1356498,1366148,1377427,1381807,1391802,,1482251,1502648,,,1574149,,,,1707130,1723598,1789468,,1849495,,1889998,1957888,,
上海,移动,1344360,1356499,1366149,1377428,1381808,1391803,,1482252,1502649,,,1574150,,,,1707131,1723599,1789469,,1849496,,1889999,1957889,,
上海,移动,1344361,1358550,1366150,1377429,1381809,1391804,,1482253,1502650,,,1574151,,,,1707132,1723600,1789470,,1849497,,,1958000,,
上海,移动,1344362,1358551,1366151,1377430,1381810,1391805,,1482254,1502651,,,1574152,,,,1707133,1723601,1789471,,1849498,,,1958001,,
上海,移动,1344363,1358552,1366152,1377431,1381811,1391806,,1482255,1502652,,,1574153,,,,1707134,1723602,1789472,,1849499,,,1958002,,
上海,移动,1344364,1358553,1366153,1377432,1381812,1391807,,1482256,1502653,,,1574154,,,,1707135,1723603,1789473,,1849500,,,1958003,,
上海,移动,1344365,1358554,1366154,1377433,1381813,1391808,,1482257,1502654,,,1574155,,,,1707136,1723604,1789474,,1849501,,,1958004,,
上海,移动,1344366,1358555,1366155,1377434,1381814,1391809,,1482258,1502655,,,1574156,,,,1707137,1723605,1789475,,1849502,,,1958005,,
上海,移动,1344367,1358556,1366156,1377435,1381815,1391810,,1482259,1502656,,,1574157,,,,1707138,1723606,1789476,,1849503,,,1958006,,
上海,移动,1344368,1358557,1366157,1377436,1381816,1391811,,1482260,1502657,,,1574158,,,,1707139,1723607,1789477,,1849504,,,1958007,,
上海,移动,1344369,1358558,1366158,1377437,1381817,1391812,,1482261,1502658,,,1574159,,,,1707210,1723608,1789478,,1849505,,,1958008,,
上海,移动,1344370,1358559,1366159,1377438,1381818,1391813,,1482262,1502659,,,1574160,,,,1707211,1723609,1789479,,1849506,,,1958009,,
上海,移动,1344371,1358560,1366160,1377439,1381819,1391814,,1482263,1502660,,,1574161,,,,1707212,1723610,1789480,,1849507,,,1959040,,
上海,移动,1344373,1358561,1366161,1377440,1381820,1391815,,1482264,1502661,,,1574162,,,,1707213,1723611,1789481,,1849508,,,1959044,,
上海,移动,1344374,1358562,1366162,1377441,1381821,1391816,,1482265,1502662,,,1574163,,,,1707214,1723612,1789482,,1849509,,,1959049,,
上海,移动,1344375,1358563,1366163,1377442,1381822,1391817,,1482266,1502663,,,1574164,,,,1707215,1723613,1789483,,1849510,,,1959064,,
上海,移动,1344376,1358564,1366164,1377443,1381823,1391818,,1482267,1502664,,,1574165,,,,1707216,1723614,1789484,,1849511,,,1959084,,
上海,移动,1344377,1358565,1366165,1377444,1381824,1391819,,1482268,1502665,,,1574166,,,,1707217,1723615,1789485,,1849512,,,1959174,,
上海,移动,1344378,1358566,1366166,1377445,1381825,1391820,,1482269,1502666,,,1574167,,,,1707218,1723616,1789486,,1849513,,,1959184,,
上海,移动,1344379,1358567,1366167,1377446,1381826,1391821,,1482270,1502667,,,1574168,,,,1707219,1723617,1789487,,1849514,,,1959194,,
上海,移动,1344380,1358568,1366168,1377447,1381827,1391822,,1482271,1502668,,,1574169,,,,1707770,1723618,1789488,,1849640,,,1959214,,
上海,移动,1344381,1358569,1366169,1377448,1381828,1391823,,1482272,1502669,,,1574170,,,,1707771,1723619,1789489,,1849641,,,1959240,,
上海,移动,1344382,1358570,1366170,1377449,1381829,1391824,,1482273,1502670,,,1574171,,,,1707772,1723620,1789490,,1849642,,,1959241,,
上海,移动,1344385,1358571,1366171,1378890,1381830,1391825,,1482274,1502671,,,1574172,,,,1707773,1723621,1789491,,1849643,,,1959242,,
上海,移动,1344386,1358572,1366172,1378891,1381831,1391826,,1482275,1502672,,,1574173,,,,1707774,1723622,1789492,,1849644,,,1959243,,
上海,移动,1344387,1358573,1366173,1378892,1381832,1391827,,1482276,1502673,,,1574174,,,,1707775,1723623,1789493,,1849645,,,1959244,,
上海,移动,1344388,1358574,1366174,1378893,1381833,1391828,,1482277,1502674,,,1574175,,,,1707776,1723624,1789494,,1849646,,,1959245,,
上海,移动,1344389,1358575,1366175,1378894,1381834,1391829,,1482278,1502675,,,1574176,,,,1707777,1723625,1789495,,1849647,,,1959246,,
上海,移动,1344390,1358576,1366176,1378895,1381835,1391830,,1482279,1502676,,,1574177,,,,1707778,1723626,1789496,,1849648,,,1959247,,
上海,移动,1344391,1358577,1366177,1378896,1381836,1391831,,1482280,1502677,,,1574178,,,,1707779,1723627,1789497,,1849649,,,1959248,,
上海,移动,1344392,1358578,1366178,1378897,1381837,1391832,,1482281,1502678,,,1574179,,,,1708080,1723628,1789498,,1849650,,,1959249,,
上海,移动,1344393,1358579,1366179,1378898,1381838,1391833,,1482282,1502679,,,1574180,,,,1708081,1723629,1789499,,1849651,,,1959254,,
上海,移动,1344394,1358580,1366180,1378899,1381839,1391834,,1482283,1502680,,,1574181,,,,1708082,1723630,1789880,,1849652,,,1959264,,
上海,移动,1344395,1358581,1366181,1379520,1381840,1391835,,1482284,1502681,,,1574182,,,,1708083,1723631,1789881,,1849653,,,1959274,,
上海,移动,1344397,1358582,1366182,1379521,1381841,1391836,,1482285,1502682,,,1574183,,,,1708084,1723632,1789882,,1849654,,,1959284,,
上海,移动,1344398,1358583,1366183,1379522,1381842,1391837,,1482286,1502683,,,1574184,,,,1708085,1723633,1789883,,1849655,,,1959294,,
上海,移动,1344399,1358584,1366184,1379523,1381843,1391838,,1482287,1502684,,,1574185,,,,1708086,1723634,1789884,,1849656,,,1959324,,
上海,移动,1344401,1358585,1366185,1379524,1381844,1391839,,1482288,1502685,,,1574186,,,,1708087,1723635,1789885,,1849657,,,1959340,,
上海,移动,1344402,1358586,1366186,1379525,1381845,1391840,,1482289,1502686,,,1574187,,,,1708088,1723636,1789886,,1849658,,,1959341,,
上海,移动,1344403,1358587,1366187,1379526,1381846,1391841,,1482290,1502687,,,1574188,,,,1708089,1723637,1789887,,1849659,,,1959342,,
上海,移动,1344404,1358588,1366188,1379527,1381847,1391842,,1482291,1502688,,,1574189,,,,1708130,1723638,1789888,,1849660,,,1959343,,
上海,移动,1344405,1358589,1366189,1379528,1381848,1391843,,1482292,1502689,,,1574190,,,,1708131,1723639,1789889,,1849661,,,1959344,,
上海,移动,1344406,1358590,1366190,1379529,1381849,1391844,,1482293,1502690,,,1574191,,,,1708132,1723640,,,1849662,,,1959346,,
上海,移动,1344407,1358591,1366191,1379530,1381850,1391845,,1482294,1502691,,,1574192,,,,1708133,1723641,,,1849663,,,1959347,,
上海,移动,1344408,1358592,1366192,1379531,1381851,1391846,,1482295,1502692,,,1574193,,,,1708134,1723642,,,1849664,,,1959348,,
上海,移动,1344409,1358593,1366193,1379532,1381852,1391847,,1482296,1502693,,,1574194,,,,1708135,1723643,,,1849665,,,1959364,,
上海,移动,1344410,1358594,1366194,1379533,1381853,1391848,,1482297,1502694,,,1574195,,,,1708136,1723644,,,1849666,,,1959384,,
上海,移动,1344411,1358595,1366195,1379534,1381854,1391849,,1482298,1502695,,,1574196,,,,1708137,1723645,,,1849667,,,1959424,,
上海,移动,1344412,1358596,1366196,1379535,1381855,1391850,,1482299,1502696,,,1574197,,,,1708138,1723646,,,1849668,,,1959440,,
上海,移动,1344413,1358597,1366197,1379536,1381856,1391851,,1482355,1502697,,,1574198,,,,1708139,1723647,,,1849669,,,1959441,,
上海,移动,1344414,1358598,1366198,1379537,1381857,1391852,,1482364,1502698,,,1574199,,,,1708140,1723648,,,1849670,,,1959442,,
上海,移动,1344415,1358599,1366199,1379538,1381858,1391853,,1482370,1502699,,,1574200,,,,1708141,1723649,,,1849671,,,1959443,,
上海,移动,1344416,,1367150,1379539,1381859,1391854,,1482377,,,,1574201,,,,1708142,1723650,,,1849672,,,1959444,,
上海,移动,1344417,,1367151,1379540,1381860,1391855,,1482381,,,,1574202,,,,1708143,1723651,,,1849673,,,1959445,,
上海,移动,1344418,,1367152,1379541,1381861,1391856,,1482393,,,,1574203,,,,1708144,1723652,,,1849674,,,1959446,,
上海,移动,1344419,,1367153,1379542,1381862,1391857,,1482396,,,,1574204,,,,1708145,1723653,,,1849675,,,1959447,,
上海,移动,1344420,,1367154,1379543,1381863,1391858,,1484007,,,,1574205,,,,1708146,1723654,,,1849676,,,1959448,,
上海,移动,1344421,,1367155,1379544,1381864,1391859,,1484008,,,,1574206,,,,1708147,1723655,,,1849677,,,1959449,,
上海,移动,1344422,,1367156,1379545,1381865,1391860,,1484013,,,,1574207,,,,1708148,1723656,,,1849678,,,1959484,,
上海,移动,1344423,,1367157,1379546,1381866,1391861,,1484031,,,,1574208,,,,1708149,1723657,,,1849679,,,1959740,,
上海,移动,1344424,,1367158,1379547,1381867,1391862,,1484055,,,,1574209,,,,1708170,1723658,,,1849680,,,1959741,,
上海,移动,1344426,,1367159,1379548,1381868,1391863,,1484061,,,,1574210,,,,1708171,1723659,,,1849681,,,1959742,,
上海,移动,1344427,,1367160,1379549,1381869,1391864,,1484070,,,,1574211,,,,1708172,1723660,,,1849682,,,1959747,,
上海,移动,1344428,,1367161,,1381870,1391865,,1484088,,,,1574212,,,,1708173,1723661,,,1849683,,,1959748,,
上海,移动,1344430,,1367162,,1381871,1391866,,1484089,,,,1574213,,,,1708174,1723662,,,1849684,,,1959749,,
上海,移动,1344431,,1367163,,1381872,1391867,,1484115,,,,1574214,,,,1708175,1723663,,,1849685,,,1959764,,
上海,移动,1344432,,1367164,,1381873,1391868,,1484120,,,,1574215,,,,1708176,1723664,,,1849686,,,1959784,,
上海,移动,1344433,,1367165,,1381874,1391869,,1484130,,,,1574216,,,,1708177,1723665,,,1849687,,,1959814,,
上海,移动,1344434,,1367166,,1381875,1391870,,1484154,,,,1574217,,,,1708178,1723666,,,1849688,,,1959824,,
上海,移动,1344435,,1367167,,1381876,1391871,,1484155,,,,1574218,,,,1708179,1723667,,,1849689,,,1959840,,
上海,移动,1344436,,1367168,,1381877,1391872,,1484156,,,,1574219,,,,1708210,1723668,,,1849690,,,1959841,,
上海,移动,1344437,,1367169,,1381878,1391873,,1484157,,,,1574220,,,,1708211,1723669,,,1849691,,,1959842,,
上海,移动,1344438,,1367170,,1381879,1391874,,1484158,,,,1574221,,,,1708212,1723670,,,1849692,,,1959843,,
上海,移动,1344439,,1367171,,1381880,1391875,,1484159,,,,1574222,,,,1708213,1723671,,,1849693,,,1959844,,
上海,移动,1344440,,1367172,,1381881,1391876,,1484160,,,,1574223,,,,1708214,1723672,,,1849694,,,1959845,,
上海,移动,1344441,,1367173,,1381882,1391877,,1484161,,,,1574224,,,,1708215,1723673,,,1849695,,,1959847,,
上海,移动,1344442,,1367174,,1381883,1391878,,1484162,,,,1574225,,,,1708216,1723674,,,1849696,,,1959849,,
上海,移动,1344443,,1367175,,1381884,1391879,,1484163,,,,1574226,,,,1708217,1723675,,,1849697,,,,,
上海,移动,1344445,,1367176,,1381885,1391880,,1484164,,,,1574227,,,,1708218,1723676,,,1849698,,,,,
上海,移动,1344446,,1367177,,1381886,1391881,,1484165,,,,1574228,,,,1708219,1723677,,,1849699,,,,,
上海,移动,1344447,,1367178,,1381887,1391882,,1484166,,,,1574229,,,,1709120,1723678,,,1849840,,,,,
上海,移动,1344448,,1367179,,1381888,1391883,,1484167,,,,1574230,,,,1709121,1723679,,,1849841,,,,,
上海,移动,1344449,,1367180,,1381889,1391884,,1484168,,,,1574231,,,,1709122,1723680,,,1849842,,,,,
上海,移动,1344450,,1367181,,1381890,1391885,,1484169,,,,1574232,,,,1709123,1723681,,,1849843,,,,,
上海,移动,1344451,,1367182,,1381891,1391886,,1484170,,,,1574233,,,,1709124,1723682,,,1849844,,,,,
上海,移动,1344452,,1367183,,1381892,1391887,,1484171,,,,1574234,,,,1709125,1723683,,,,,,,,
上海,移动,1344453,,1367184,,1381893,1391888,,1484172,,,,1574235,,,,1709126,1723684,,,,,,,,
上海,移动,1344454,,1367185,,1381894,1391889,,1484173,,,,1574236,,,,1709127,1723685,,,,,,,,
上海,移动,1344456,,1367186,,1381895,1391890,,1484174,,,,1574237,,,,1709128,1723686,,,,,,,,
上海,移动,1344458,,1367187,,1381896,1391891,,1484175,,,,1574238,,,,1709129,1723687,,,,,,,,
上海,移动,1344459,,1367188,,1381897,1391892,,1484176,,,,1574239,,,,1709130,1723688,,,,,,,,
上海,移动,1344460,,1367189,,1381898,1391893,,1484177,,,,1574240,,,,1709131,1723689,,,,,,,,
上海,移动,1344461,,1367190,,1381899,1391894,,1484178,,,,1574241,,,,1709132,1723690,,,,,,,,
上海,移动,1344462,,1367191,,,1391895,,1484179,,,,1574242,,,,1709133,1723691,,,,,,,,
上海,移动,1344463,,1367192,,,1391896,,1484180,,,,1574243,,,,1709134,1723692,,,,,,,,
上海,移动,1344464,,1367193,,,1391897,,1484181,,,,1574244,,,,1709135,1723693,,,,,,,,
上海,移动,1344465,,1367194,,,1391898,,1484182,,,,1574245,,,,1709136,1723694,,,,,,,,
上海,移动,1344466,,1367195,,,1391899,,1484183,,,,1574246,,,,1709137,1723695,,,,,,,,
上海,移动,1344467,,1367196,,,,,1484184,,,,1574247,,,,1709138,1723696,,,,,,,,
上海,移动,1344469,,1367197,,,,,1484185,,,,1574248,,,,1709139,1723697,,,,,,,,
上海,移动,1344470,,1367198,,,,,1484186,,,,1574249,,,,1709140,1723698,,,,,,,,
上海,移动,1344471,,1367199,,,,,1484187,,,,1574250,,,,1709141,1723699,,,,,,,,
上海,移动,1344473,,1368160,,,,,1484188,,,,1574251,,,,1709142,1723700,,,,,,,,
上海,移动,1344474,,1368161,,,,,1484189,,,,1574252,,,,1709143,1723701,,,,,,,,
上海,移动,1344475,,1368162,,,,,1484190,,,,1574253,,,,1709144,1723702,,,,,,,,
上海,移动,1344476,,1368163,,,,,1484191,,,,1574254,,,,1709145,1723703,,,,,,,,
上海,移动,1344477,,1368164,,,,,1484192,,,,1574255,,,,1709146,1723704,,,,,,,,
上海,移动,1344478,,1368165,,,,,1484193,,,,1574256,,,,1709147,1723705,,,,,,,,
上海,移动,1344479,,1368166,,,,,1484194,,,,1574257,,,,1709148,1723706,,,,,,,,
上海,移动,1344480,,1368167,,,,,1484195,,,,1574258,,,,1709149,1723707,,,,,,,,
上海,移动,1344481,,1368168,,,,,1484196,,,,1574259,,,,1709170,1723708,,,,,,,,
上海,移动,1344482,,1368169,,,,,1484197,,,,1574260,,,,1709171,1723709,,,,,,,,
上海,移动,1344485,,1368170,,,,,1484198,,,,1574261,,,,1709172,1723710,,,,,,,,
上海,移动,1344486,,1368171,,,,,1484199,,,,1574262,,,,1709173,1723711,,,,,,,,
上海,移动,1344488,,1368172,,,,,1484200,,,,1574263,,,,1709174,1723712,,,,,,,,
上海,移动,1344489,,1368173,,,,,1484201,,,,1574264,,,,1709175,1723713,,,,,,,,
上海,移动,1344491,,1368174,,,,,1484202,,,,1574265,,,,1709176,1723714,,,,,,,,
上海,移动,1344492,,1368175,,,,,1484203,,,,1574266,,,,1709177,1723900,,,,,,,,
上海,移动,1344493,,1368176,,,,,1484204,,,,1574267,,,,1709178,1723901,,,,,,,,
上海,移动,1344494,,1368177,,,,,1484205,,,,1574268,,,,1709179,1723902,,,,,,,,
上海,移动,1344495,,1368178,,,,,1484206,,,,1574269,,,,1709180,1723903,,,,,,,,
上海,移动,1344496,,1368179,,,,,1484207,,,,1574270,,,,1709181,1723904,,,,,,,,
上海,移动,1344497,,1368180,,,,,1484208,,,,1574271,,,,1709182,1723905,,,,,,,,
上海,移动,1344498,,1368181,,,,,1484209,,,,1574272,,,,1709183,1723906,,,,,,,,
上海,移动,1344499,,1368182,,,,,1484210,,,,1574273,,,,1709184,1723907,,,,,,,,
上海,移动,1344500,,1368183,,,,,1484211,,,,1574274,,,,1709185,1723908,,,,,,,,
上海,移动,1344501,,1368184,,,,,1484212,,,,1574275,,,,1709186,1723909,,,,,,,,
上海,移动,1344502,,1368185,,,,,1484213,,,,1574276,,,,1709187,1723910,,,,,,,,
上海,移动,1344503,,1368186,,,,,1484214,,,,1574277,,,,1709188,1723911,,,,,,,,
上海,移动,1344504,,1368187,,,,,1484215,,,,1574278,,,,1709189,1723912,,,,,,,,
上海,移动,1344505,,1368188,,,,,1484216,,,,1574279,,,,1709190,1723913,,,,,,,,
上海,移动,1344506,,1368189,,,,,1484217,,,,1574280,,,,1709191,1723914,,,,,,,,
上海,移动,1344507,,1368190,,,,,1484218,,,,1574281,,,,1709192,1723915,,,,,,,,
上海,移动,1344508,,1368191,,,,,1484219,,,,1574282,,,,1709193,1723916,,,,,,,,
上海,移动,1344509,,1368192,,,,,1484220,,,,1574283,,,,1709194,1723917,,,,,,,,
上海,移动,1344510,,1368193,,,,,1484221,,,,1574284,,,,1709195,1723918,,,,,,,,
上海,移动,1344511,,1368194,,,,,1484222,,,,1574285,,,,1709196,1723919,,,,,,,,
上海,移动,1344512,,1368195,,,,,1484223,,,,1574286,,,,1709197,1723920,,,,,,,,
上海,移动,1344513,,1368196,,,,,1484224,,,,1574287,,,,1709198,1723921,,,,,,,,
上海,移动,1344514,,1368197,,,,,1484225,,,,1574288,,,,1709199,1723922,,,,,,,,
上海,移动,1344515,,1368198,,,,,1484226,,,,1574289,,,,1709210,1723923,,,,,,,,
上海,移动,1344516,,1368199,,,,,1484227,,,,1574290,,,,1709211,1723924,,,,,,,,
上海,移动,1344517,,,,,,,1484228,,,,1574291,,,,1709212,1723925,,,,,,,,
上海,移动,1344518,,,,,,,1484229,,,,1574292,,,,1709213,1723926,,,,,,,,
上海,移动,1344519,,,,,,,1484230,,,,1574293,,,,1709214,1723927,,,,,,,,
上海,移动,1344520,,,,,,,1484231,,,,1574294,,,,1709215,1723928,,,,,,,,
上海,移动,1344523,,,,,,,1484232,,,,1574295,,,,1709216,1723929,,,,,,,,
上海,移动,1344524,,,,,,,1484233,,,,1574296,,,,1709217,1723930,,,,,,,,
上海,移动,1344525,,,,,,,1484234,,,,1574297,,,,1709218,1723931,,,,,,,,
上海,移动,1344527,,,,,,,1484235,,,,1574298,,,,1709219,1723932,,,,,,,,
上海,移动,1344528,,,,,,,1484236,,,,1574299,,,,,1723933,,,,,,,,
上海,移动,1344529,,,,,,,1484237,,,,1574300,,,,,1723934,,,,,,,,
上海,移动,1344530,,,,,,,1484238,,,,1574301,,,,,1723935,,,,,,,,
上海,移动,1344531,,,,,,,1484239,,,,1574302,,,,,1723936,,,,,,,,
上海,移动,1344532,,,,,,,1484240,,,,1574303,,,,,1723937,,,,,,,,
上海,移动,1344533,,,,,,,1484241,,,,1574304,,,,,1723938,,,,,,,,
上海,移动,1344534,,,,,,,1484242,,,,1574305,,,,,1723939,,,,,,,,
上海,移动,1344535,,,,,,,1484243,,,,1574306,,,,,1723940,,,,,,,,
上海,移动,1344536,,,,,,,1484244,,,,1574307,,,,,1723941,,,,,,,,
上海,移动,1344537,,,,,,,1484245,,,,1574308,,,,,1723942,,,,,,,,
上海,移动,1344538,,,,,,,1484246,,,,1574309,,,,,1723943,,,,,,,,
上海,移动,1344539,,,,,,,1484247,,,,1574310,,,,,1723944,,,,,,,,
上海,移动,1344540,,,,,,,1484248,,,,1574311,,,,,1723945,,,,,,,,
上海,移动,1344541,,,,,,,1484249,,,,1574312,,,,,1723946,,,,,,,,
上海,移动,1344542,,,,,,,1484250,,,,1574313,,,,,1723947,,,,,,,,
上海,移动,1344543,,,,,,,1484251,,,,1574314,,,,,1723948,,,,,,,,
上海,移动,1344544,,,,,,,1484252,,,,1574315,,,,,1723949,,,,,,,,
上海,移动,1344545,,,,,,,1484253,,,,1574316,,,,,1723950,,,,,,,,
上海,移动,1344546,,,,,,,1484254,,,,1574317,,,,,1723951,,,,,,,,
上海,移动,1344547,,,,,,,1484255,,,,1574318,,,,,1723952,,,,,,,,
上海,移动,1344548,,,,,,,1484256,,,,1574319,,,,,1723953,,,,,,,,
上海,移动,1344549,,,,,,,1484257,,,,1574320,,,,,1723954,,,,,,,,
上海,移动,1344550,,,,,,,1484258,,,,1574321,,,,,1723955,,,,,,,,
上海,移动,1344551,,,,,,,1484259,,,,1574322,,,,,1723956,,,,,,,,
上海,移动,1344552,,,,,,,1484260,,,,1574323,,,,,1723957,,,,,,,,
上海,移动,1344553,,,,,,,1484261,,,,1574324,,,,,1723958,,,,,,,,
上海,移动,1344554,,,,,,,1484262,,,,1574325,,,,,1723959,,,,,,,,
上海,移动,1344555,,,,,,,1484263,,,,1574326,,,,,1723960,,,,,,,,
上海,移动,1344557,,,,,,,1484264,,,,1574327,,,,,1723961,,,,,,,,
上海,移动,1344558,,,,,,,1484265,,,,1574328,,,,,1723962,,,,,,,,
上海,移动,1344559,,,,,,,1484266,,,,1574329,,,,,1723963,,,,,,,,
上海,移动,1344560,,,,,,,1484267,,,,1574330,,,,,1723964,,,,,,,,
上海,移动,1344561,,,,,,,1484268,,,,1574331,,,,,1723965,,,,,,,,
上海,移动,1344562,,,,,,,1484269,,,,1574332,,,,,1723966,,,,,,,,
上海,移动,1344563,,,,,,,1484270,,,,1574333,,,,,1723967,,,,,,,,
上海,移动,1344564,,,,,,,1484271,,,,1574334,,,,,1723968,,,,,,,,
上海,移动,1344566,,,,,,,1484272,,,,1574335,,,,,1723969,,,,,,,,
上海,移动,1344567,,,,,,,1484273,,,,1574336,,,,,1723970,,,,,,,,
上海,移动,1344568,,,,,,,1484274,,,,1574337,,,,,1723971,,,,,,,,
上海,移动,1344570,,,,,,,1484275,,,,1574338,,,,,1723972,,,,,,,,
上海,移动,1344571,,,,,,,1484276,,,,1574339,,,,,1723973,,,,,,,,
上海,移动,1344573,,,,,,,1484277,,,,1574340,,,,,1723974,,,,,,,,
上海,移动,1344574,,,,,,,1484278,,,,1574341,,,,,1723975,,,,,,,,
上海,移动,1344575,,,,,,,1484279,,,,1574342,,,,,1723976,,,,,,,,
上海,移动,1344576,,,,,,,1484280,,,,1574343,,,,,1723977,,,,,,,,
上海,移动,1344577,,,,,,,1484281,,,,1574344,,,,,1723978,,,,,,,,
上海,移动,1344578,,,,,,,1484282,,,,1574345,,,,,1723979,,,,,,,,
上海,移动,1344580,,,,,,,1484283,,,,1574346,,,,,1723980,,,,,,,,
上海,移动,1344581,,,,,,,1484284,,,,1574347,,,,,1723981,,,,,,,,
上海,移动,1344582,,,,,,,1484285,,,,1574348,,,,,1723982,,,,,,,,
上海,移动,1344585,,,,,,,1484286,,,,1574349,,,,,1723983,,,,,,,,
上海,移动,1344586,,,,,,,1484287,,,,1574350,,,,,1723984,,,,,,,,
上海,移动,1344587,,,,,,,1484288,,,,1574351,,,,,1723985,,,,,,,,
上海,移动,1344589,,,,,,,1484289,,,,1574352,,,,,1723986,,,,,,,,
上海,移动,1344591,,,,,,,1484290,,,,1574353,,,,,1723987,,,,,,,,
上海,移动,1344592,,,,,,,1484291,,,,1574354,,,,,1723988,,,,,,,,
上海,移动,1344593,,,,,,,1484292,,,,1574355,,,,,1723989,,,,,,,,
上海,移动,1344594,,,,,,,1484293,,,,1574356,,,,,1723990,,,,,,,,
上海,移动,1344595,,,,,,,1484294,,,,1574357,,,,,1723991,,,,,,,,
上海,移动,1344596,,,,,,,1484295,,,,1574358,,,,,1723992,,,,,,,,
上海,移动,1344597,,,,,,,1484296,,,,1574359,,,,,1723993,,,,,,,,
上海,移动,1344598,,,,,,,1484297,,,,1574360,,,,,1723994,,,,,,,,
上海,移动,1344600,,,,,,,1484298,,,,1574361,,,,,1723995,,,,,,,,
上海,移动,1344601,,,,,,,1484299,,,,1574362,,,,,1723996,,,,,,,,
上海,移动,1344602,,,,,,,1485202,,,,1574363,,,,,1723997,,,,,,,,
上海,移动,1344603,,,,,,,1485203,,,,1574364,,,,,1723998,,,,,,,,
上海,移动,1344604,,,,,,,1485208,,,,1574365,,,,,1723999,,,,,,,,
上海,移动,1344605,,,,,,,1485265,,,,1574366,,,,,1724429,,,,,,,,
上海,移动,1344606,,,,,,,1485273,,,,1574367,,,,,1724430,,,,,,,,
上海,移动,1344607,,,,,,,1485276,,,,1574368,,,,,1724431,,,,,,,,
上海,移动,1344609,,,,,,,1485300,,,,1574369,,,,,1724432,,,,,,,,
上海,移动,1344610,,,,,,,1485309,,,,1574370,,,,,1724433,,,,,,,,
上海,移动,1344611,,,,,,,1485368,,,,1574371,,,,,1724434,,,,,,,,
上海,移动,1344612,,,,,,,1485373,,,,1574372,,,,,1724435,,,,,,,,
上海,移动,1344613,,,,,,,1485385,,,,1574373,,,,,1724436,,,,,,,,
上海,移动,1344614,,,,,,,1487114,,,,1574374,,,,,1724437,,,,,,,,
上海,移动,1344615,,,,,,,1487115,,,,1574375,,,,,1724438,,,,,,,,
上海,移动,1344616,,,,,,,1487116,,,,1574376,,,,,1724439,,,,,,,,
上海,移动,1344618,,,,,,,1487117,,,,1574377,,,,,1724440,,,,,,,,
上海,移动,1344619,,,,,,,1487118,,,,1574378,,,,,1724441,,,,,,,,
上海,移动,1344620,,,,,,,1487119,,,,1574379,,,,,1724442,,,,,,,,
上海,移动,1344621,,,,,,,1487120,,,,1574380,,,,,1724443,,,,,,,,
上海,移动,1344622,,,,,,,1487121,,,,1574381,,,,,1724444,,,,,,,,
上海,移动,1344623,,,,,,,1487122,,,,1574382,,,,,1724445,,,,,,,,
上海,移动,1344624,,,,,,,1487123,,,,1574383,,,,,1724446,,,,,,,,
上海,移动,1344625,,,,,,,1487124,,,,1574384,,,,,1724447,,,,,,,,
上海,移动,1344626,,,,,,,1487125,,,,1574385,,,,,1724448,,,,,,,,
上海,移动,1344627,,,,,,,1487126,,,,1574386,,,,,1724449,,,,,,,,
上海,移动,1344628,,,,,,,1487127,,,,1574387,,,,,1724450,,,,,,,,
上海,移动,1344629,,,,,,,1487128,,,,1574388,,,,,1724451,,,,,,,,
上海,移动,1344630,,,,,,,1487129,,,,1574389,,,,,1724452,,,,,,,,
上海,移动,1344631,,,,,,,1487130,,,,1574390,,,,,1724453,,,,,,,,
上海,移动,1344632,,,,,,,1487131,,,,1574391,,,,,1724454,,,,,,,,
上海,移动,1344633,,,,,,,1487132,,,,1574392,,,,,1724455,,,,,,,,
上海,移动,1344634,,,,,,,1487133,,,,1574393,,,,,1724456,,,,,,,,
上海,移动,1344635,,,,,,,1487134,,,,1574394,,,,,1724457,,,,,,,,
上海,移动,1344636,,,,,,,1487135,,,,1574395,,,,,1724458,,,,,,,,
上海,移动,1344637,,,,,,,1487136,,,,1574396,,,,,1724459,,,,,,,,
上海,移动,1344638,,,,,,,1487137,,,,1574397,,,,,1724460,,,,,,,,
上海,移动,1344639,,,,,,,1487138,,,,1574398,,,,,1724461,,,,,,,,
上海,移动,1344640,,,,,,,1487139,,,,1574399,,,,,1724462,,,,,,,,
上海,移动,1344641,,,,,,,1487200,,,,1574400,,,,,1724463,,,,,,,,
上海,移动,1344642,,,,,,,1487201,,,,1574401,,,,,1724464,,,,,,,,
上海,移动,1344643,,,,,,,1487202,,,,1574402,,,,,1724465,,,,,,,,
上海,移动,1344644,,,,,,,1487203,,,,1574403,,,,,1724466,,,,,,,,
上海,移动,1344645,,,,,,,1487204,,,,1574404,,,,,1724467,,,,,,,,
上海,移动,1344646,,,,,,,1487205,,,,1574405,,,,,1724468,,,,,,,,
上海,移动,1344648,,,,,,,1487206,,,,1574406,,,,,1724469,,,,,,,,
上海,移动,1344649,,,,,,,1487207,,,,1574407,,,,,1724470,,,,,,,,
上海,移动,1344650,,,,,,,1487208,,,,1574408,,,,,1724471,,,,,,,,
上海,移动,1344651,,,,,,,1487209,,,,1574409,,,,,1724472,,,,,,,,
上海,移动,1344652,,,,,,,1487210,,,,1574410,,,,,1724473,,,,,,,,
上海,移动,1344653,,,,,,,1487211,,,,1574411,,,,,1724474,,,,,,,,
上海,移动,1344654,,,,,,,1487212,,,,1574412,,,,,1724475,,,,,,,,
上海,移动,1344656,,,,,,,1487213,,,,1574413,,,,,1724476,,,,,,,,
上海,移动,1344657,,,,,,,1487214,,,,1574414,,,,,1724477,,,,,,,,
上海,移动,1344658,,,,,,,1487215,,,,1574415,,,,,1724478,,,,,,,,
上海,移动,1344659,,,,,,,1487216,,,,1574416,,,,,1724479,,,,,,,,
上海,移动,1344660,,,,,,,1487217,,,,1574417,,,,,1724600,,,,,,,,
上海,移动,1344661,,,,,,,1487218,,,,1574418,,,,,1724601,,,,,,,,
上海,移动,1344662,,,,,,,1487219,,,,1574419,,,,,1724602,,,,,,,,
上海,移动,1344663,,,,,,,1487220,,,,1574420,,,,,1724603,,,,,,,,
上海,移动,1344664,,,,,,,1487221,,,,1574421,,,,,1724604,,,,,,,,
上海,移动,1344665,,,,,,,1487222,,,,1574422,,,,,1724605,,,,,,,,
上海,移动,1344666,,,,,,,1487223,,,,1574423,,,,,1724606,,,,,,,,
上海,移动,1344667,,,,,,,1487224,,,,1574424,,,,,1724607,,,,,,,,
上海,移动,1344669,,,,,,,1487225,,,,1574425,,,,,1724608,,,,,,,,
上海,移动,1344670,,,,,,,1487226,,,,1574426,,,,,1724609,,,,,,,,
上海,移动,1344671,,,,,,,1487227,,,,1574427,,,,,1724610,,,,,,,,
上海,移动,1344673,,,,,,,1487228,,,,1574428,,,,,1724611,,,,,,,,
上海,移动,1344674,,,,,,,1487229,,,,1574429,,,,,1724612,,,,,,,,
上海,移动,1344675,,,,,,,1487230,,,,1574430,,,,,1724613,,,,,,,,
上海,移动,1344676,,,,,,,1487231,,,,1574431,,,,,1724614,,,,,,,,
上海,移动,1344677,,,,,,,1487232,,,,1574432,,,,,1724615,,,,,,,,
上海,移动,1344678,,,,,,,1487233,,,,1574433,,,,,1724616,,,,,,,,
上海,移动,1344679,,,,,,,1487234,,,,1574434,,,,,1724617,,,,,,,,
上海,移动,1344680,,,,,,,1487235,,,,1574435,,,,,1724618,,,,,,,,
上海,移动,1344681,,,,,,,1487236,,,,1574436,,,,,1724619,,,,,,,,
上海,移动,1344682,,,,,,,1487237,,,,1574437,,,,,1724620,,,,,,,,
上海,移动,1344685,,,,,,,1487238,,,,1574438,,,,,1724621,,,,,,,,
上海,移动,1344686,,,,,,,1487239,,,,1574439,,,,,1724622,,,,,,,,
上海,移动,1344689,,,,,,,1487240,,,,1574440,,,,,1724623,,,,,,,,
上海,移动,1344691,,,,,,,1487241,,,,1574441,,,,,1724624,,,,,,,,
上海,移动,1344692,,,,,,,1487242,,,,1574442,,,,,1724625,,,,,,,,
上海,移动,1344694,,,,,,,1487243,,,,1574443,,,,,1724626,,,,,,,,
上海,移动,1344695,,,,,,,1487244,,,,1574444,,,,,1724627,,,,,,,,
上海,移动,1344696,,,,,,,1487245,,,,1574445,,,,,1724628,,,,,,,,
上海,移动,1344698,,,,,,,1487246,,,,1574446,,,,,1724629,,,,,,,,
上海,移动,1344700,,,,,,,1487247,,,,1574447,,,,,1724630,,,,,,,,
上海,移动,1344701,,,,,,,1487248,,,,1574448,,,,,1724631,,,,,,,,
上海,移动,1344702,,,,,,,1487249,,,,1574449,,,,,1724632,,,,,,,,
上海,移动,1344703,,,,,,,1487250,,,,1574450,,,,,1724633,,,,,,,,
上海,移动,1344704,,,,,,,1487251,,,,1574451,,,,,1724634,,,,,,,,
上海,移动,1344705,,,,,,,1487252,,,,1574452,,,,,1724635,,,,,,,,
上海,移动,1344706,,,,,,,1487253,,,,1574453,,,,,1724636,,,,,,,,
上海,移动,1344707,,,,,,,1487254,,,,1574454,,,,,1724637,,,,,,,,
上海,移动,1344708,,,,,,,1487255,,,,1574455,,,,,1724638,,,,,,,,
上海,移动,1344709,,,,,,,1487256,,,,1574456,,,,,1724639,,,,,,,,
上海,移动,1347240,,,,,,,1487257,,,,1574457,,,,,1724640,,,,,,,,
上海,移动,1347241,,,,,,,1487258,,,,1574458,,,,,1724641,,,,,,,,
上海,移动,1347242,,,,,,,1487259,,,,1574459,,,,,1724642,,,,,,,,
上海,移动,1347243,,,,,,,1487260,,,,1574460,,,,,1724643,,,,,,,,
上海,移动,1347244,,,,,,,1487261,,,,1574461,,,,,1724644,,,,,,,,
上海,移动,1347245,,,,,,,1487262,,,,1574462,,,,,1724645,,,,,,,,
上海,移动,1347246,,,,,,,1487263,,,,1574463,,,,,1724646,,,,,,,,
上海,移动,1347247,,,,,,,1487264,,,,1574464,,,,,1724647,,,,,,,,
上海,移动,1347248,,,,,,,1487265,,,,1574465,,,,,1724648,,,,,,,,
上海,移动,1347249,,,,,,,1487266,,,,1574466,,,,,1724649,,,,,,,,
上海,移动,1347250,,,,,,,1487267,,,,1574467,,,,,1724650,,,,,,,,
上海,移动,1347251,,,,,,,1487268,,,,1574468,,,,,1724651,,,,,,,,
上海,移动,1347252,,,,,,,1487269,,,,1574469,,,,,1724652,,,,,,,,
上海,移动,1347253,,,,,,,1487270,,,,1574470,,,,,1724653,,,,,,,,
上海,移动,1347254,,,,,,,1487271,,,,1574471,,,,,1724654,,,,,,,,
上海,移动,1347255,,,,,,,1487272,,,,1574472,,,,,1724655,,,,,,,,
上海,移动,1347256,,,,,,,1487273,,,,1574473,,,,,1724656,,,,,,,,
上海,移动,1347257,,,,,,,1487274,,,,1574474,,,,,1724657,,,,,,,,
上海,移动,1347258,,,,,,,1487275,,,,1574475,,,,,1724658,,,,,,,,
上海,移动,1347259,,,,,,,1487276,,,,1574476,,,,,1724659,,,,,,,,
上海,移动,1347260,,,,,,,1487277,,,,1574477,,,,,1724660,,,,,,,,
上海,移动,1347261,,,,,,,1487278,,,,1574478,,,,,1724661,,,,,,,,
上海,移动,1347262,,,,,,,1487279,,,,1574479,,,,,1724662,,,,,,,,
上海,移动,1347263,,,,,,,1487280,,,,1574480,,,,,1724663,,,,,,,,
上海,移动,1347264,,,,,,,1487281,,,,1574481,,,,,1724664,,,,,,,,
上海,移动,1347265,,,,,,,1487282,,,,1574482,,,,,1724665,,,,,,,,
上海,移动,1347266,,,,,,,1487283,,,,1574483,,,,,1724666,,,,,,,,
上海,移动,1347267,,,,,,,1487284,,,,1574484,,,,,1724667,,,,,,,,
上海,移动,1347268,,,,,,,1487285,,,,1574485,,,,,1724668,,,,,,,,
上海,移动,1347269,,,,,,,1487286,,,,1574486,,,,,1724669,,,,,,,,
上海,移动,1347270,,,,,,,1487287,,,,1574487,,,,,1724670,,,,,,,,
上海,移动,1347271,,,,,,,1487288,,,,1574488,,,,,1724671,,,,,,,,
上海,移动,1347272,,,,,,,1487289,,,,1574489,,,,,1724672,,,,,,,,
上海,移动,1347273,,,,,,,1487463,,,,1574490,,,,,1724673,,,,,,,,
上海,移动,1347274,,,,,,,1487464,,,,1574491,,,,,1724674,,,,,,,,
上海,移动,1347275,,,,,,,1487465,,,,1574492,,,,,1724675,,,,,,,,
上海,移动,1347276,,,,,,,1487466,,,,1574493,,,,,1724676,,,,,,,,
上海,移动,1347277,,,,,,,1487467,,,,1574494,,,,,1724677,,,,,,,,
上海,移动,1347278,,,,,,,1487468,,,,1574495,,,,,1724678,,,,,,,,
上海,移动,1347279,,,,,,,1487469,,,,1574496,,,,,1724679,,,,,,,,
上海,移动,1347280,,,,,,,1487470,,,,1574497,,,,,1724680,,,,,,,,
上海,移动,1347281,,,,,,,1487471,,,,1574498,,,,,1724681,,,,,,,,
上海,移动,1347282,,,,,,,1487472,,,,1574499,,,,,1724682,,,,,,,,
上海,移动,1347283,,,,,,,1487473,,,,1574500,,,,,1724683,,,,,,,,
上海,移动,1347284,,,,,,,1487474,,,,1574501,,,,,1724684,,,,,,,,
上海,移动,1347285,,,,,,,1487475,,,,1574502,,,,,1724685,,,,,,,,
上海,移动,1347286,,,,,,,1487476,,,,1574503,,,,,1724686,,,,,,,,
上海,移动,1347287,,,,,,,1487477,,,,1574504,,,,,1724687,,,,,,,,
上海,移动,1347288,,,,,,,1487478,,,,1574505,,,,,1724688,,,,,,,,
上海,移动,1347289,,,,,,,1487479,,,,1574506,,,,,1724689,,,,,,,,
上海,移动,1348200,,,,,,,1487480,,,,1574507,,,,,1724690,,,,,,,,
上海,移动,1348201,,,,,,,1487481,,,,1574508,,,,,1724691,,,,,,,,
上海,移动,1348202,,,,,,,1487482,,,,1574509,,,,,1724692,,,,,,,,
上海,移动,1348203,,,,,,,1487483,,,,1574510,,,,,1724693,,,,,,,,
上海,移动,1348204,,,,,,,1487484,,,,1574511,,,,,1724694,,,,,,,,
上海,移动,1348205,,,,,,,1487485,,,,1574512,,,,,1724695,,,,,,,,
上海,移动,1348206,,,,,,,1487486,,,,1574513,,,,,1724696,,,,,,,,
上海,移动,1348207,,,,,,,1487487,,,,1574514,,,,,1724697,,,,,,,,
上海,移动,1348208,,,,,,,1487488,,,,1574515,,,,,1724698,,,,,,,,
上海,移动,1348209,,,,,,,1487489,,,,1574516,,,,,1724699,,,,,,,,
上海,移动,1348210,,,,,,,1487490,,,,1574517,,,,,1725000,,,,,,,,
上海,移动,1348211,,,,,,,1487491,,,,1574518,,,,,1725001,,,,,,,,
上海,移动,1348212,,,,,,,1487492,,,,1574519,,,,,1725002,,,,,,,,
上海,移动,1348213,,,,,,,1487493,,,,1574520,,,,,1725003,,,,,,,,
上海,移动,1348214,,,,,,,1487494,,,,1574521,,,,,1725004,,,,,,,,
上海,移动,1348215,,,,,,,1487495,,,,1574522,,,,,1725005,,,,,,,,
上海,移动,1348216,,,,,,,1487496,,,,1574523,,,,,1725006,,,,,,,,
上海,移动,1348217,,,,,,,1487497,,,,1574524,,,,,1725007,,,,,,,,
上海,移动,1348218,,,,,,,1487498,,,,1574525,,,,,1725008,,,,,,,,
上海,移动,1348219,,,,,,,1487499,,,,1574526,,,,,1725009,,,,,,,,
上海,移动,1348220,,,,,,,1488001,,,,1574527,,,,,1725010,,,,,,,,
上海,移动,1348221,,,,,,,1488002,,,,1574528,,,,,1725011,,,,,,,,
上海,移动,1348222,,,,,,,1488050,,,,1574529,,,,,1725012,,,,,,,,
上海,移动,1348223,,,,,,,1488051,,,,1574530,,,,,1725013,,,,,,,,
上海,移动,1348224,,,,,,,1488052,,,,1574531,,,,,1725014,,,,,,,,
上海,移动,1348225,,,,,,,1488053,,,,1574532,,,,,1725015,,,,,,,,
上海,移动,1348226,,,,,,,1488054,,,,1574533,,,,,1725016,,,,,,,,
上海,移动,1348227,,,,,,,1488200,,,,1574534,,,,,1725017,,,,,,,,
上海,移动,1348228,,,,,,,1488201,,,,1574535,,,,,1725018,,,,,,,,
上海,移动,1348229,,,,,,,1488202,,,,1574536,,,,,1725019,,,,,,,,
上海,移动,1348230,,,,,,,1488203,,,,1574537,,,,,1725020,,,,,,,,
上海,移动,1348231,,,,,,,1488204,,,,1574538,,,,,1725021,,,,,,,,
上海,移动,1348232,,,,,,,1488205,,,,1574539,,,,,1725022,,,,,,,,
上海,移动,1348233,,,,,,,1488206,,,,1574540,,,,,1725023,,,,,,,,
上海,移动,1348234,,,,,,,1488207,,,,1574541,,,,,1725024,,,,,,,,
上海,移动,1348235,,,,,,,1488208,,,,1574542,,,,,1725025,,,,,,,,
上海,移动,1348236,,,,,,,1488209,,,,1574543,,,,,1725026,,,,,,,,
上海,移动,1348237,,,,,,,1488210,,,,1574544,,,,,1725027,,,,,,,,
上海,移动,1348238,,,,,,,1488211,,,,1574545,,,,,1725028,,,,,,,,
上海,移动,1348239,,,,,,,1488212,,,,1574546,,,,,1725029,,,,,,,,
上海,移动,1348240,,,,,,,1488213,,,,1574547,,,,,1725030,,,,,,,,
上海,移动,1348241,,,,,,,1488214,,,,1574548,,,,,1725031,,,,,,,,
上海,移动,1348242,,,,,,,1488215,,,,1574549,,,,,1725032,,,,,,,,
上海,移动,1348243,,,,,,,1488216,,,,1574550,,,,,1725033,,,,,,,,
上海,移动,1348244,,,,,,,1488217,,,,1574551,,,,,1725034,,,,,,,,
上海,移动,1348245,,,,,,,1488218,,,,1574552,,,,,1725035,,,,,,,,
上海,移动,1348246,,,,,,,1488219,,,,1574553,,,,,1725036,,,,,,,,
上海,移动,1348247,,,,,,,1488220,,,,1574554,,,,,1725037,,,,,,,,
上海,移动,1348248,,,,,,,1488221,,,,1574555,,,,,1725038,,,,,,,,
上海,移动,1348249,,,,,,,1488222,,,,1574556,,,,,1725039,,,,,,,,
上海,移动,1348250,,,,,,,1488223,,,,1574557,,,,,1725040,,,,,,,,
上海,移动,1348251,,,,,,,1488224,,,,1574558,,,,,1725041,,,,,,,,
上海,移动,1348252,,,,,,,1488225,,,,1574559,,,,,1725042,,,,,,,,
上海,移动,1348253,,,,,,,1488226,,,,1574560,,,,,1725043,,,,,,,,
上海,移动,1348254,,,,,,,1488227,,,,1574561,,,,,1725044,,,,,,,,
上海,移动,1348255,,,,,,,1488228,,,,1574562,,,,,1725045,,,,,,,,
上海,移动,1348256,,,,,,,1488229,,,,1574563,,,,,1725046,,,,,,,,
上海,移动,1348257,,,,,,,1488230,,,,1574564,,,,,1725047,,,,,,,,
上海,移动,1348258,,,,,,,1488231,,,,1574565,,,,,1725048,,,,,,,,
上海,移动,1348259,,,,,,,1488232,,,,1574566,,,,,1725049,,,,,,,,
上海,移动,1348260,,,,,,,1488233,,,,1574567,,,,,1725607,,,,,,,,
上海,移动,1348261,,,,,,,1488234,,,,1574568,,,,,1725608,,,,,,,,
上海,移动,1348262,,,,,,,1488235,,,,1574569,,,,,1725609,,,,,,,,
上海,移动,1348263,,,,,,,1488236,,,,1574570,,,,,1725610,,,,,,,,
上海,移动,1348264,,,,,,,1488237,,,,1574571,,,,,1725611,,,,,,,,
上海,移动,1348265,,,,,,,1488238,,,,1574572,,,,,1725612,,,,,,,,
上海,移动,1348266,,,,,,,1488239,,,,1574573,,,,,1725613,,,,,,,,
上海,移动,1348267,,,,,,,1488240,,,,1574574,,,,,1725614,,,,,,,,
上海,移动,1348268,,,,,,,1488241,,,,1574575,,,,,1725615,,,,,,,,
上海,移动,1348269,,,,,,,1488242,,,,1574576,,,,,1725616,,,,,,,,
上海,移动,1348270,,,,,,,1488243,,,,1574577,,,,,1725617,,,,,,,,
上海,移动,1348271,,,,,,,1488244,,,,1574578,,,,,1725618,,,,,,,,
上海,移动,1348272,,,,,,,1488245,,,,1574579,,,,,1725619,,,,,,,,
上海,移动,1348273,,,,,,,1488246,,,,1574580,,,,,1725620,,,,,,,,
上海,移动,1348274,,,,,,,1488247,,,,1574581,,,,,1725621,,,,,,,,
上海,移动,1348275,,,,,,,1488248,,,,1574582,,,,,1725622,,,,,,,,
上海,移动,1348276,,,,,,,1488249,,,,1574583,,,,,1725623,,,,,,,,
上海,移动,1348277,,,,,,,1488250,,,,1574584,,,,,1725624,,,,,,,,
上海,移动,1348278,,,,,,,1488251,,,,1574585,,,,,1725625,,,,,,,,
上海,移动,1348279,,,,,,,1488252,,,,1574586,,,,,1725626,,,,,,,,
上海,移动,1348280,,,,,,,1488253,,,,1574587,,,,,1725627,,,,,,,,
上海,移动,1348281,,,,,,,1488254,,,,1574588,,,,,1725628,,,,,,,,
上海,移动,1348282,,,,,,,1488255,,,,1574589,,,,,1725629,,,,,,,,
上海,移动,1348283,,,,,,,1488256,,,,1574590,,,,,1725630,,,,,,,,
上海,移动,1348284,,,,,,,1488257,,,,1574591,,,,,1725631,,,,,,,,
上海,移动,1348285,,,,,,,1488258,,,,1574592,,,,,1725632,,,,,,,,
上海,移动,1348286,,,,,,,1488259,,,,1574593,,,,,1725633,,,,,,,,
上海,移动,1348287,,,,,,,1488260,,,,1574594,,,,,1725634,,,,,,,,
上海,移动,1348288,,,,,,,1488261,,,,1574595,,,,,1725635,,,,,,,,
上海,移动,1348289,,,,,,,1488262,,,,1574596,,,,,1725636,,,,,,,,
上海,移动,,,,,,,,1488263,,,,1574597,,,,,1726263,,,,,,,,
上海,移动,,,,,,,,1488264,,,,1574598,,,,,1726484,,,,,,,,
上海,移动,,,,,,,,1488265,,,,1574599,,,,,1726490,,,,,,,,
上海,移动,,,,,,,,1488266,,,,1574600,,,,,1726491,,,,,,,,
上海,移动,,,,,,,,1488267,,,,1574601,,,,,1726492,,,,,,,,
上海,移动,,,,,,,,1488268,,,,1574602,,,,,1726493,,,,,,,,
上海,移动,,,,,,,,1488269,,,,1574603,,,,,1726494,,,,,,,,
上海,移动,,,,,,,,1488270,,,,1574604,,,,,1726495,,,,,,,,
上海,移动,,,,,,,,1488271,,,,1574605,,,,,1726496,,,,,,,,
上海,移动,,,,,,,,1488272,,,,1574606,,,,,1726497,,,,,,,,
上海,移动,,,,,,,,1488273,,,,1574607,,,,,1726904,,,,,,,,
上海,移动,,,,,,,,1488274,,,,1574608,,,,,1726924,,,,,,,,
上海,移动,,,,,,,,1488275,,,,1574609,,,,,1726930,,,,,,,,
上海,移动,,,,,,,,1488276,,,,1574610,,,,,1726931,,,,,,,,
上海,移动,,,,,,,,1488277,,,,1574611,,,,,1726932,,,,,,,,
上海,移动,,,,,,,,1488278,,,,1574612,,,,,1726933,,,,,,,,
上海,移动,,,,,,,,1488279,,,,1574613,,,,,1726934,,,,,,,,
上海,移动,,,,,,,,1488700,,,,1574614,,,,,1726935,,,,,,,,
上海,移动,,,,,,,,1488701,,,,1574615,,,,,1726936,,,,,,,,
上海,移动,,,,,,,,1488702,,,,1574616,,,,,1726937,,,,,,,,
上海,移动,,,,,,,,1488703,,,,1574617,,,,,1726938,,,,,,,,
上海,移动,,,,,,,,1488704,,,,1574618,,,,,1726939,,,,,,,,
上海,移动,,,,,,,,1488705,,,,1574619,,,,,1726940,,,,,,,,
上海,移动,,,,,,,,1488706,,,,1574620,,,,,1726941,,,,,,,,
上海,移动,,,,,,,,1488707,,,,1574621,,,,,1726942,,,,,,,,
上海,移动,,,,,,,,1488708,,,,1574622,,,,,1726943,,,,,,,,
上海,移动,,,,,,,,1488709,,,,1574623,,,,,1726944,,,,,,,,
上海,移动,,,,,,,,1488710,,,,1574624,,,,,1726945,,,,,,,,
上海,移动,,,,,,,,1488711,,,,1574625,,,,,1726946,,,,,,,,
上海,移动,,,,,,,,1488712,,,,1574626,,,,,1726947,,,,,,,,
上海,移动,,,,,,,,1488713,,,,1574627,,,,,1726948,,,,,,,,
上海,移动,,,,,,,,1488714,,,,1574628,,,,,1726949,,,,,,,,
上海,移动,,,,,,,,1488715,,,,1574629,,,,,1726950,,,,,,,,
上海,移动,,,,,,,,1488716,,,,1574630,,,,,1726951,,,,,,,,
上海,移动,,,,,,,,1488717,,,,1574631,,,,,1726952,,,,,,,,
上海,移动,,,,,,,,1488718,,,,1574632,,,,,1726953,,,,,,,,
上海,移动,,,,,,,,1488719,,,,1574633,,,,,1726954,,,,,,,,
上海,移动,,,,,,,,1488720,,,,1574634,,,,,1726955,,,,,,,,
上海,移动,,,,,,,,1488721,,,,1574635,,,,,1726956,,,,,,,,
上海,移动,,,,,,,,1488722,,,,1574636,,,,,1726957,,,,,,,,
上海,移动,,,,,,,,1488723,,,,1574637,,,,,1726958,,,,,,,,
上海,移动,,,,,,,,1488724,,,,1574638,,,,,1726959,,,,,,,,
上海,移动,,,,,,,,1488725,,,,1574639,,,,,1726960,,,,,,,,
上海,移动,,,,,,,,1488726,,,,1574640,,,,,1726961,,,,,,,,
上海,移动,,,,,,,,1488727,,,,1574641,,,,,1726962,,,,,,,,
上海,移动,,,,,,,,1488728,,,,1574642,,,,,1726963,,,,,,,,
上海,移动,,,,,,,,1488729,,,,1574643,,,,,1726964,,,,,,,,
上海,移动,,,,,,,,1488730,,,,1574644,,,,,1726965,,,,,,,,
上海,移动,,,,,,,,1488731,,,,1574645,,,,,1726966,,,,,,,,
上海,移动,,,,,,,,1488732,,,,1574646,,,,,1726967,,,,,,,,
上海,移动,,,,,,,,1488733,,,,1574647,,,,,1726968,,,,,,,,
上海,移动,,,,,,,,1488734,,,,1574648,,,,,1726969,,,,,,,,
上海,移动,,,,,,,,1488735,,,,1574649,,,,,1726970,,,,,,,,
上海,移动,,,,,,,,1488736,,,,1574650,,,,,1726971,,,,,,,,
上海,移动,,,,,,,,1488737,,,,1574651,,,,,1726972,,,,,,,,
上海,移动,,,,,,,,1488738,,,,1574652,,,,,1726973,,,,,,,,
上海,移动,,,,,,,,1488739,,,,1574653,,,,,1726974,,,,,,,,
上海,移动,,,,,,,,1488740,,,,1574654,,,,,1726975,,,,,,,,
上海,移动,,,,,,,,1488741,,,,1574655,,,,,1726976,,,,,,,,
上海,移动,,,,,,,,1488742,,,,1574656,,,,,1726977,,,,,,,,
上海,移动,,,,,,,,1488743,,,,1574657,,,,,1726978,,,,,,,,
上海,移动,,,,,,,,1488744,,,,1574658,,,,,1726979,,,,,,,,
上海,移动,,,,,,,,1488745,,,,1574659,,,,,1726980,,,,,,,,
上海,移动,,,,,,,,1488746,,,,1574660,,,,,1726981,,,,,,,,
上海,移动,,,,,,,,1488747,,,,1574661,,,,,1726982,,,,,,,,
上海,移动,,,,,,,,1488748,,,,1574662,,,,,1726983,,,,,,,,
上海,移动,,,,,,,,1488749,,,,1574663,,,,,1726984,,,,,,,,
上海,移动,,,,,,,,1488900,,,,1574664,,,,,1726985,,,,,,,,
上海,移动,,,,,,,,,,,,1574665,,,,,1726986,,,,,,,,
上海,移动,,,,,,,,,,,,1574666,,,,,1726987,,,,,,,,
上海,移动,,,,,,,,,,,,1574667,,,,,1726988,,,,,,,,
上海,移动,,,,,,,,,,,,1574668,,,,,1726989,,,,,,,,
上海,移动,,,,,,,,,,,,1574669,,,,,1727453,,,,,,,,
上海,移动,,,,,,,,,,,,1574670,,,,,1727457,,,,,,,,
上海,移动,,,,,,,,,,,,1574671,,,,,1727458,,,,,,,,
上海,移动,,,,,,,,,,,,1574672,,,,,1727459,,,,,,,,
上海,移动,,,,,,,,,,,,1574673,,,,,1727460,,,,,,,,
上海,移动,,,,,,,,,,,,1574674,,,,,1727461,,,,,,,,
上海,移动,,,,,,,,,,,,1574675,,,,,1727462,,,,,,,,
上海,移动,,,,,,,,,,,,1574676,,,,,1727463,,,,,,,,
上海,移动,,,,,,,,,,,,1574677,,,,,1727465,,,,,,,,
上海,移动,,,,,,,,,,,,1574678,,,,,1727467,,,,,,,,
上海,移动,,,,,,,,,,,,1574679,,,,,1727468,,,,,,,,
上海,移动,,,,,,,,,,,,1574680,,,,,1727469,,,,,,,,
上海,移动,,,,,,,,,,,,1574681,,,,,1727470,,,,,,,,
上海,移动,,,,,,,,,,,,1574682,,,,,1727471,,,,,,,,
上海,移动,,,,,,,,,,,,1574683,,,,,1727488,,,,,,,,
上海,移动,,,,,,,,,,,,1574684,,,,,1727520,,,,,,,,
上海,移动,,,,,,,,,,,,1574685,,,,,1727661,,,,,,,,
上海,移动,,,,,,,,,,,,1574686,,,,,1727766,,,,,,,,
上海,移动,,,,,,,,,,,,1574687,,,,,1727796,,,,,,,,
上海,移动,,,,,,,,,,,,1574688,,,,,1727820,,,,,,,,
上海,移动,,,,,,,,,,,,1574689,,,,,1727821,,,,,,,,
上海,移动,,,,,,,,,,,,1574690,,,,,1727823,,,,,,,,
上海,移动,,,,,,,,,,,,1574691,,,,,1727825,,,,,,,,
上海,移动,,,,,,,,,,,,1574692,,,,,1727826,,,,,,,,
上海,移动,,,,,,,,,,,,1574693,,,,,1727827,,,,,,,,
上海,移动,,,,,,,,,,,,1574694,,,,,1727828,,,,,,,,
上海,移动,,,,,,,,,,,,1574695,,,,,1727832,,,,,,,,
上海,移动,,,,,,,,,,,,1574696,,,,,1727835,,,,,,,,
上海,移动,,,,,,,,,,,,1574697,,,,,1727881,,,,,,,,
上海,移动,,,,,,,,,,,,1574698,,,,,1727888,,,,,,,,
上海,移动,,,,,,,,,,,,1574699,,,,,1727900,,,,,,,,
上海,移动,,,,,,,,,,,,1574700,,,,,1727995,,,,,,,,
上海,移动,,,,,,,,,,,,1574701,,,,,1728040,,,,,,,,
上海,移动,,,,,,,,,,,,1574702,,,,,1728044,,,,,,,,
上海,移动,,,,,,,,,,,,1574703,,,,,1728049,,,,,,,,
上海,移动,,,,,,,,,,,,1574704,,,,,1728124,,,,,,,,
上海,移动,,,,,,,,,,,,1574705,,,,,1728134,,,,,,,,
上海,移动,,,,,,,,,,,,1574706,,,,,1728140,,,,,,,,
上海,移动,,,,,,,,,,,,1574707,,,,,1728141,,,,,,,,
上海,移动,,,,,,,,,,,,1574708,,,,,1728142,,,,,,,,
上海,移动,,,,,,,,,,,,1574709,,,,,1728143,,,,,,,,
上海,移动,,,,,,,,,,,,1574710,,,,,1728144,,,,,,,,
上海,移动,,,,,,,,,,,,1574711,,,,,1728145,,,,,,,,
上海,移动,,,,,,,,,,,,1574712,,,,,1728147,,,,,,,,
上海,移动,,,,,,,,,,,,1574713,,,,,1728149,,,,,,,,
上海,移动,,,,,,,,,,,,1574714,,,,,1728154,,,,,,,,
上海,移动,,,,,,,,,,,,1574715,,,,,1728174,,,,,,,,
上海,移动,,,,,,,,,,,,1574716,,,,,1728194,,,,,,,,
上海,移动,,,,,,,,,,,,1574717,,,,,1728304,,,,,,,,
上海,移动,,,,,,,,,,,,1574718,,,,,1728324,,,,,,,,
上海,移动,,,,,,,,,,,,1574719,,,,,1728340,,,,,,,,
上海,移动,,,,,,,,,,,,1574720,,,,,1728341,,,,,,,,
上海,移动,,,,,,,,,,,,1574721,,,,,1728342,,,,,,,,
上海,移动,,,,,,,,,,,,1574722,,,,,1728343,,,,,,,,
上海,移动,,,,,,,,,,,,1574723,,,,,1728344,,,,,,,,
上海,移动,,,,,,,,,,,,1574724,,,,,1728347,,,,,,,,
上海,移动,,,,,,,,,,,,1574725,,,,,1728401,,,,,,,,
上海,移动,,,,,,,,,,,,1574726,,,,,1728402,,,,,,,,
上海,移动,,,,,,,,,,,,1574727,,,,,1728403,,,,,,,,
上海,移动,,,,,,,,,,,,1574728,,,,,1728404,,,,,,,,
上海,移动,,,,,,,,,,,,1574729,,,,,1728405,,,,,,,,
上海,移动,,,,,,,,,,,,1574730,,,,,1728407,,,,,,,,
上海,移动,,,,,,,,,,,,1574731,,,,,1728409,,,,,,,,
上海,移动,,,,,,,,,,,,1574732,,,,,1728410,,,,,,,,
上海,移动,,,,,,,,,,,,1574733,,,,,1728413,,,,,,,,
上海,移动,,,,,,,,,,,,1574734,,,,,1728420,,,,,,,,
上海,移动,,,,,,,,,,,,1574735,,,,,1728423,,,,,,,,
上海,移动,,,,,,,,,,,,1574736,,,,,1728424,,,,,,,,
上海,移动,,,,,,,,,,,,1574737,,,,,1728425,,,,,,,,
上海,移动,,,,,,,,,,,,1574738,,,,,1728430,,,,,,,,
上海,移动,,,,,,,,,,,,1574739,,,,,1728440,,,,,,,,
上海,移动,,,,,,,,,,,,1574740,,,,,1728441,,,,,,,,
上海,移动,,,,,,,,,,,,1574741,,,,,1728442,,,,,,,,
上海,移动,,,,,,,,,,,,1574742,,,,,1728443,,,,,,,,
上海,移动,,,,,,,,,,,,1574743,,,,,1728444,,,,,,,,
上海,移动,,,,,,,,,,,,1574744,,,,,1728445,,,,,,,,
上海,移动,,,,,,,,,,,,1574745,,,,,1728446,,,,,,,,
上海,移动,,,,,,,,,,,,1574746,,,,,1728447,,,,,,,,
上海,移动,,,,,,,,,,,,1574747,,,,,1728448,,,,,,,,
上海,移动,,,,,,,,,,,,1574748,,,,,1728449,,,,,,,,
上海,移动,,,,,,,,,,,,1574749,,,,,1728450,,,,,,,,
上海,移动,,,,,,,,,,,,1574750,,,,,1728490,,,,,,,,
上海,移动,,,,,,,,,,,,1574751,,,,,1728491,,,,,,,,
上海,移动,,,,,,,,,,,,1574752,,,,,1728492,,,,,,,,
上海,移动,,,,,,,,,,,,1574753,,,,,1728493,,,,,,,,
上海,移动,,,,,,,,,,,,1574754,,,,,1728494,,,,,,,,
上海,移动,,,,,,,,,,,,1574755,,,,,1728495,,,,,,,,
上海,移动,,,,,,,,,,,,1574756,,,,,1728497,,,,,,,,
上海,移动,,,,,,,,,,,,1574757,,,,,1728924,,,,,,,,
上海,移动,,,,,,,,,,,,1574758,,,,,1728928,,,,,,,,
上海,移动,,,,,,,,,,,,1574759,,,,,1728940,,,,,,,,
上海,移动,,,,,,,,,,,,1574760,,,,,1728942,,,,,,,,
上海,移动,,,,,,,,,,,,1574761,,,,,1728944,,,,,,,,
上海,移动,,,,,,,,,,,,1574762,,,,,1728945,,,,,,,,
上海,移动,,,,,,,,,,,,1574763,,,,,1728947,,,,,,,,
上海,移动,,,,,,,,,,,,1574764,,,,,1728949,,,,,,,,
上海,移动,,,,,,,,,,,,1574765,,,,,1729580,,,,,,,,
上海,移动,,,,,,,,,,,,1574766,,,,,1729581,,,,,,,,
上海,移动,,,,,,,,,,,,1574767,,,,,1729582,,,,,,,,
上海,移动,,,,,,,,,,,,1574768,,,,,1729583,,,,,,,,
上海,移动,,,,,,,,,,,,1574769,,,,,1729584,,,,,,,,
上海,移动,,,,,,,,,,,,1574770,,,,,1729585,,,,,,,,
上海,移动,,,,,,,,,,,,1574771,,,,,1729586,,,,,,,,
上海,移动,,,,,,,,,,,,1574772,,,,,1729587,,,,,,,,
上海,移动,,,,,,,,,,,,1574773,,,,,1729588,,,,,,,,
上海,移动,,,,,,,,,,,,1574774,,,,,1729589,,,,,,,,
上海,移动,,,,,,,,,,,,1574775,,,,,1729590,,,,,,,,
上海,移动,,,,,,,,,,,,1574776,,,,,1729591,,,,,,,,
上海,移动,,,,,,,,,,,,1574777,,,,,1729592,,,,,,,,
上海,移动,,,,,,,,,,,,1574778,,,,,1729593,,,,,,,,
上海,移动,,,,,,,,,,,,1574779,,,,,1729594,,,,,,,,
上海,移动,,,,,,,,,,,,1574780,,,,,1729595,,,,,,,,
上海,移动,,,,,,,,,,,,1574781,,,,,1729596,,,,,,,,
上海,移动,,,,,,,,,,,,1574782,,,,,1729597,,,,,,,,
上海,移动,,,,,,,,,,,,1574783,,,,,1729598,,,,,,,,
上海,移动,,,,,,,,,,,,1574784,,,,,1729599,,,,,,,,
上海,移动,,,,,,,,,,,,1574785,,,,,1729604,,,,,,,,
上海,移动,,,,,,,,,,,,1574786,,,,,1729800,,,,,,,,
上海,移动,,,,,,,,,,,,1574787,,,,,1729801,,,,,,,,
上海,移动,,,,,,,,,,,,1574788,,,,,1729802,,,,,,,,
上海,移动,,,,,,,,,,,,1574789,,,,,1729803,,,,,,,,
上海,移动,,,,,,,,,,,,1574790,,,,,1729804,,,,,,,,
上海,移动,,,,,,,,,,,,1574791,,,,,1729805,,,,,,,,
上海,移动,,,,,,,,,,,,1574792,,,,,1729806,,,,,,,,
上海,移动,,,,,,,,,,,,1574793,,,,,1729807,,,,,,,,
上海,移动,,,,,,,,,,,,1574794,,,,,1729808,,,,,,,,
上海,移动,,,,,,,,,,,,1574795,,,,,1729809,,,,,,,,
上海,移动,,,,,,,,,,,,1574796,,,,,1729810,,,,,,,,
上海,移动,,,,,,,,,,,,1574797,,,,,1729811,,,,,,,,
上海,移动,,,,,,,,,,,,1574798,,,,,1729812,,,,,,,,
上海,移动,,,,,,,,,,,,1574799,,,,,1729813,,,,,,,,
上海,移动,,,,,,,,,,,,1574800,,,,,1729814,,,,,,,,
上海,移动,,,,,,,,,,,,1574801,,,,,1729815,,,,,,,,
上海,移动,,,,,,,,,,,,1574802,,,,,1729816,,,,,,,,
上海,移动,,,,,,,,,,,,1574803,,,,,1729817,,,,,,,,
上海,移动,,,,,,,,,,,,1574804,,,,,1729818,,,,,,,,
上海,移动,,,,,,,,,,,,1574805,,,,,1729819,,,,,,,,
上海,移动,,,,,,,,,,,,1574806,,,,,1729820,,,,,,,,
上海,移动,,,,,,,,,,,,1574807,,,,,1729821,,,,,,,,
上海,移动,,,,,,,,,,,,1574808,,,,,1729822,,,,,,,,
上海,移动,,,,,,,,,,,,1574809,,,,,1729823,,,,,,,,
上海,移动,,,,,,,,,,,,1574810,,,,,1729824,,,,,,,,
上海,移动,,,,,,,,,,,,1574811,,,,,1729825,,,,,,,,
上海,移动,,,,,,,,,,,,1574812,,,,,1729826,,,,,,,,
上海,移动,,,,,,,,,,,,1574813,,,,,1729827,,,,,,,,
上海,移动,,,,,,,,,,,,1574814,,,,,1729828,,,,,,,,
上海,移动,,,,,,,,,,,,1574815,,,,,1729829,,,,,,,,
上海,移动,,,,,,,,,,,,1574816,,,,,1729830,,,,,,,,
上海,移动,,,,,,,,,,,,1574817,,,,,1729831,,,,,,,,
上海,移动,,,,,,,,,,,,1574818,,,,,1729832,,,,,,,,
上海,移动,,,,,,,,,,,,1574819,,,,,1729833,,,,,,,,
上海,移动,,,,,,,,,,,,1574820,,,,,1729834,,,,,,,,
上海,移动,,,,,,,,,,,,1574821,,,,,1729835,,,,,,,,
上海,移动,,,,,,,,,,,,1574822,,,,,1729836,,,,,,,,
上海,移动,,,,,,,,,,,,1574823,,,,,1729837,,,,,,,,
上海,移动,,,,,,,,,,,,1574824,,,,,1729838,,,,,,,,
上海,移动,,,,,,,,,,,,1574825,,,,,1729839,,,,,,,,
上海,移动,,,,,,,,,,,,1574826,,,,,1729840,,,,,,,,
上海,移动,,,,,,,,,,,,1574827,,,,,1729841,,,,,,,,
上海,移动,,,,,,,,,,,,1574828,,,,,1729842,,,,,,,,
上海,移动,,,,,,,,,,,,1574829,,,,,1729843,,,,,,,,
上海,移动,,,,,,,,,,,,1574830,,,,,1729844,,,,,,,,
上海,移动,,,,,,,,,,,,1574831,,,,,1729845,,,,,,,,
上海,移动,,,,,,,,,,,,1574832,,,,,1729846,,,,,,,,
上海,移动,,,,,,,,,,,,1574833,,,,,1729847,,,,,,,,
上海,移动,,,,,,,,,,,,1574834,,,,,1729848,,,,,,,,
上海,移动,,,,,,,,,,,,1574835,,,,,1729849,,,,,,,,
上海,移动,,,,,,,,,,,,1574836,,,,,1729850,,,,,,,,
上海,移动,,,,,,,,,,,,1574837,,,,,1729851,,,,,,,,
上海,移动,,,,,,,,,,,,1574838,,,,,1729852,,,,,,,,
上海,移动,,,,,,,,,,,,1574839,,,,,1729853,,,,,,,,
上海,移动,,,,,,,,,,,,1574840,,,,,1729854,,,,,,,,
上海,移动,,,,,,,,,,,,1574841,,,,,1729855,,,,,,,,
上海,移动,,,,,,,,,,,,1574842,,,,,1729856,,,,,,,,
上海,移动,,,,,,,,,,,,1574843,,,,,1729857,,,,,,,,
上海,移动,,,,,,,,,,,,1574844,,,,,1729858,,,,,,,,
上海,移动,,,,,,,,,,,,1574845,,,,,1729859,,,,,,,,
上海,移动,,,,,,,,,,,,1574846,,,,,1729860,,,,,,,,
上海,移动,,,,,,,,,,,,1574847,,,,,1729861,,,,,,,,
上海,移动,,,,,,,,,,,,1574848,,,,,1729862,,,,,,,,
上海,移动,,,,,,,,,,,,1574849,,,,,1729863,,,,,,,,
上海,移动,,,,,,,,,,,,1574850,,,,,1729864,,,,,,,,
上海,移动,,,,,,,,,,,,1574851,,,,,1729865,,,,,,,,
上海,移动,,,,,,,,,,,,1574852,,,,,1729866,,,,,,,,
上海,移动,,,,,,,,,,,,1574853,,,,,1729867,,,,,,,,
上海,移动,,,,,,,,,,,,1574854,,,,,1729868,,,,,,,,
上海,移动,,,,,,,,,,,,1574855,,,,,1729869,,,,,,,,
上海,移动,,,,,,,,,,,,1574856,,,,,1729870,,,,,,,,
上海,移动,,,,,,,,,,,,1574857,,,,,1729871,,,,,,,,
上海,移动,,,,,,,,,,,,1574858,,,,,1729872,,,,,,,,
上海,移动,,,,,,,,,,,,1574859,,,,,1729873,,,,,,,,
上海,移动,,,,,,,,,,,,1574860,,,,,1729874,,,,,,,,
上海,移动,,,,,,,,,,,,1574861,,,,,1729875,,,,,,,,
上海,移动,,,,,,,,,,,,1574862,,,,,1729876,,,,,,,,
上海,移动,,,,,,,,,,,,1574863,,,,,1729877,,,,,,,,
上海,移动,,,,,,,,,,,,1574864,,,,,1729878,,,,,,,,
上海,移动,,,,,,,,,,,,1574865,,,,,1729879,,,,,,,,
上海,移动,,,,,,,,,,,,1574866,,,,,1729880,,,,,,,,
上海,移动,,,,,,,,,,,,1574867,,,,,1729881,,,,,,,,
上海,移动,,,,,,,,,,,,1574868,,,,,1729882,,,,,,,,
上海,移动,,,,,,,,,,,,1574869,,,,,1729883,,,,,,,,
上海,移动,,,,,,,,,,,,1574870,,,,,1729884,,,,,,,,
上海,移动,,,,,,,,,,,,1574871,,,,,1729885,,,,,,,,
上海,移动,,,,,,,,,,,,1574872,,,,,1729886,,,,,,,,
上海,移动,,,,,,,,,,,,1574873,,,,,1729887,,,,,,,,
上海,移动,,,,,,,,,,,,1574874,,,,,1729888,,,,,,,,
上海,移动,,,,,,,,,,,,1574875,,,,,1729889,,,,,,,,
上海,移动,,,,,,,,,,,,1574876,,,,,1729890,,,,,,,,
上海,移动,,,,,,,,,,,,1574877,,,,,1729891,,,,,,,,
上海,移动,,,,,,,,,,,,1574878,,,,,1729892,,,,,,,,
上海,移动,,,,,,,,,,,,1574879,,,,,1729893,,,,,,,,
上海,移动,,,,,,,,,,,,1574880,,,,,1729894,,,,,,,,
上海,移动,,,,,,,,,,,,1574881,,,,,,,,,,,,,
上海,移动,,,,,,,,,,,,1574882,,,,,,,,,,,,,
上海,移动,,,,,,,,,,,,1574883,,,,,,,,,,,,,
上海,移动,,,,,,,,,,,,1574884,,,,,,,,,,,,,
上海,移动,,,,,,,,,,,,1574885,,,,,,,,,,,,,
上海,移动,,,,,,,,,,,,1574886,,,,,,,,,,,,,
上海,移动,,,,,,,,,,,,1574887,,,,,,,,,,,,,
上海,移动,,,,,,,,,,,,1574888,,,,,,,,,,,,,
上海,移动,,,,,,,,,,,,1574889,,,,,,,,,,,,,
上海,移动,,,,,,,,,,,,1574890,,,,,,,,,,,,,
上海,移动,,,,,,,,,,,,1574891,,,,,,,,,,,,,
上海,移动,,,,,,,,,,,,1574892,,,,,,,,,,,,,
上海,移动,,,,,,,,,,,,1574893,,,,,,,,,,,,,
上海,移动,,,,,,,,,,,,1574894,,,,,,,,,,,,,
上海,移动,,,,,,,,,,,,1574895,,,,,,,,,,,,,
上海,移动,,,,,,,,,,,,1574896,,,,,,,,,,,,,
上海,移动,,,,,,,,,,,,1574897,,,,,,,,,,,,,
上海,移动,,,,,,,,,,,,1574898,,,,,,,,,,,,,
上海,移动,,,,,,,,,,,,1574899,,,,,,,,,,,,,
上海,移动,,,,,,,,,,,,1574900,,,,,,,,,,,,,
上海,移动,,,,,,,,,,,,1574901,,,,,,,,,,,,,
上海,移动,,,,,,,,,,,,1574902,,,,,,,,,,,,,
上海,移动,,,,,,,,,,,,1574903,,,,,,,,,,,,,
上海,移动,,,,,,,,,,,,1574904,,,,,,,,,,,,,
上海,移动,,,,,,,,,,,,1574905,,,,,,,,,,,,,
上海,移动,,,,,,,,,,,,1574906,,,,,,,,,,,,,
上海,移动,,,,,,,,,,,,1574907,,,,,,,,,,,,,
上海,移动,,,,,,,,,,,,1574908,,,,,,,,,,,,,
上海,移动,,,,,,,,,,,,1574909,,,,,,,,,,,,,
上海,移动,,,,,,,,,,,,1574910,,,,,,,,,,,,,
上海,移动,,,,,,,,,,,,1574911,,,,,,,,,,,,,
上海,移动,,,,,,,,,,,,1574912,,,,,,,,,,,,,
上海,移动,,,,,,,,,,,,1574913,,,,,,,,,,,,,
上海,移动,,,,,,,,,,,,1574914,,,,,,,,,,,,,
上海,移动,,,,,,,,,,,,1574915,,,,,,,,,,,,,
上海,移动,,,,,,,,,,,,1574916,,,,,,,,,,,,,
上海,移动,,,,,,,,,,,,1574917,,,,,,,,,,,,,
上海,移动,,,,,,,,,,,,1574918,,,,,,,,,,,,,
上海,移动,,,,,,,,,,,,1574919,,,,,,,,,,,,,
上海,移动,,,,,,,,,,,,1574920,,,,,,,,,,,,,
上海,移动,,,,,,,,,,,,1574921,,,,,,,,,,,,,
上海,移动,,,,,,,,,,,,1574922,,,,,,,,,,,,,
上海,移动,,,,,,,,,,,,1574923,,,,,,,,,,,,,
上海,移动,,,,,,,,,,,,1574924,,,,,,,,,,,,,
上海,移动,,,,,,,,,,,,1574925,,,,,,,,,,,,,
上海,移动,,,,,,,,,,,,1574926,,,,,,,,,,,,,
上海,移动,,,,,,,,,,,,1574927,,,,,,,,,,,,,
上海,移动,,,,,,,,,,,,1574928,,,,,,,,,,,,,
上海,移动,,,,,,,,,,,,1574929,,,,,,,,,,,,,
上海,移动,,,,,,,,,,,,1574930,,,,,,,,,,,,,
上海,移动,,,,,,,,,,,,1574931,,,,,,,,,,,,,
上海,移动,,,,,,,,,,,,1574932,,,,,,,,,,,,,
上海,移动,,,,,,,,,,,,1574933,,,,,,,,,,,,,
上海,移动,,,,,,,,,,,,1574934,,,,,,,,,,,,,
上海,移动,,,,,,,,,,,,1574935,,,,,,,,,,,,,
上海,移动,,,,,,,,,,,,1574936,,,,,,,,,,,,,
上海,移动,,,,,,,,,,,,1574937,,,,,,,,,,,,,
上海,移动,,,,,,,,,,,,1574938,,,,,,,,,,,,,
上海,移动,,,,,,,,,,,,1574939,,,,,,,,,,,,,
上海,移动,,,,,,,,,,,,1574940,,,,,,,,,,,,,
上海,移动,,,,,,,,,,,,1574941,,,,,,,,,,,,,
上海,移动,,,,,,,,,,,,1574942,,,,,,,,,,,,,
上海,移动,,,,,,,,,,,,1574943,,,,,,,,,,,,,
上海,移动,,,,,,,,,,,,1574944,,,,,,,,,,,,,
上海,移动,,,,,,,,,,,,1574945,,,,,,,,,,,,,
上海,移动,,,,,,,,,,,,1574946,,,,,,,,,,,,,
上海,移动,,,,,,,,,,,,1574947,,,,,,,,,,,,,
上海,移动,,,,,,,,,,,,1574948,,,,,,,,,,,,,
上海,移动,,,,,,,,,,,,1574949,,,,,,,,,,,,,
上海,移动,,,,,,,,,,,,1574950,,,,,,,,,,,,,
上海,移动,,,,,,,,,,,,1574951,,,,,,,,,,,,,
上海,移动,,,,,,,,,,,,1574952,,,,,,,,,,,,,
上海,移动,,,,,,,,,,,,1574953,,,,,,,,,,,,,
上海,移动,,,,,,,,,,,,1574954,,,,,,,,,,,,,
上海,移动,,,,,,,,,,,,1574955,,,,,,,,,,,,,
上海,移动,,,,,,,,,,,,1574956,,,,,,,,,,,,,
上海,移动,,,,,,,,,,,,1574957,,,,,,,,,,,,,
上海,移动,,,,,,,,,,,,1574958,,,,,,,,,,,,,
上海,移动,,,,,,,,,,,,1574959,,,,,,,,,,,,,
上海,移动,,,,,,,,,,,,1574960,,,,,,,,,,,,,
上海,移动,,,,,,,,,,,,1574961,,,,,,,,,,,,,
上海,移动,,,,,,,,,,,,1574962,,,,,,,,,,,,,
上海,移动,,,,,,,,,,,,1574963,,,,,,,,,,,,,
上海,移动,,,,,,,,,,,,1574964,,,,,,,,,,,,,
上海,移动,,,,,,,,,,,,1574965,,,,,,,,,,,,,
上海,移动,,,,,,,,,,,,1574966,,,,,,,,,,,,,
上海,移动,,,,,,,,,,,,1574967,,,,,,,,,,,,,
上海,移动,,,,,,,,,,,,1574968,,,,,,,,,,,,,
上海,移动,,,,,,,,,,,,1574969,,,,,,,,,,,,,
上海,移动,,,,,,,,,,,,1574970,,,,,,,,,,,,,
上海,移动,,,,,,,,,,,,1574971,,,,,,,,,,,,,
上海,移动,,,,,,,,,,,,1574972,,,,,,,,,,,,,
上海,移动,,,,,,,,,,,,1574973,,,,,,,,,,,,,
上海,移动,,,,,,,,,,,,1574974,,,,,,,,,,,,,
上海,移动,,,,,,,,,,,,1574975,,,,,,,,,,,,,
上海,移动,,,,,,,,,,,,1574976,,,,,,,,,,,,,
上海,移动,,,,,,,,,,,,1574977,,,,,,,,,,,,,
上海,移动,,,,,,,,,,,,1574978,,,,,,,,,,,,,
上海,移动,,,,,,,,,,,,1574979,,,,,,,,,,,,,
上海,移动,,,,,,,,,,,,1574980,,,,,,,,,,,,,
上海,移动,,,,,,,,,,,,1574981,,,,,,,,,,,,,
上海,移动,,,,,,,,,,,,1574982,,,,,,,,,,,,,
上海,移动,,,,,,,,,,,,1574983,,,,,,,,,,,,,
上海,移动,,,,,,,,,,,,1574984,,,,,,,,,,,,,
上海,移动,,,,,,,,,,,,1574985,,,,,,,,,,,,,
上海,移动,,,,,,,,,,,,1574986,,,,,,,,,,,,,
上海,移动,,,,,,,,,,,,1574987,,,,,,,,,,,,,
上海,移动,,,,,,,,,,,,1574988,,,,,,,,,,,,,
上海,移动,,,,,,,,,,,,1574989,,,,,,,,,,,,,
上海,移动,,,,,,,,,,,,1574990,,,,,,,,,,,,,
上海,移动,,,,,,,,,,,,1574991,,,,,,,,,,,,,
上海,移动,,,,,,,,,,,,1574992,,,,,,,,,,,,,
上海,移动,,,,,,,,,,,,1574993,,,,,,,,,,,,,
上海,移动,,,,,,,,,,,,1574994,,,,,,,,,,,,,
上海,移动,,,,,,,,,,,,1574995,,,,,,,,,,,,,
上海,移动,,,,,,,,,,,,1574996,,,,,,,,,,,,,
上海,移动,,,,,,,,,,,,1574997,,,,,,,,,,,,,
上海,移动,,,,,,,,,,,,1574998,,,,,,,,,,,,,
上海,移动,,,,,,,,,,,,1574999,,,,,,,,,,,,,
上海,移动,,,,,,,,,,,,1578044,,,,,,,,,,,,,
上海,移动,,,,,,,,,,,,1578100,,,,,,,,,,,,,
上海,移动,,,,,,,,,,,,1578144,,,,,,,,,,,,,
上海,移动,,,,,,,,,,,,1578200,,,,,,,,,,,,,
上海,移动,,,,,,,,,,,,1578222,,,,,,,,,,,,,
上海,移动,,,,,,,,,,,,1578244,,,,,,,,,,,,,
上海,移动,,,,,,,,,,,,1578300,,,,,,,,,,,,,
上海,移动,,,,,,,,,,,,1578320,,,,,,,,,,,,,
上海,移动,,,,,,,,,,,,1578321,,,,,,,,,,,,,
上海,移动,,,,,,,,,,,,1578323,,,,,,,,,,,,,
上海,移动,,,,,,,,,,,,1578325,,,,,,,,,,,,,
上海,移动,,,,,,,,,,,,1578326,,,,,,,,,,,,,
上海,移动,,,,,,,,,,,,1578327,,,,,,,,,,,,,
上海,移动,,,,,,,,,,,,1578328,,,,,,,,,,,,,
上海,移动,,,,,,,,,,,,1578329,,,,,,,,,,,,,
上海,移动,,,,,,,,,,,,1578344,,,,,,,,,,,,,
上海,移动,,,,,,,,,,,,1578349,,,,,,,,,,,,,
上海,移动,,,,,,,,,,,,1578354,,,,,,,,,,,,,
上海,移动,,,,,,,,,,,,1578404,,,,,,,,,,,,,
上海,移动,,,,,,,,,,,,1578424,,,,,,,,,,,,,
上海,移动,,,,,,,,,,,,1578440,,,,,,,,,,,,,
上海,移动,,,,,,,,,,,,1578441,,,,,,,,,,,,,
上海,移动,,,,,,,,,,,,1578442,,,,,,,,,,,,,
上海,移动,,,,,,,,,,,,1578443,,,,,,,,,,,,,
上海,移动,,,,,,,,,,,,1578444,,,,,,,,,,,,,
上海,移动,,,,,,,,,,,,1578445,,,,,,,,,,,,,
上海,移动,,,,,,,,,,,,1578446,,,,,,,,,,,,,
上海,移动,,,,,,,,,,,,1578447,,,,,,,,,,,,,
上海,移动,,,,,,,,,,,,1578448,,,,,,,,,,,,,
上海,移动,,,,,,,,,,,,1578449,,,,,,,,,,,,,
上海,移动,,,,,,,,,,,,1578494,,,,,,,,,,,,,
上海,移动,,,,,,,,,,,,1578544,,,,,,,,,,,,,
上海,移动,,,,,,,,,,,,1578644,,,,,,,,,,,,,
上海,移动,,,,,,,,,,,,1578944,,,,,,,,,,,,,
上海,移动,,,,,,,,,,,,1579509,,,,,,,,,,,,,
上海,移动,,,,,,,,,,,,1579517,,,,,,,,,,,,,
上海,移动,,,,,,,,,,,,1579518,,,,,,,,,,,,,
上海,移动,,,,,,,,,,,,1579575,,,,,,,,,,,,,
上海,移动,,,,,,,,,,,,1579576,,,,,,,,,,,,,
上海,移动,,,,,,,,,,,,1579658,,,,,,,,,,,,,
上海,移动,,,,,,,,,,,,1579659,,,,,,,,,,,,,
上海,移动,,,,,,,,,,,,1579672,,,,,,,,,,,,,
上海,移动,,,,,,,,,,,,1579839,,,,,,,,,,,,,
