省份,运营商,130 号段,131 号段,132 号段,145 号段,146 号段,155 号段,156 号段,166 号段,167 号段,171 号段,175 号段,176 号段,185 号段,186 号段,196 号段
上海,联通,1300020,1312050,1320000,1450560,1465500,1550210,1560160,1660170,1670002,1711210,1750160,1760120,1850160,1860160,1960210
上海,联通,1300021,1312051,1320001,1450561,1465501,1550211,1560161,1660171,1670015,1711211,1750161,1760121,1850161,1860161,1960211
上海,联通,1300022,1312052,1320002,1450562,1465502,1550212,1560162,1660172,1670021,1711212,1750162,1760122,1850162,1860162,1960212
上海,联通,1300023,1312053,1320003,1450563,1465503,1550213,1560163,1660173,1670045,1711213,1750163,1760123,1850163,1860163,1960213
上海,联通,1300024,1312054,1320004,1450564,1465504,1550214,1560164,1660174,1670086,1711214,1750164,1760124,1850164,1860164,1960214
上海,联通,1300210,1312055,1320005,1450565,1465505,1550215,1560165,1660175,1670095,1711215,1750165,1760125,1850165,1860165,1960215
上海,联通,1300211,1312056,1320006,1450566,1465506,1550216,1560166,1660176,1670106,1711216,1750166,1760126,1850166,1860166,1960216
上海,联通,1300212,1312057,1320007,1450567,1465507,1550217,1560167,1660177,1670108,1711217,1750167,1760127,1850167,1860167,1960217
上海,联通,1300213,1312058,1320008,1450568,1465508,1550218,1560168,1660178,1670133,1711218,1750168,1760128,1850168,1860168,1960218
上海,联通,1300214,1312059,1320009,1450569,1465509,1550219,1560169,1660179,1670189,1711219,1750169,1760129,1850169,1860169,1960219
上海,联通,1300215,1312060,1320010,1450570,1465510,,1560170,1660180,1670201,1712660,1750210,1760130,1850170,1860170,1961210
上海,联通,1300216,1312061,1320011,1450571,1465511,,1560171,1660181,1670211,1712661,1750211,1760131,1850171,1860171,1961211
上海,联通,1300217,1312062,1320012,1450572,1465512,,1560172,1660182,1670213,1712662,1750212,1760132,1850172,1860172,1961212
上海,联通,1300218,1312063,1320013,1450573,1465513,,1560173,1660183,1670217,1712663,1750213,1760133,1850173,1860173,1961213
上海,联通,1300219,1312064,1320014,1450574,1465514,,1560174,1660184,1670270,1712664,1750214,1760134,1850174,1860174,1961214
上海,联通,1300310,1312065,1320015,1450575,1465515,,1560175,1660185,1670344,1712665,1750215,1760135,1850175,1860175,1961215
上海,联通,1300311,1312066,1320016,1450576,1465516,,1560176,1660186,1670487,1712666,1750216,1760136,1850176,1860176,1961216
上海,联通,1300312,1312067,1320017,1450577,1465517,,1560177,1660187,1671210,1712667,1750217,1760137,1850177,1860177,1961217
上海,联通,1300313,1312068,1320018,1450578,1465518,,1560178,1660188,1671211,1712668,1750218,1760138,1850178,1860178,1961218
上海,联通,1300314,1312069,1320019,1450579,1465519,,1560179,1660189,1671212,1712669,1750219,1760139,1850179,1860179,1961219
上海,联通,1300315,1312070,1320020,1450660,1465520,,1560180,1660190,1671213,1713200,1751040,1760210,1850210,1860210,1962100
上海,联通,1300316,1312071,1320021,1450661,1465521,,1560181,1660191,1671214,1713201,1751041,1760211,1850211,1860211,1962101
上海,联通,1300317,1312072,1320022,1450662,1465522,,1560182,1660192,1671215,1713202,1751042,1760212,1850212,1860212,1962102
上海,联通,1300318,1312073,1320023,1450663,1465523,,1560183,1660193,1671216,1713203,1751043,1760213,1850213,1860213,1962103
上海,联通,1300319,1312074,1320024,1450664,1465524,,1560184,1660194,1671217,1713204,1751044,1760214,1850214,1860214,1962104
上海,联通,1300320,1312075,1320025,1450665,1465525,,1560185,1660195,1671218,1713205,1751045,1760215,1850215,1860215,1962105
上海,联通,1300321,1312076,1320026,1450666,1465526,,1560186,1660196,1671219,1713206,1751046,1760216,1850216,1860216,1962106
上海,联通,1300322,1312077,1320027,1450667,1465527,,1560187,1660197,1672210,1713207,1751047,1760217,1850217,1860217,1962107
上海,联通,1300323,1312078,1320028,1450668,1465528,,1560188,1660198,1672211,1713208,1751048,1760218,1850218,1860218,1962108
上海,联通,1300324,1312079,1320029,1450669,1465529,,1560189,1660199,1672212,1713209,1751049,1760219,1850219,1860219,1962109
上海,联通,1300325,1312080,1320030,1450670,1465530,,1560190,1660210,1672213,1713210,1751050,1761210,1851210,1861600,
上海,联通,1300326,1312081,1320031,1450671,1465531,,1560191,1660211,1672214,1713211,1751051,1761211,1851211,1861601,
上海,联通,1300327,1312082,1320032,1450672,1465532,,1560192,1660212,1672215,1713212,1751052,1761212,1851212,1861602,
上海,联通,1300328,1312083,1320033,1450673,1465533,,1560193,1660213,1672216,1713213,1751053,1761213,1851213,1861603,
上海,联通,1300329,1312084,1320034,1450674,1465534,,1560194,1660214,1672217,1713214,1751054,1761214,1851214,1861604,
上海,联通,1300410,1312085,1320035,1450675,1465535,,1560195,1660215,1672218,1713215,1751055,1761215,1851215,1861605,
上海,联通,1300411,1312086,1320036,1450676,1465536,,1560196,1660216,1672219,1713216,1751056,1761216,1851216,1861606,
上海,联通,1300412,1312087,1320037,1450677,1465537,,1560197,1660217,1673000,1713217,1751057,1761217,1851217,1861607,
上海,联通,1300413,1312088,1320038,1450678,1465538,,1560198,1660218,1673001,1713218,1751058,1761218,1851218,1861608,
上海,联通,1300414,1312089,1320039,1450679,1465539,,1560199,1660219,1673002,1713219,1751059,1761219,1851219,1861609,
上海,联通,1300415,1312090,1320040,1450680,1465540,,1561800,1661020,1673003,1713220,1751060,1761850,1851600,1861610,
上海,联通,1300416,1312091,1320041,1450681,1465541,,1561801,1661021,1673004,1713221,1751061,1761851,1851601,1861611,
上海,联通,1300417,1312092,1320042,1450682,1465542,,1561802,1661022,1673005,1713222,1751062,1761852,1851602,1861612,
上海,联通,1300418,1312093,1320043,1450683,1465543,,1561803,1661023,1673006,1713223,1751063,1761853,1851603,1861613,
上海,联通,1300419,1312094,1320044,1450684,1465544,,1561804,1661024,1673007,1713224,1751064,1761854,1851604,1861614,
上海,联通,1301000,1312095,1320045,1450685,1465545,,1561805,1661025,1673008,1713225,1751065,1761855,1851605,1861615,
上海,联通,1301002,1312096,1320046,1450686,1465546,,1561806,1661026,1673009,1713226,1751066,1761856,1851606,1861616,
上海,联通,1301031,1312097,1320047,1450687,1465547,,1561807,1661027,1673010,1713227,1751067,1761857,1851607,1861617,
上海,联通,1301280,1312098,1320049,1450688,1465548,,1561808,1661028,1673011,1713228,1751068,1761858,1851608,1861618,
上海,联通,1301281,1312099,1320050,1450689,1465549,,1561809,1661029,1673012,1713229,1751069,1761859,1851609,1861619,
上海,联通,1301282,1312200,1320051,1450690,1465550,,1561810,1661120,1673013,1714007,1751070,1761860,1851610,1861620,
上海,联通,1301283,1312201,1320052,1450691,1465551,,1561811,1661121,1673014,1714008,1751071,1761861,1851611,1861621,
上海,联通,1301284,1312202,1320053,1450692,1465552,,1561812,1661122,1673015,1714009,1751072,1761862,1851612,1861622,
上海,联通,1301285,1312203,1320054,1450693,1465553,,1561813,1661123,1673016,1714011,1751073,1761863,1851613,1861623,
上海,联通,1301286,1312204,1320055,1450694,1465554,,1561814,1661124,1673017,1714012,1751074,1761864,1851614,1861624,
上海,联通,1301287,1312205,1320056,1450695,1465555,,1561815,1661125,1673018,1714013,1751075,1761865,1851615,1861625,
上海,联通,1301288,1312206,1320057,1450696,1465556,,1561816,1661126,1673019,1714014,1751076,1761866,1851616,1861626,
上海,联通,1301289,1312207,1320058,1450697,1465557,,1561817,1661127,1673020,1714015,1751077,1761867,1851617,1861627,
上海,联通,1302010,1312208,1320059,1450698,1465558,,1561818,1661128,1673021,1714016,1751078,1761868,1851618,1861628,
上海,联通,1302011,1312209,1320060,1450699,1465559,,1561819,1661129,1673022,1714017,1751079,1761869,1851619,1861629,
上海,联通,1302012,1312210,1320061,1450700,1465560,,1561820,1661130,1673023,1714018,1751080,1761870,1851620,1861630,
上海,联通,1302013,1312211,1320062,1450701,1465561,,1561821,1661131,1673024,1714019,1751081,1761871,1851621,1861631,
上海,联通,1302014,1312212,1320063,1450702,1465562,,1561822,1661132,1673025,1714021,1751082,1761872,1851622,1861632,
上海,联通,1302015,1312213,1320064,1450703,1465563,,1561823,1661133,1673026,1714033,1751083,1761873,1851623,1861633,
上海,联通,1302016,1312214,1320065,1450704,1465564,,1561824,1661134,1673027,1714034,1751084,1761874,1851624,1861634,
上海,联通,1302017,1312215,1320066,1450705,1465565,,1561825,1661135,1673028,1714035,1751085,1761875,1851625,1861635,
上海,联通,1302018,1312216,1320067,1450706,1465566,,1561826,1661136,1673029,1714036,1751086,1761876,1851626,1861636,
上海,联通,1302019,1312217,1320068,1450707,1465567,,1561827,1661137,1673210,1714037,1751087,1761877,1851627,1861637,
上海,联通,1302020,1312218,1320069,1450708,1465568,,1561828,1661138,1673211,1714062,1751088,1761878,1851628,1861638,
上海,联通,1302021,1312219,1320070,1450709,1465569,,1561829,1661139,1673212,1714063,1751089,1761879,1851629,1861639,
上海,联通,1302022,1312220,1320071,1450710,1465570,,1561830,1661190,1673213,1714064,1751090,1761880,1851630,1861640,
上海,联通,1302023,1312221,1320072,1450711,1465571,,1561831,1661191,1673214,1714065,1751091,1761881,1851631,1861641,
上海,联通,1302024,1312222,1320073,1450712,1465572,,1561832,1661192,1673215,1714066,1751092,1761882,1851632,1861642,
上海,联通,1302025,1312223,1320074,1450713,1465573,,1561833,1661193,1673216,1714067,1751093,1761883,1851633,1861643,
上海,联通,1302026,1312224,1320075,1450714,1465574,,1561834,1661194,1673217,1714068,1751094,1761884,1851634,1861644,
上海,联通,1302027,1312225,1320076,1450715,1465575,,1561835,1661195,1673218,1714069,1751095,1761885,1851635,1861645,
上海,联通,1302028,1312226,1320077,1450716,1465576,,1561836,1661196,1673219,1714070,1751096,1761886,1851636,1861646,
上海,联通,1302029,1312227,1320078,1450717,1465577,,1561837,1661197,1674210,1714612,1751097,1761887,1851637,1861647,
上海,联通,1302210,1312228,1320079,1450718,1465578,,1561838,1661198,1674211,1714613,1751098,1761888,1851638,1861648,
上海,联通,1302211,1312229,1320080,1450719,1465579,,1561839,1661199,1674212,1714614,1751099,1761889,1851639,1861649,
上海,联通,1302212,1312230,1320081,1450720,1465580,,1561840,1661210,1674213,1714615,1751160,1761890,1851640,1861650,
上海,联通,1302213,1312231,1320082,1450721,1465581,,1561841,1661211,1674214,1714616,1751161,1761891,1851641,1861651,
上海,联通,1302214,1312232,1320083,1450722,1465582,,1561842,1661212,1674215,1714617,1751162,1761892,1851642,1861652,
上海,联通,1302215,1312233,1320084,1450723,1465583,,1561843,1661213,1674216,1714618,1751163,1761893,1851643,1861653,
上海,联通,1302216,1312234,1320085,1450724,1465584,,1561844,1661214,1674217,1714619,1751164,1761894,1851644,1861654,
上海,联通,1302217,1312235,1320086,1450725,1465585,,1561845,1661215,1674218,1714620,1751165,1761895,1851645,1861655,
上海,联通,1302218,1312236,1320087,1450726,1465586,,1561846,1661216,1674219,1714621,1751166,1761896,1851646,1861656,
上海,联通,1302219,1312237,1320088,1450727,1465587,,1561847,1661217,1675021,1714622,1751167,1761897,1851647,1861657,
上海,联通,1302310,1312238,1320089,1450728,1465588,,1561848,1661218,1675496,1714623,1751168,1761898,1851648,1861658,
上海,联通,1302311,1312239,1320090,1450729,1465589,,1561849,1661219,1675497,1714624,1751169,1761899,1851649,1861659,
上海,联通,1302312,1312240,1320091,1450730,1465590,,1561850,1661890,1675833,1714625,1751170,1762100,1851650,1861660,
上海,联通,1302313,1312241,1320092,1450731,1465591,,1561851,1661891,1676021,1714626,1751171,1762101,1851651,1861661,
上海,联通,1302314,1312242,1320093,1450732,1465592,,1561852,1661892,1677021,1714627,1751172,1762102,1851652,1861662,
上海,联通,1302315,1312243,1320094,1450733,1465593,,1561853,1661893,1677153,1714628,1751173,1762103,1851653,1861663,
上海,联通,1302316,1312244,1320095,1450734,1465594,,1561854,1661894,1677154,1714629,1751174,1762104,1851654,1861664,
上海,联通,1302317,1312245,1320096,1450735,1465595,,1561855,1661895,1677155,1715210,1751175,1762105,1851655,1861665,
上海,联通,1302318,1312246,1320097,1450736,1465596,,1561856,1661896,1677156,1715211,1751176,1762106,1851656,1861666,
上海,联通,1302319,1312247,1320098,1450737,1465597,,1561857,1661897,1677157,1715212,1751177,1762107,1851657,1861667,
上海,联通,1302320,1312248,1320099,1450738,1465598,,1561858,1661898,1677158,1715213,1751178,1762108,1851658,1861668,
上海,联通,1302321,1312249,1324800,1450739,1465599,,1561859,1661899,1677159,1715214,1751179,1762109,1851659,1861669,
上海,联通,1302322,1312250,1324801,1450740,1465600,,1561860,1662100,1677160,1715215,1751210,1762110,1851660,1861670,
上海,联通,1302323,1312251,1324802,1450741,1465601,,1561861,1662101,1677161,1715216,1751211,1762111,1851661,1861671,
上海,联通,1302324,1312252,1324803,1450742,1465602,,1561862,1662102,1677162,1715217,1751212,1762112,1851662,1861672,
上海,联通,1302325,1312253,1324804,1450743,1465603,,1561863,1662103,1677163,1715218,1751213,1762113,1851663,1861673,
上海,联通,1302326,1312254,1324805,1450744,1465604,,1561864,1662104,1677164,1715219,1751214,1762114,1851664,1861674,
上海,联通,1302327,1312255,1324806,1450745,1465605,,1561865,1662105,1677165,1715740,1751215,1762115,1851665,1861675,
上海,联通,1302328,1312256,1324807,1450746,1465606,,1561866,1662106,1677166,1715741,1751216,1762116,1851666,1861676,
上海,联通,1302329,1312257,1324808,1450747,1465607,,1561867,1662107,1677167,1715742,1751217,1762117,1851667,1861677,
上海,联通,1302410,1312258,1324809,1450748,1465608,,1561868,1662108,1677168,1715743,1751218,1762118,1851668,1861678,
上海,联通,1302411,1312259,1324810,1450749,1465609,,1561869,1662109,1677169,1715744,1751219,1762119,1851669,1861679,
上海,联通,1302412,1312260,1324811,1450750,1465610,,1561870,1662110,1677170,1715745,1751400,1762120,1851670,1861680,
上海,联通,1302413,1312261,1324812,1450751,1465611,,1561871,1662111,1677171,1715746,1751401,1762121,1851671,1861681,
上海,联通,1302414,1312262,1324813,1450752,1465612,,1561872,1662112,1677172,1715747,1751402,1762122,1851672,1861682,
上海,联通,1302415,1312263,1324814,1450753,1465613,,1561873,1662113,1677173,1715748,1751403,1762123,1851673,1861683,
上海,联通,1302416,1312264,1324815,1450754,1465614,,1561874,1662114,1677174,1715749,1751404,1762124,1851674,1861684,
上海,联通,1302417,1312265,1324816,1450755,1465615,,1561875,1662115,1677175,1715770,1751405,1762125,1851675,1861685,
上海,联通,1302418,1312266,1324817,1450756,1465616,,1561876,1662116,1677176,1715771,1751406,1762126,1851676,1861686,
上海,联通,1302419,1312267,1324818,1450757,1465617,,1561877,1662117,1677177,1715772,1751407,1762127,1851677,1861687,
上海,联通,1303210,1312268,1324819,1450758,1465618,,1561878,1662118,1677178,1715773,1751408,1762128,1851678,1861688,
上海,联通,1303211,1312269,1324820,1450759,1465619,,1561879,1662119,1677179,1715774,1751409,1762129,1851679,1861689,
上海,联通,1303212,1312270,1324821,1450760,1465620,,1561880,1662120,1677180,1715775,1751410,1762130,1852100,1861690,
上海,联通,1303213,1312271,1324822,1450761,1465621,,1561881,1662121,1677181,1715776,1751411,1762131,1852101,1861691,
上海,联通,1303214,1312272,1324823,1450762,1465622,,1561882,1662122,1677182,1715777,1751412,1762132,1852102,1861692,
上海,联通,1303215,1312273,1324824,1450763,1465623,,1561883,1662123,1677183,1715778,1751413,1762133,1852103,1861693,
上海,联通,1303216,1312274,1324825,1450764,1465624,,1561884,1662124,1677184,1715779,1751414,1762134,1852104,1861694,
上海,联通,1303217,1312275,1324826,1450765,1465625,,1561885,1662125,1677185,1716210,1751415,1762135,1852105,1861695,
上海,联通,1303218,1312276,1324827,1450766,1465626,,1561886,1662126,1678121,1716211,1751416,1762136,1852106,1861696,
上海,联通,1303219,1312277,1324828,1450767,1465627,,1561887,1662127,1678154,1716212,1751417,1762137,1852107,1861697,
上海,联通,1304060,1312278,1324829,1450768,1465628,,1561888,1662128,1678180,1716213,1751418,1762138,1852108,1861698,
上海,联通,1304061,1312279,1324830,1450769,1465629,,1561889,1662129,1678221,1716214,1751419,1762139,1852109,1861699,
上海,联通,1304062,1312280,1324831,1450770,1465632,,1561890,1662130,1678285,1716215,1751420,1762140,1852110,1862100,
上海,联通,1304063,1312281,1324832,1450771,1465640,,1561891,1662131,1678317,1716216,1751421,1762141,1852111,1862101,
上海,联通,1304064,1312282,1324833,1450772,1465656,,1561892,1662132,1678318,1716217,1751422,1762142,1852112,1862102,
上海,联通,1304065,1312283,1324834,1450773,1465657,,1561893,1662133,1678319,1716218,1751423,1762143,1852113,1862103,
上海,联通,1304066,1312284,1324835,1450774,1465660,,1561894,1662134,1678320,1716219,1751424,1762144,1852114,1862104,
上海,联通,1304067,1312285,1324836,1450775,1465667,,1561895,1662135,1678321,1716740,1751425,1762145,1852115,1862105,
上海,联通,1304068,1312286,1324837,1450776,1465681,,1561896,1662136,1678509,1716741,1751426,1762146,1852116,1862106,
上海,联通,1304069,1312287,1324838,1450777,,,1561897,1662137,1678621,1716742,1751427,1762147,1852117,1862107,
上海,联通,1304160,1312288,1324839,1450778,,,1561898,1662138,1678685,1716743,1751428,1762148,1852118,1862108,
上海,联通,1304161,1312289,1325400,1450779,,,1561899,1662139,1678886,1716744,1751429,1762149,1852119,1862109,
上海,联通,1304162,1312290,1325401,1450780,,,1569210,1662140,1678911,1716745,1751430,1762150,1852120,1862110,
上海,联通,1304163,1312291,1325402,1450781,,,1569211,1662141,1678921,1716746,1751431,1762151,1852121,1862111,
上海,联通,1304164,1312292,1325403,1450782,,,1569212,1662142,1679021,1716747,1751432,1762152,1852122,1862112,
上海,联通,1304165,1312293,1325404,1450783,,,1569213,1662143,,1716748,1751433,1762153,1852123,1862113,
上海,联通,1304166,1312294,1325405,1450784,,,1569214,1662144,,1716749,1751434,1762154,1852124,1862114,
上海,联通,1304167,1312295,1325406,1450785,,,1569215,1662145,,1716770,1751435,1762155,1852125,1862115,
上海,联通,1304168,1312296,1325407,1450786,,,1569216,1662146,,1716771,1751436,1762156,1852126,1862116,
上海,联通,1304169,1312297,1325408,1450787,,,1569217,1662147,,1716772,1751437,1762157,1852127,1862117,
上海,联通,1304210,1312298,1325409,1450788,,,1569218,1662148,,1716773,1751438,1762158,1852128,1862118,
上海,联通,1304211,1312299,1325410,1450789,,,1569219,1662149,,1716774,1751439,1762159,1852129,1862119,
上海,联通,1304212,1312480,1325411,1450790,,,,1662150,,1716775,1751440,1762160,1852130,1862120,
上海,联通,1304213,1312481,1325412,1450791,,,,1662151,,1716776,1751441,1762161,1852131,1862121,
上海,联通,1304214,1312482,1325413,1450792,,,,1662152,,1716777,1751442,1762162,1852132,1862122,
上海,联通,1304215,1312483,1325414,1450793,,,,1662153,,1716778,1751443,1762163,1852133,1862123,
上海,联通,1304216,1312484,1325415,1450794,,,,1662154,,1716779,1751444,1762164,1852134,1862124,
上海,联通,1304217,1312485,1325416,1450795,,,,1662155,,1717210,1751445,1762165,1852135,1862125,
上海,联通,1304218,1312486,1325417,1450796,,,,1662156,,1717211,1751446,1762166,1852136,1862126,
上海,联通,1304219,1312487,1325418,1450797,,,,1662157,,1717212,1751447,1762167,1852137,1862127,
上海,联通,1304410,1312488,1325419,1450798,,,,1662158,,1717213,1751448,1762168,1852138,1862128,
上海,联通,1304411,1312489,1325420,1450799,,,,1662159,,1717214,1751449,1762169,1852139,1862129,
上海,联通,1304412,1312750,1325421,1450870,,,,1662160,,1717215,1751450,1762170,1852140,1862130,
上海,联通,1304413,1312751,1325422,1450871,,,,1662161,,1717216,1751451,1762171,1852141,1862131,
上海,联通,1304414,1312752,1325423,1450872,,,,1662162,,1717217,1751452,1762172,1852142,1862132,
上海,联通,1304415,1312753,1325424,1450873,,,,1662163,,1717218,1751453,1762173,1852143,1862133,
上海,联通,1304416,1312754,1325428,1450874,,,,1662164,,1717219,1751454,1762174,1852144,1862134,
上海,联通,1304417,1312755,1325429,1450875,,,,1662165,,1717740,1751455,1762175,1852145,1862135,
上海,联通,1304418,1312756,1325430,1450876,,,,1662166,,1717741,1751456,1762176,1852146,1862136,
上海,联通,1304419,1312757,1325431,1450877,,,,1662167,,1717742,1751457,1762177,1852147,1862137,
上海,联通,1304460,1312758,1325432,1450878,,,,1662168,,1717743,1751458,1762178,1852148,1862138,
上海,联通,1304461,1312759,1325433,1450879,,,,1662169,,1717744,1751459,1762179,1852149,1862139,
上海,联通,1304462,1312760,1325434,1450880,,,,1662170,,1717745,1751460,1762180,1852150,1862140,
上海,联通,1304463,1312761,1325435,1450881,,,,1662171,,1717746,1751461,1762181,1852151,1862141,
上海,联通,1304464,1312762,1325436,1450882,,,,1662172,,1717747,1751462,1762182,1852152,1862142,
上海,联通,1304465,1312763,1325437,1450883,,,,1662173,,1717748,1751463,1762183,1852153,1862143,
上海,联通,1304466,1312764,1325438,1450884,,,,1662174,,1717749,1751464,1762184,1852154,1862144,
上海,联通,1304467,1312765,1325439,1450885,,,,1662175,,1717770,1751465,1762185,1852155,1862145,
上海,联通,1304468,1312766,1325440,1450886,,,,1662176,,1717771,1751466,1762186,1852156,1862146,
上海,联通,1304469,1312767,1325441,1450887,,,,1662177,,1717772,1751467,1762187,1852157,1862147,
上海,联通,1304560,1312768,1325442,1450888,,,,1662178,,1717773,1751468,1762188,1852158,1862148,
上海,联通,1304561,1312769,1325443,1450889,,,,1662179,,1717774,1751469,1762189,1852159,1862149,
上海,联通,1304562,1312770,1325444,1450890,,,,1662180,,1717775,1751470,1762190,1852160,1862150,
上海,联通,1304563,1312771,1325445,1450891,,,,1662181,,1717776,1751471,1762191,1852161,1862151,
上海,联通,1304564,1312772,1325446,1450892,,,,1662182,,1717777,1751472,1762192,1852162,1862152,
上海,联通,1304565,1312773,1325447,1450893,,,,1662183,,1717778,1751473,1762193,1852163,1862153,
上海,联通,1304566,1312774,1325448,1450894,,,,1662184,,1717779,1751474,1762194,1852164,1862154,
上海,联通,1304567,1312775,1325449,1450895,,,,1662185,,1718210,1751475,1762195,1852165,1862155,
上海,联通,1304568,1312776,1325450,1450896,,,,1662186,,1718211,1751476,1762196,1852166,1862156,
上海,联通,1304569,1312777,1325451,1450897,,,,1662187,,1718212,1751477,1762197,1852167,1862157,
上海,联通,1304660,1312778,1325452,1450898,,,,1662188,,1718213,1751478,1762198,1852168,1862158,
上海,联通,1304661,1312779,1325453,1450899,,,,1662189,,1718214,1751479,1762199,1852169,1862159,
上海,联通,1304662,1312780,1325454,1452060,,,,1662190,,1718215,1751480,,1852170,1862160,
上海,联通,1304663,1312781,1325455,1452061,,,,1662191,,1718216,1751481,,1852171,1862161,
上海,联通,1304664,1312782,1325456,1452062,,,,1662192,,1718217,1751482,,1852172,1862162,
上海,联通,1304665,1312783,1325457,1452063,,,,1662193,,1718218,1751483,,1852173,1862163,
上海,联通,1304666,1312784,1325458,1452064,,,,1662194,,1718219,1751484,,1852174,1862164,
上海,联通,1304667,1312785,1325459,1452065,,,,1662195,,1718740,1751485,,1852175,1862165,
上海,联通,1304668,1312786,1325460,1452066,,,,1662196,,1718741,1751486,,1852176,1862166,
上海,联通,1304669,1312787,1325461,1452067,,,,1662197,,1718742,1751487,,1852177,1862167,
上海,联通,1305200,1312788,1325462,1452068,,,,1662198,,1718743,1751488,,1852178,1862168,
上海,联通,1305201,1312789,1325463,1452069,,,,1662199,,1718744,1751489,,1852179,1862169,
上海,联通,1305202,1312790,1325464,1452070,,,,1662840,,1718745,1751490,,1852180,1862170,
上海,联通,1305203,1312791,1325465,1452071,,,,1662841,,1718746,1751491,,1852181,1862171,
上海,联通,1305204,1312792,1325466,1452072,,,,1662842,,1718747,1751492,,1852182,1862172,
上海,联通,1305205,1312793,1325467,1452073,,,,1662843,,1718748,1751493,,1852183,1862173,
上海,联通,1305206,1312794,1325468,1452074,,,,1662844,,1718749,1751494,,1852184,1862174,
上海,联通,1305207,1312795,1325469,1452075,,,,1662845,,1718770,1751495,,1852185,1862175,
上海,联通,1305208,1312796,1325470,1452076,,,,1662846,,1718771,1751496,,1852186,1862176,
上海,联通,1305209,1312797,1325471,1452077,,,,1662847,,1718772,1751497,,1852187,1862177,
上海,联通,1305210,1312798,1325472,1452078,,,,1662848,,1718773,1751498,,1852188,1862178,
上海,联通,1305211,1312799,1325473,1452079,,,,1662849,,1718774,1751499,,1852189,1862179,
上海,联通,1305212,1314810,1325474,1453060,,,,1662850,,1718775,1752100,,1852190,1862180,
上海,联通,1305213,1314811,1325475,1453061,,,,1662851,,1718776,1752101,,1852191,1862181,
上海,联通,1305214,1314812,1325476,1453062,,,,1662852,,1718777,1752102,,1852192,1862182,
上海,联通,1305215,1314813,1325477,1453063,,,,1662853,,1718778,1752103,,1852193,1862183,
上海,联通,1305216,1314814,1325478,1453064,,,,1662854,,1718779,1752104,,1852194,1862184,
上海,联通,1305217,1314815,1325479,1453065,,,,1662855,,1719130,1752105,,1852195,1862185,
上海,联通,1305218,1314816,1325480,1453066,,,,1662856,,1719131,1752106,,1852196,1862186,
上海,联通,1305219,1314817,1325481,1453067,,,,1662857,,1719132,1752107,,1852197,1862187,
上海,联通,1305220,1314818,1325482,1453068,,,,1662858,,1719133,1752108,,1852198,1862188,
上海,联通,1305221,1314819,1325483,1453069,,,,1662859,,1719134,1752109,,1852199,1862189,
上海,联通,1305222,1316200,1325484,1453070,,,,1662860,,1719135,1752110,,,1862190,
上海,联通,1305223,1316201,1325485,1453071,,,,1662861,,1719136,1752111,,,1862191,
上海,联通,1305224,1316202,1325486,1453072,,,,1662862,,1719137,1752112,,,1862192,
上海,联通,1305225,1316203,1325487,1453073,,,,1662863,,1719138,1752113,,,1862193,
上海,联通,1305226,1316204,1325488,1453074,,,,1662864,,1719139,1752114,,,1862194,
上海,联通,1305227,1316205,1325489,1453075,,,,1662865,,1719140,1752115,,,1862195,
上海,联通,1305228,1316206,1325490,1453076,,,,1662866,,1719141,1752116,,,1862196,
上海,联通,1305229,1316207,1325491,1453077,,,,1662867,,1719142,1752117,,,1862197,
上海,联通,1305230,1316208,1325492,1453078,,,,1662868,,1719143,1752118,,,1862198,
上海,联通,1305231,1316209,1325493,1453079,,,,1662869,,1719144,1752119,,,1862199,
上海,联通,1305232,1316210,1325494,1453160,,,,1662870,,1719145,1752120,,,1864420,
上海,联通,1305233,1316211,1325495,1453161,,,,1662871,,1719146,1752121,,,1864421,
上海,联通,1305234,1316212,1325496,1453162,,,,1662872,,1719147,1752122,,,1864422,
上海,联通,1305235,1316213,1325497,1453163,,,,1662873,,1719148,1752123,,,1864423,
上海,联通,1305236,1316214,1325498,1453164,,,,1662874,,1719149,1752124,,,1864424,
上海,联通,1305237,1316215,1325499,1453165,,,,1662875,,1719150,1752125,,,1864425,
上海,联通,1305238,1316216,1326220,1453166,,,,1662876,,1719151,1752126,,,1864426,
上海,联通,1305239,1316217,1326221,1453167,,,,1662877,,1719152,1752127,,,1864427,
上海,联通,1305240,1316218,1326222,1453168,,,,1662878,,1719153,1752128,,,1864428,
上海,联通,1305241,1316219,1326223,1453169,,,,1662879,,1719154,1752129,,,1864429,
上海,联通,1305242,1316220,1326224,1453170,,,,1662880,,1719155,1752130,,,1864430,
上海,联通,1305243,1316221,1326225,1453171,,,,1662881,,1719156,1752131,,,1864431,
上海,联通,1305244,1316222,1326226,1453172,,,,1662882,,1719157,1752132,,,1864432,
上海,联通,1305245,1316223,1326227,1453173,,,,1662883,,1719158,1752133,,,1864433,
上海,联通,1305246,1316224,1326228,1453174,,,,1662884,,1719159,1752134,,,1864434,
上海,联通,1305247,1316225,1326229,1453175,,,,1662885,,1719160,1752135,,,1864435,
上海,联通,1305248,1316226,1326250,1453176,,,,1662886,,1719161,1752136,,,1864436,
上海,联通,1305249,1316227,1326251,1453177,,,,1662887,,1719162,1752137,,,1864437,
上海,联通,1305250,1316228,1326252,1453178,,,,1662888,,1719163,1752138,,,1864438,
上海,联通,1305251,1316229,1326253,1453179,,,,1662889,,1719164,1752139,,,1864439,
上海,联通,1305252,1316230,1326254,1453180,,,,1662890,,1719165,1752140,,,1864440,
上海,联通,1305253,1316231,1326255,1453181,,,,1662891,,1719166,1752141,,,1864441,
上海,联通,1305254,1316232,1326256,1453182,,,,1662892,,1719167,1752142,,,1864442,
上海,联通,1305255,1316233,1326257,1453183,,,,1662893,,1719168,1752143,,,1864443,
上海,联通,1305256,1316234,1326258,1453184,,,,1662894,,1719169,1752144,,,1864444,
上海,联通,1305257,1316235,1326259,1453185,,,,1662895,,1719170,1752145,,,1864445,
上海,联通,1305258,1316236,1326260,1453186,,,,1662896,,1719171,1752146,,,1864446,
上海,联通,1305259,1316237,1326261,1453187,,,,1662897,,1719172,1752147,,,1864447,
上海,联通,1306160,1316238,1326262,1453188,,,,1662898,,1719173,1752148,,,1864448,
上海,联通,1306161,1316239,1326263,1453189,,,,1662899,,1719174,1752149,,,1864449,
上海,联通,1306162,1316240,1326264,1453250,,,,1662940,,1719175,1752150,,,1864450,
上海,联通,1306163,1316241,1326265,1453251,,,,1662941,,1719176,1752151,,,1864451,
上海,联通,1306164,1316242,1326266,1453252,,,,1662942,,1719177,1752152,,,1864452,
上海,联通,1306165,1316243,1326267,1453253,,,,1662943,,1719178,1752153,,,1864453,
上海,联通,1306166,1316244,1326268,1453254,,,,1662944,,1719179,1752154,,,1864454,
上海,联通,1306167,1316245,1326269,1453255,,,,1662945,,1719210,1752155,,,1864455,
上海,联通,1306168,1316246,1326270,1453256,,,,1662946,,1719211,1752156,,,1864456,
上海,联通,1306169,1316247,1326271,1453257,,,,1662947,,1719212,1752157,,,1864457,
上海,联通,1306170,1316248,1326272,1453258,,,,1662948,,1719213,1752158,,,1864458,
上海,联通,1306171,1316249,1326273,1453259,,,,1662949,,1719214,1752159,,,1864459,
上海,联通,1306172,1316250,1326274,1453260,,,,1666210,,1719215,1752160,,,1864460,
上海,联通,1306173,1316251,1326275,1453261,,,,1666211,,1719216,1752161,,,1864461,
上海,联通,1306174,1316252,1326276,1453262,,,,1666212,,1719217,1752162,,,1864462,
上海,联通,1306175,1316253,1326277,1453263,,,,1666213,,1719218,1752163,,,1864463,
上海,联通,1306176,1316254,1326278,1453264,,,,1666214,,1719219,1752164,,,1864464,
上海,联通,1306177,1316255,1326279,1453265,,,,1666215,,1719770,1752165,,,1864465,
上海,联通,1306178,1316256,1326280,1453266,,,,1666216,,1719771,1752166,,,1864466,
上海,联通,1306179,1316257,1326281,1453267,,,,1666217,,1719772,1752167,,,1864467,
上海,联通,1306180,1316258,1326282,1453268,,,,1666218,,1719773,1752168,,,1864468,
上海,联通,1306181,1316259,1326283,1453269,,,,1666219,,1719774,1752169,,,1864469,
上海,联通,1306182,1316260,1326284,1454060,,,,,,1719775,1752170,,,1865440,
上海,联通,1306183,1316261,1326285,1454061,,,,,,1719776,1752171,,,1865441,
上海,联通,1306184,1316262,1326286,1454062,,,,,,1719777,1752172,,,1865442,
上海,联通,1306185,1316263,1326287,1454063,,,,,,1719778,1752173,,,1865443,
上海,联通,1306186,1316264,1326288,1454064,,,,,,1719779,1752174,,,1865444,
上海,联通,1306187,1316265,1326289,1454065,,,,,,,1752175,,,1865445,
上海,联通,1306188,1316266,1326290,1454066,,,,,,,1752176,,,1865446,
上海,联通,1306189,1316267,1326291,1454067,,,,,,,1752177,,,1865447,
上海,联通,1306190,1316268,1326292,1454068,,,,,,,1752178,,,1865448,
上海,联通,1306191,1316269,1326293,1454069,,,,,,,1752179,,,1865449,
上海,联通,1306192,1316270,1326294,1454070,,,,,,,1752180,,,1868440,
上海,联通,1306193,1316271,1326295,1454071,,,,,,,1752181,,,1868441,
上海,联通,1306194,1316272,1326296,1454072,,,,,,,1752182,,,1868442,
上海,联通,1306195,1316273,1326297,1454073,,,,,,,1752183,,,1868443,
上海,联通,1306196,1316274,1326298,1454074,,,,,,,1752184,,,1868444,
上海,联通,1306197,1316275,1326299,1454075,,,,,,,1752185,,,1868445,
上海,联通,1306198,1316276,1329600,1454076,,,,,,,1752186,,,1868446,
上海,联通,1306199,1316277,1329601,1454077,,,,,,,1752187,,,1868447,
上海,联通,1306260,1316278,1329602,1454078,,,,,,,1752188,,,1868448,
上海,联通,1306261,1316279,1329603,1454079,,,,,,,1752189,,,1868449,
上海,联通,1306262,1316280,1329604,1454080,,,,,,,1752190,,,,
上海,联通,1306263,1316281,1329605,1454081,,,,,,,1752191,,,,
上海,联通,1306264,1316282,1329606,1454082,,,,,,,1752192,,,,
上海,联通,1306265,1316283,1329607,1454083,,,,,,,1752193,,,,
上海,联通,1306266,1316284,1329608,1454084,,,,,,,1752194,,,,
上海,联通,1306267,1316285,1329609,1454085,,,,,,,1752195,,,,
上海,联通,1306268,1316286,1329610,1454086,,,,,,,1752196,,,,
上海,联通,1306269,1316287,1329611,1454087,,,,,,,1752197,,,,
上海,联通,1306270,1316288,1329612,1454088,,,,,,,1752198,,,,
上海,联通,1306271,1316289,1329613,1454089,,,,,,,1752199,,,,
上海,联通,1306272,1316290,1329614,1454090,,,,,,,,,,,
上海,联通,1306273,1316291,1329615,1454091,,,,,,,,,,,
上海,联通,1306274,1316292,1329616,1454092,,,,,,,,,,,
上海,联通,1306275,1316293,1329617,1454093,,,,,,,,,,,
上海,联通,1306276,1316294,1329618,1454094,,,,,,,,,,,
上海,联通,1306277,1316295,1329619,1454095,,,,,,,,,,,
上海,联通,1306278,1316296,1329620,1454096,,,,,,,,,,,
上海,联通,1306279,1316297,1329621,1454097,,,,,,,,,,,
上海,联通,1306280,1316298,1329622,1454098,,,,,,,,,,,
上海,联通,1306281,1316299,1329623,1454099,,,,,,,,,,,
上海,联通,1306282,1316600,1329624,1454910,,,,,,,,,,,
上海,联通,1306283,1316601,1329625,1454911,,,,,,,,,,,
上海,联通,1306284,1316602,1329626,1454912,,,,,,,,,,,
上海,联通,1306285,1316603,1329627,1454913,,,,,,,,,,,
上海,联通,1306286,1316604,1329628,1454914,,,,,,,,,,,
上海,联通,1306287,1316605,1329629,1454915,,,,,,,,,,,
上海,联通,1306288,1316606,,1454916,,,,,,,,,,,
上海,联通,1306289,1316607,,1454917,,,,,,,,,,,
上海,联通,1307210,1316608,,1454918,,,,,,,,,,,
上海,联通,1307211,1316609,,1454919,,,,,,,,,,,
上海,联通,1307212,1316610,,1454920,,,,,,,,,,,
上海,联通,1307213,1316611,,1454921,,,,,,,,,,,
上海,联通,1307214,1316612,,1454922,,,,,,,,,,,
上海,联通,1307215,1316613,,1454923,,,,,,,,,,,
上海,联通,1307216,1316614,,1454924,,,,,,,,,,,
上海,联通,1307217,1316615,,1454925,,,,,,,,,,,
上海,联通,1307218,1316616,,1454926,,,,,,,,,,,
上海,联通,1307219,1316617,,1454927,,,,,,,,,,,
上海,联通,,1316618,,1454928,,,,,,,,,,,
上海,联通,,1316619,,1454929,,,,,,,,,,,
上海,联通,,1316620,,1455710,,,,,,,,,,,
上海,联通,,1316621,,1455711,,,,,,,,,,,
上海,联通,,1316622,,1455712,,,,,,,,,,,
上海,联通,,1316623,,1455713,,,,,,,,,,,
上海,联通,,1316624,,1455714,,,,,,,,,,,
上海,联通,,1316625,,1455715,,,,,,,,,,,
上海,联通,,1316626,,1455716,,,,,,,,,,,
上海,联通,,1316627,,1455717,,,,,,,,,,,
上海,联通,,1316628,,1455718,,,,,,,,,,,
上海,联通,,1316629,,1455719,,,,,,,,,,,
上海,联通,,1316630,,1455720,,,,,,,,,,,
上海,联通,,1316631,,1455721,,,,,,,,,,,
上海,联通,,1316632,,1455722,,,,,,,,,,,
上海,联通,,1316633,,1455723,,,,,,,,,,,
上海,联通,,1316634,,1455724,,,,,,,,,,,
上海,联通,,1316635,,1455725,,,,,,,,,,,
上海,联通,,1316636,,1455726,,,,,,,,,,,
上海,联通,,1316637,,1455727,,,,,,,,,,,
上海,联通,,1316638,,1455728,,,,,,,,,,,
上海,联通,,1316639,,1455729,,,,,,,,,,,
上海,联通,,1316640,,1455730,,,,,,,,,,,
上海,联通,,1316641,,1455731,,,,,,,,,,,
上海,联通,,1316642,,1455732,,,,,,,,,,,
上海,联通,,1316643,,1455733,,,,,,,,,,,
上海,联通,,1316644,,1455734,,,,,,,,,,,
上海,联通,,1316645,,1455735,,,,,,,,,,,
上海,联通,,1316646,,1455736,,,,,,,,,,,
上海,联通,,1316647,,1455737,,,,,,,,,,,
上海,联通,,1316648,,1455738,,,,,,,,,,,
上海,联通,,1316649,,1455739,,,,,,,,,,,
上海,联通,,1316700,,1455740,,,,,,,,,,,
上海,联通,,1316701,,1455741,,,,,,,,,,,
上海,联通,,1316702,,1455742,,,,,,,,,,,
上海,联通,,1316703,,1455743,,,,,,,,,,,
上海,联通,,1316704,,1455744,,,,,,,,,,,
上海,联通,,1316705,,1455745,,,,,,,,,,,
上海,联通,,1316706,,1455746,,,,,,,,,,,
上海,联通,,1316707,,1455747,,,,,,,,,,,
上海,联通,,1316708,,1455748,,,,,,,,,,,
上海,联通,,1316709,,1455749,,,,,,,,,,,
上海,联通,,1316710,,1455750,,,,,,,,,,,
上海,联通,,1316711,,1455751,,,,,,,,,,,
上海,联通,,1316712,,1455752,,,,,,,,,,,
上海,联通,,1316713,,1455753,,,,,,,,,,,
上海,联通,,1316714,,1455754,,,,,,,,,,,
上海,联通,,1316715,,1455755,,,,,,,,,,,
上海,联通,,1316716,,1455756,,,,,,,,,,,
上海,联通,,1316717,,1455757,,,,,,,,,,,
上海,联通,,1316718,,1455758,,,,,,,,,,,
上海,联通,,1316719,,1455759,,,,,,,,,,,
上海,联通,,1316720,,1455770,,,,,,,,,,,
上海,联通,,1316721,,1455771,,,,,,,,,,,
上海,联通,,1316722,,1455772,,,,,,,,,,,
上海,联通,,1316723,,1455773,,,,,,,,,,,
上海,联通,,1316724,,1455774,,,,,,,,,,,
上海,联通,,1316725,,1455775,,,,,,,,,,,
上海,联通,,1316726,,1455776,,,,,,,,,,,
上海,联通,,1316727,,1455777,,,,,,,,,,,
上海,联通,,1316728,,1455778,,,,,,,,,,,
上海,联通,,1316729,,1455779,,,,,,,,,,,
上海,联通,,,,1455780,,,,,,,,,,,
上海,联通,,,,1455781,,,,,,,,,,,
上海,联通,,,,1455782,,,,,,,,,,,
上海,联通,,,,1455783,,,,,,,,,,,
上海,联通,,,,1455784,,,,,,,,,,,
上海,联通,,,,1455785,,,,,,,,,,,
上海,联通,,,,1455786,,,,,,,,,,,
上海,联通,,,,1455787,,,,,,,,,,,
上海,联通,,,,1455788,,,,,,,,,,,
上海,联通,,,,1455789,,,,,,,,,,,
上海,联通,,,,1455790,,,,,,,,,,,
上海,联通,,,,1455791,,,,,,,,,,,
上海,联通,,,,1455792,,,,,,,,,,,
上海,联通,,,,1455793,,,,,,,,,,,
上海,联通,,,,1455794,,,,,,,,,,,
上海,联通,,,,1455795,,,,,,,,,,,
上海,联通,,,,1455796,,,,,,,,,,,
上海,联通,,,,1455797,,,,,,,,,,,
上海,联通,,,,1455798,,,,,,,,,,,
上海,联通,,,,1455799,,,,,,,,,,,
上海,联通,,,,1455800,,,,,,,,,,,
上海,联通,,,,1455801,,,,,,,,,,,
上海,联通,,,,1455802,,,,,,,,,,,
上海,联通,,,,1455803,,,,,,,,,,,
上海,联通,,,,1455804,,,,,,,,,,,
上海,联通,,,,1455805,,,,,,,,,,,
上海,联通,,,,1455806,,,,,,,,,,,
上海,联通,,,,1455807,,,,,,,,,,,
上海,联通,,,,1455808,,,,,,,,,,,
上海,联通,,,,1455809,,,,,,,,,,,
上海,联通,,,,1455810,,,,,,,,,,,
上海,联通,,,,1455811,,,,,,,,,,,
上海,联通,,,,1455812,,,,,,,,,,,
上海,联通,,,,1455813,,,,,,,,,,,
上海,联通,,,,1455814,,,,,,,,,,,
上海,联通,,,,1455815,,,,,,,,,,,
上海,联通,,,,1455816,,,,,,,,,,,
上海,联通,,,,1455817,,,,,,,,,,,
上海,联通,,,,1455818,,,,,,,,,,,
上海,联通,,,,1455819,,,,,,,,,,,
上海,联通,,,,1455820,,,,,,,,,,,
上海,联通,,,,1455821,,,,,,,,,,,
上海,联通,,,,1455822,,,,,,,,,,,
上海,联通,,,,1455823,,,,,,,,,,,
上海,联通,,,,1455824,,,,,,,,,,,
上海,联通,,,,1455825,,,,,,,,,,,
上海,联通,,,,1455826,,,,,,,,,,,
上海,联通,,,,1455827,,,,,,,,,,,
上海,联通,,,,1455828,,,,,,,,,,,
上海,联通,,,,1455829,,,,,,,,,,,
上海,联通,,,,1455830,,,,,,,,,,,
上海,联通,,,,1455831,,,,,,,,,,,
上海,联通,,,,1455832,,,,,,,,,,,
上海,联通,,,,1455833,,,,,,,,,,,
上海,联通,,,,1455834,,,,,,,,,,,
上海,联通,,,,1455835,,,,,,,,,,,
上海,联通,,,,1455836,,,,,,,,,,,
上海,联通,,,,1455837,,,,,,,,,,,
上海,联通,,,,1455838,,,,,,,,,,,
上海,联通,,,,1455839,,,,,,,,,,,
上海,联通,,,,1455840,,,,,,,,,,,
上海,联通,,,,1455841,,,,,,,,,,,
上海,联通,,,,1455842,,,,,,,,,,,
上海,联通,,,,1455843,,,,,,,,,,,
上海,联通,,,,1455844,,,,,,,,,,,
上海,联通,,,,1455845,,,,,,,,,,,
上海,联通,,,,1455846,,,,,,,,,,,
上海,联通,,,,1455847,,,,,,,,,,,
上海,联通,,,,1455848,,,,,,,,,,,
上海,联通,,,,1455849,,,,,,,,,,,
上海,联通,,,,1455850,,,,,,,,,,,
上海,联通,,,,1455851,,,,,,,,,,,
上海,联通,,,,1455852,,,,,,,,,,,
上海,联通,,,,1455853,,,,,,,,,,,
上海,联通,,,,1455854,,,,,,,,,,,
上海,联通,,,,1455855,,,,,,,,,,,
上海,联通,,,,1455856,,,,,,,,,,,
上海,联通,,,,1455857,,,,,,,,,,,
上海,联通,,,,1455858,,,,,,,,,,,
上海,联通,,,,1455859,,,,,,,,,,,
上海,联通,,,,1455860,,,,,,,,,,,
上海,联通,,,,1455861,,,,,,,,,,,
上海,联通,,,,1455862,,,,,,,,,,,
上海,联通,,,,1455863,,,,,,,,,,,
上海,联通,,,,1455864,,,,,,,,,,,
上海,联通,,,,1455865,,,,,,,,,,,
上海,联通,,,,1455866,,,,,,,,,,,
上海,联通,,,,1455867,,,,,,,,,,,
上海,联通,,,,1455868,,,,,,,,,,,
上海,联通,,,,1455869,,,,,,,,,,,
上海,联通,,,,1455870,,,,,,,,,,,
上海,联通,,,,1455871,,,,,,,,,,,
上海,联通,,,,1455872,,,,,,,,,,,
上海,联通,,,,1455873,,,,,,,,,,,
上海,联通,,,,1455874,,,,,,,,,,,
上海,联通,,,,1455875,,,,,,,,,,,
上海,联通,,,,1455876,,,,,,,,,,,
上海,联通,,,,1455877,,,,,,,,,,,
上海,联通,,,,1455878,,,,,,,,,,,
上海,联通,,,,1455879,,,,,,,,,,,
上海,联通,,,,1455880,,,,,,,,,,,
上海,联通,,,,1455881,,,,,,,,,,,
上海,联通,,,,1455882,,,,,,,,,,,
上海,联通,,,,1455883,,,,,,,,,,,
上海,联通,,,,1455884,,,,,,,,,,,
上海,联通,,,,1455885,,,,,,,,,,,
上海,联通,,,,1455886,,,,,,,,,,,
上海,联通,,,,1455887,,,,,,,,,,,
上海,联通,,,,1455888,,,,,,,,,,,
上海,联通,,,,1455889,,,,,,,,,,,
上海,联通,,,,1455890,,,,,,,,,,,
上海,联通,,,,1455891,,,,,,,,,,,
上海,联通,,,,1455892,,,,,,,,,,,
上海,联通,,,,1455893,,,,,,,,,,,
上海,联通,,,,1455894,,,,,,,,,,,
上海,联通,,,,1455895,,,,,,,,,,,
上海,联通,,,,1455896,,,,,,,,,,,
上海,联通,,,,1455897,,,,,,,,,,,
上海,联通,,,,1455898,,,,,,,,,,,
上海,联通,,,,1455899,,,,,,,,,,,
上海,联通,,,,1455900,,,,,,,,,,,
上海,联通,,,,1455901,,,,,,,,,,,
上海,联通,,,,1455902,,,,,,,,,,,
上海,联通,,,,1455903,,,,,,,,,,,
上海,联通,,,,1455904,,,,,,,,,,,
上海,联通,,,,1455905,,,,,,,,,,,
上海,联通,,,,1455906,,,,,,,,,,,
上海,联通,,,,1455907,,,,,,,,,,,
上海,联通,,,,1455908,,,,,,,,,,,
上海,联通,,,,1455909,,,,,,,,,,,
上海,联通,,,,1455910,,,,,,,,,,,
上海,联通,,,,1455911,,,,,,,,,,,
上海,联通,,,,1455912,,,,,,,,,,,
上海,联通,,,,1455913,,,,,,,,,,,
上海,联通,,,,1455914,,,,,,,,,,,
上海,联通,,,,1455915,,,,,,,,,,,
上海,联通,,,,1455916,,,,,,,,,,,
上海,联通,,,,1455917,,,,,,,,,,,
上海,联通,,,,1455918,,,,,,,,,,,
上海,联通,,,,1455919,,,,,,,,,,,
上海,联通,,,,1455920,,,,,,,,,,,
上海,联通,,,,1455921,,,,,,,,,,,
上海,联通,,,,1455922,,,,,,,,,,,
上海,联通,,,,1455923,,,,,,,,,,,
上海,联通,,,,1455924,,,,,,,,,,,
上海,联通,,,,1455925,,,,,,,,,,,
上海,联通,,,,1455926,,,,,,,,,,,
上海,联通,,,,1455927,,,,,,,,,,,
上海,联通,,,,1455928,,,,,,,,,,,
上海,联通,,,,1455929,,,,,,,,,,,
上海,联通,,,,1455930,,,,,,,,,,,
上海,联通,,,,1455931,,,,,,,,,,,
上海,联通,,,,1455932,,,,,,,,,,,
上海,联通,,,,1455933,,,,,,,,,,,
上海,联通,,,,1455934,,,,,,,,,,,
上海,联通,,,,1455935,,,,,,,,,,,
上海,联通,,,,1455936,,,,,,,,,,,
上海,联通,,,,1455937,,,,,,,,,,,
上海,联通,,,,1455938,,,,,,,,,,,
上海,联通,,,,1455939,,,,,,,,,,,
上海,联通,,,,1455940,,,,,,,,,,,
上海,联通,,,,1455941,,,,,,,,,,,
上海,联通,,,,1455942,,,,,,,,,,,
上海,联通,,,,1455943,,,,,,,,,,,
上海,联通,,,,1455944,,,,,,,,,,,
上海,联通,,,,1455945,,,,,,,,,,,
上海,联通,,,,1455946,,,,,,,,,,,
上海,联通,,,,1455947,,,,,,,,,,,
上海,联通,,,,1455948,,,,,,,,,,,
上海,联通,,,,1455949,,,,,,,,,,,
上海,联通,,,,1455950,,,,,,,,,,,
上海,联通,,,,1455951,,,,,,,,,,,
上海,联通,,,,1455952,,,,,,,,,,,
上海,联通,,,,1455953,,,,,,,,,,,
上海,联通,,,,1455954,,,,,,,,,,,
上海,联通,,,,1455955,,,,,,,,,,,
上海,联通,,,,1455956,,,,,,,,,,,
上海,联通,,,,1455957,,,,,,,,,,,
上海,联通,,,,1455958,,,,,,,,,,,
上海,联通,,,,1455959,,,,,,,,,,,
上海,联通,,,,1455960,,,,,,,,,,,
上海,联通,,,,1455961,,,,,,,,,,,
上海,联通,,,,1455962,,,,,,,,,,,
上海,联通,,,,1455963,,,,,,,,,,,
上海,联通,,,,1455964,,,,,,,,,,,
上海,联通,,,,1455965,,,,,,,,,,,
上海,联通,,,,1455966,,,,,,,,,,,
上海,联通,,,,1455967,,,,,,,,,,,
上海,联通,,,,1455968,,,,,,,,,,,
上海,联通,,,,1455969,,,,,,,,,,,
上海,联通,,,,1455970,,,,,,,,,,,
上海,联通,,,,1455971,,,,,,,,,,,
上海,联通,,,,1455972,,,,,,,,,,,
上海,联通,,,,1455973,,,,,,,,,,,
上海,联通,,,,1455974,,,,,,,,,,,
上海,联通,,,,1455975,,,,,,,,,,,
上海,联通,,,,1455976,,,,,,,,,,,
上海,联通,,,,1455977,,,,,,,,,,,
上海,联通,,,,1455978,,,,,,,,,,,
上海,联通,,,,1455979,,,,,,,,,,,
上海,联通,,,,1456653,,,,,,,,,,,
上海,联通,,,,1456897,,,,,,,,,,,
上海,联通,,,,1457130,,,,,,,,,,,
上海,联通,,,,1457131,,,,,,,,,,,
上海,联通,,,,1457132,,,,,,,,,,,
上海,联通,,,,1457133,,,,,,,,,,,
上海,联通,,,,1457134,,,,,,,,,,,
上海,联通,,,,1457135,,,,,,,,,,,
上海,联通,,,,1457136,,,,,,,,,,,
上海,联通,,,,1457137,,,,,,,,,,,
上海,联通,,,,1457138,,,,,,,,,,,
上海,联通,,,,1457139,,,,,,,,,,,
上海,联通,,,,1457140,,,,,,,,,,,
上海,联通,,,,1457141,,,,,,,,,,,
上海,联通,,,,1457142,,,,,,,,,,,
上海,联通,,,,1457143,,,,,,,,,,,
上海,联通,,,,1457144,,,,,,,,,,,
上海,联通,,,,1457145,,,,,,,,,,,
上海,联通,,,,1457146,,,,,,,,,,,
上海,联通,,,,1457147,,,,,,,,,,,
上海,联通,,,,1457148,,,,,,,,,,,
上海,联通,,,,1457149,,,,,,,,,,,
上海,联通,,,,1457150,,,,,,,,,,,
上海,联通,,,,1457151,,,,,,,,,,,
上海,联通,,,,1457152,,,,,,,,,,,
上海,联通,,,,1457153,,,,,,,,,,,
上海,联通,,,,1457154,,,,,,,,,,,
上海,联通,,,,1457155,,,,,,,,,,,
上海,联通,,,,1457156,,,,,,,,,,,
上海,联通,,,,1457157,,,,,,,,,,,
上海,联通,,,,1457158,,,,,,,,,,,
上海,联通,,,,1457159,,,,,,,,,,,
上海,联通,,,,1457160,,,,,,,,,,,
上海,联通,,,,1457161,,,,,,,,,,,
上海,联通,,,,1457162,,,,,,,,,,,
上海,联通,,,,1457163,,,,,,,,,,,
上海,联通,,,,1457164,,,,,,,,,,,
上海,联通,,,,1457165,,,,,,,,,,,
上海,联通,,,,1457166,,,,,,,,,,,
上海,联通,,,,1457167,,,,,,,,,,,
上海,联通,,,,1457168,,,,,,,,,,,
上海,联通,,,,1457169,,,,,,,,,,,
上海,联通,,,,1457310,,,,,,,,,,,
上海,联通,,,,1457311,,,,,,,,,,,
上海,联通,,,,1457312,,,,,,,,,,,
上海,联通,,,,1457313,,,,,,,,,,,
上海,联通,,,,1457314,,,,,,,,,,,
上海,联通,,,,1457315,,,,,,,,,,,
上海,联通,,,,1457316,,,,,,,,,,,
上海,联通,,,,1457317,,,,,,,,,,,
上海,联通,,,,1457318,,,,,,,,,,,
上海,联通,,,,1457319,,,,,,,,,,,
上海,联通,,,,1457320,,,,,,,,,,,
上海,联通,,,,1457321,,,,,,,,,,,
上海,联通,,,,1457322,,,,,,,,,,,
上海,联通,,,,1457323,,,,,,,,,,,
上海,联通,,,,1457324,,,,,,,,,,,
上海,联通,,,,1457325,,,,,,,,,,,
上海,联通,,,,1457326,,,,,,,,,,,
上海,联通,,,,1457327,,,,,,,,,,,
上海,联通,,,,1457328,,,,,,,,,,,
上海,联通,,,,1457329,,,,,,,,,,,
上海,联通,,,,1457800,,,,,,,,,,,
上海,联通,,,,1457801,,,,,,,,,,,
上海,联通,,,,1457802,,,,,,,,,,,
上海,联通,,,,1457803,,,,,,,,,,,
上海,联通,,,,1457804,,,,,,,,,,,
上海,联通,,,,1457805,,,,,,,,,,,
上海,联通,,,,1457806,,,,,,,,,,,
上海,联通,,,,1457807,,,,,,,,,,,
上海,联通,,,,1457808,,,,,,,,,,,
上海,联通,,,,1457809,,,,,,,,,,,
上海,联通,,,,1457810,,,,,,,,,,,
上海,联通,,,,1457811,,,,,,,,,,,
上海,联通,,,,1457812,,,,,,,,,,,
上海,联通,,,,1457813,,,,,,,,,,,
上海,联通,,,,1457814,,,,,,,,,,,
上海,联通,,,,1457815,,,,,,,,,,,
上海,联通,,,,1457816,,,,,,,,,,,
上海,联通,,,,1457817,,,,,,,,,,,
上海,联通,,,,1457818,,,,,,,,,,,
上海,联通,,,,1457819,,,,,,,,,,,
上海,联通,,,,1457820,,,,,,,,,,,
上海,联通,,,,1457821,,,,,,,,,,,
上海,联通,,,,1457822,,,,,,,,,,,
上海,联通,,,,1457823,,,,,,,,,,,
上海,联通,,,,1457824,,,,,,,,,,,
上海,联通,,,,1457825,,,,,,,,,,,
上海,联通,,,,1457826,,,,,,,,,,,
上海,联通,,,,1457827,,,,,,,,,,,
上海,联通,,,,1457828,,,,,,,,,,,
上海,联通,,,,1457829,,,,,,,,,,,
上海,联通,,,,1457830,,,,,,,,,,,
上海,联通,,,,1457831,,,,,,,,,,,
上海,联通,,,,1457832,,,,,,,,,,,
上海,联通,,,,1457833,,,,,,,,,,,
上海,联通,,,,1457834,,,,,,,,,,,
上海,联通,,,,1457835,,,,,,,,,,,
上海,联通,,,,1457836,,,,,,,,,,,
上海,联通,,,,1457837,,,,,,,,,,,
上海,联通,,,,1457838,,,,,,,,,,,
上海,联通,,,,1457839,,,,,,,,,,,
上海,联通,,,,1457840,,,,,,,,,,,
上海,联通,,,,1457841,,,,,,,,,,,
上海,联通,,,,1457842,,,,,,,,,,,
上海,联通,,,,1457843,,,,,,,,,,,
上海,联通,,,,1457844,,,,,,,,,,,
上海,联通,,,,1457845,,,,,,,,,,,
上海,联通,,,,1457846,,,,,,,,,,,
上海,联通,,,,1457847,,,,,,,,,,,
上海,联通,,,,1457848,,,,,,,,,,,
上海,联通,,,,1457849,,,,,,,,,,,
上海,联通,,,,1457850,,,,,,,,,,,
上海,联通,,,,1457851,,,,,,,,,,,
上海,联通,,,,1457852,,,,,,,,,,,
上海,联通,,,,1457853,,,,,,,,,,,
上海,联通,,,,1457854,,,,,,,,,,,
上海,联通,,,,1457855,,,,,,,,,,,
上海,联通,,,,1457856,,,,,,,,,,,
上海,联通,,,,1457857,,,,,,,,,,,
上海,联通,,,,1457858,,,,,,,,,,,
上海,联通,,,,1457859,,,,,,,,,,,
