省份,运营商,133 号段,141 号段,149 号段,153 号段,162 号段,173 号段,174 号段,177 号段,180 号段,181 号段,189 号段,190 号段,191 号段,193 号段,199 号段
广东,电信,1330220,1410100,1491100,1530220,1621200,1730190,1749303,1770190,1800000,1810020,1890080,1900200,1910200,1930200,1990220
广东,电信,1330221,1410101,1491101,1530221,1621201,1730191,,1770191,1800002,1810021,1890081,1900201,1910201,1930201,1990221
广东,电信,1330222,1410102,1491102,1530222,1621202,1730192,,1770192,1800003,1810022,1890082,1900202,1910202,1930202,1990222
广东,电信,1330223,1410103,1491103,1530223,1621203,1730193,,1770193,1800080,1810023,1890083,1900203,1910203,1930203,1990223
广东,电信,1330224,1410104,1491104,1530224,1621204,1730194,,1770194,1800081,1810024,1890084,1900204,1910204,1930204,1990224
广东,电信,1330225,1410105,1491105,1530225,1621205,1730195,,1770195,1800082,1810025,1890085,1900205,1910205,1930205,1990225
广东,电信,1330226,1410106,1491106,1530226,1621206,1730196,,1770196,1800083,1810026,1890086,1900206,1910206,1930206,1990226
广东,电信,1330227,1410107,1491107,1530227,1621207,1730197,,1770197,1800084,1810027,1890087,1900207,1910207,1930207,1990227
广东,电信,1330228,1410108,1491108,1530228,1621208,1730198,,1770198,1800085,1810028,1890088,1900208,1910208,1930208,1990228
广东,电信,1330229,1410109,1491109,1530229,1621209,1730199,,1770199,1800086,1810029,1890089,1900209,1910209,1930209,1990229
广东,电信,1330230,1410400,1491110,1530230,1621260,1730200,,1770200,1800087,1810220,1890220,1900660,1910300,1930300,1990230
广东,电信,1330231,1410401,1491111,1530231,1621261,1730201,,1770201,1800088,1810221,1890221,1900661,1910301,1930301,1990231
广东,电信,1330232,1410402,1491112,1530232,1621262,1730202,,1770202,1800089,1810222,1890222,1900662,1910302,1930302,1990232
广东,电信,1330233,1410403,1491113,1530233,1621263,1730203,,1770203,1800090,1810223,1890223,1900663,1910303,1930303,1990233
广东,电信,1330234,1410404,1491114,1530234,1621264,1730204,,1770204,1800091,1810224,1890224,1900664,1910304,1930304,1990234
广东,电信,1330235,1410405,1491115,1530235,1621265,1730205,,1770205,1800092,1810225,1890225,1900665,1910305,1930305,1990235
广东,电信,1330236,1410406,1491116,1530236,1621266,1730206,,1770206,1800093,1810226,1890226,1900667,1910306,1930306,1990236
广东,电信,1330237,1410407,1491117,1530237,1621267,1730207,,1770207,1800094,1810227,1890227,1900668,1910307,1930307,1990237
广东,电信,1330238,1410408,1491118,1530238,1621268,1730208,,1770208,1800095,1810228,1890228,1900669,1910308,1930308,1990238
广东,电信,1330239,1410409,1491119,1530239,1621269,1730209,,1770209,1800096,1810229,1890229,1900750,1910309,1930309,1990239
广东,电信,1330240,,1491120,1530240,1621760,1730260,,1770260,1800097,1810250,1890230,1900751,1910660,1930400,1990240
广东,电信,1330241,,1491121,1530241,1621761,1730261,,1770261,1800098,1810251,1890231,1900752,1910661,1930401,1990241
广东,电信,1330242,,1491122,1530242,1621762,1730262,,1770262,1800099,1810252,1890232,1900753,1910662,1930402,1990242
广东,电信,1330243,,1491123,1530243,1621763,1730263,,1770263,1800220,1810253,1890233,1900754,1910663,1930403,1990243
广东,电信,1330244,,1491124,1530244,1621764,1730264,,1770264,1800221,1810254,1890234,1900755,1910664,1930404,1990244
广东,电信,1330245,,1491125,1530245,1627420,1730265,,1770265,1800222,1810255,1890235,1900756,1910665,1930405,1990245
广东,电信,1330246,,1491126,1530246,1627421,1730266,,1770266,1800223,1810256,1890236,1900757,1910666,1930406,1990246
广东,电信,1330247,,1491127,1530247,1627422,1730267,,1770267,1800224,1810257,1890237,1900758,1910667,1930407,1990247
广东,电信,1330248,,1491128,1530248,1627423,1730268,,1770268,1800225,1810258,1890238,1900759,1910668,1930408,1990248
广东,电信,1330249,,1491129,1530249,1627424,1730269,,1770269,1800226,1810259,1890239,1900760,1910669,1930409,1990249
广东,电信,1330250,,1491130,1530250,1627425,1730300,,1770300,1800227,1810260,1890240,1900761,1910750,1930490,1990250
广东,电信,1330251,,1491131,1530251,1627426,1730301,,1770301,1800228,1810261,1890241,1900762,1910751,1930491,1990251
广东,电信,1330252,,1491132,1530252,1627427,1730302,,1770302,1800229,1810262,1890242,1900763,1910752,1930492,1990252
广东,电信,1330253,,1491133,1530253,1627428,1730303,,1770303,1800250,1810263,1890243,1900764,1910753,1930493,1990253
广东,电信,1330254,,1491134,1530254,1627429,1730304,,1770304,1800251,1810264,1890244,1900765,1910754,1930494,1990254
广东,电信,1330255,,1491135,1530255,1627690,1730305,,1770305,1800252,1810265,1890245,1900766,1910755,1930495,1990255
广东,电信,1330256,,1491136,1530256,1627691,1730306,,1770306,1800253,1810266,1890246,1900767,1910756,1930496,1990256
广东,电信,1330257,,1491137,1530257,1627692,1730307,,1770307,1800254,1810267,1890247,1900768,1910757,1930497,1990257
广东,电信,1330258,,1491138,1530258,1627693,1730308,,1770308,1800255,1810268,1890248,1900769,1910758,1930498,1990258
广东,电信,1330259,,1491139,1530259,1627694,1730309,,1770309,1800256,1810269,1890249,1902051,1910759,1930499,1990259
广东,电信,1330260,,1491140,1530260,1627695,1730400,,1770400,1800257,1810270,1890250,1902052,1910760,1930660,1990260
广东,电信,1330261,,1491141,1530261,1627696,1730401,,1770401,1800258,1810271,1890251,1902054,1910761,1930661,1990261
广东,电信,1330262,,1491142,1530262,1627697,1730402,,1770402,1800259,1810272,1890252,1902060,1910762,1930662,1990262
广东,电信,1330263,,1491143,1530263,1627698,1730403,,1770403,1800260,1810273,1890253,1902061,1910763,1930663,1990263
广东,电信,1330264,,1491144,1530264,1629200,1730404,,1770404,1800261,1810274,1890254,1902062,1910764,1930664,1990264
广东,电信,1330265,,1491145,1530265,1629201,1730405,,1770405,1800262,1810275,1890255,1902063,1910765,1930665,1990265
广东,电信,1330266,,1491146,1530266,1629202,1730406,,1770406,1800263,1810276,1890256,1902064,1910766,1930666,1990266
广东,电信,1330267,,1491147,1530267,1629203,1730407,,1770407,1800264,1810277,1890257,1902065,1910767,1930667,1990267
广东,电信,1330268,,1491148,1530268,1629204,1730408,,1770408,1800265,1810278,1890258,1902066,1910768,1930668,1990268
广东,电信,1330269,,1491149,1530269,1629205,1730409,,1770409,1800266,1810279,1890259,1902067,1910769,1930669,1990269
广东,电信,1330270,,,1530270,1629206,1730440,,1770750,1800267,1810280,1890260,1902068,1912000,1930680,1990270
广东,电信,1330271,,,1530271,1629750,1730441,,1770751,1800268,1810281,1890261,1902069,1912001,1930681,1990271
广东,电信,1330272,,,1530272,1629751,1730442,,1770752,1800269,1810282,1890262,1902073,1912002,1930682,1990272
广东,电信,1330273,,,1530273,1629752,1730443,,1770753,1800270,1810283,1890263,1902076,1912003,1930683,1990273
广东,电信,1330274,,,1530274,1629753,1730444,,1770754,1800271,1810284,1890264,1902078,1912004,1930684,1990274
广东,电信,1330275,,,1530275,1629754,1730445,,1770755,1800272,1810285,1890265,1902079,1912005,1930685,1990275
广东,电信,1330276,,,1530276,1629756,1730446,,1770756,1800273,1810286,1890266,1902084,1912006,1930686,1990276
广东,电信,1330277,,,1530277,1629757,1730447,,1770757,1800274,1810287,1890267,1902087,1912007,1930687,1990277
广东,电信,1330278,,,1530278,1629758,1730448,,1770758,1800275,1810288,1890268,1902092,1912008,1930688,1990278
广东,电信,1330279,,,1530279,1629759,1730449,,1770759,1800276,1810289,1890269,1902095,1912009,1930689,1990279
广东,电信,1330280,,,1530280,1629760,1730660,,1770760,1800277,1810290,1890270,1902097,1912010,1930750,1990280
广东,电信,1330281,,,1530281,1629761,1730661,,1770761,1800278,1810291,1890271,1902200,1912011,1930751,1990281
广东,电信,1330282,,,1530282,1629762,1730662,,1770762,1800279,1810292,1890272,1902201,1912012,1930752,1990282
广东,电信,1330283,,,1530283,1629763,1730663,,1770763,1800280,1810293,1890273,1902202,1912013,1930753,1990283
广东,电信,1330284,,,1530284,1629764,1730664,,1770764,1800281,1810294,1890274,1902203,1912014,1930754,1990284
广东,电信,1330285,,,1530285,1629767,1730665,,1770765,1800282,1810295,1890275,1902204,1912015,1930755,1990285
广东,电信,1330286,,,1530286,1629768,1730666,,1770766,1800283,1810296,1890276,1902205,1912016,1930756,1990286
广东,电信,1330287,,,1530287,1629769,1730667,,1770767,1800284,1810297,1890277,1902206,1912017,1930757,1990287
广东,电信,1330288,,,1530288,,1730668,,1770768,1800285,1810298,1890278,1902207,1912018,1930758,1990288
广东,电信,1330289,,,1530289,,1730669,,1770769,1800286,1810299,1890279,1902208,1912019,1930759,1990289
广东,电信,1330290,,,1530290,,1730750,,1770820,1800287,1810300,1890280,1902209,1912020,1930760,1990290
广东,电信,1330291,,,1530291,,1730751,,1770821,1800288,1810301,1890281,1902210,1912021,1930761,1990291
广东,电信,1330292,,,1530292,,1730752,,1770822,1800289,1810302,1890282,1902211,1912022,1930762,1990292
广东,电信,1330293,,,1530293,,1730753,,1770823,1800290,1810303,1890283,1902212,1912023,1930763,1990293
广东,电信,1330294,,,1530294,,1730754,,1770824,1800291,1810304,1890284,1902213,1912024,1930764,1990294
广东,电信,1330295,,,1530295,,1730755,,1770825,1800292,1810305,1890285,1902214,1912025,1930765,1990295
广东,电信,1330296,,,1530296,,1730756,,1770826,1800293,1810306,1890286,1902215,1912026,1930766,1990296
广东,电信,1330297,,,1530297,,1730757,,1770827,1800294,1810307,1890287,1902216,1912027,1930767,1990297
广东,电信,1330298,,,1530298,,1730758,,1770828,1800295,1810308,1890288,1902217,1912028,1930768,1990298
广东,电信,1330299,,,1530299,,1730759,,1770829,1800296,1810309,1890289,1902218,1912029,1930769,1990299
广东,电信,1331080,,,1530300,,1730760,,1770860,1800297,1810750,1890290,1902219,1912030,1932870,1990300
广东,电信,1331081,,,1530301,,1730761,,1770861,1800298,1810751,1890291,1902233,1912031,1932871,1990301
广东,电信,1331082,,,1530302,,1730762,,1770862,1800299,1810752,1890292,1902234,1912032,1932872,1990302
广东,电信,1331083,,,1530303,,1730763,,1770863,1800300,1810753,1890293,1902235,1912033,1932873,1990303
广东,电信,1331084,,,1530304,,1730764,,1770864,1800301,1810754,1890294,1902236,1912034,1932874,1990304
广东,电信,1331085,,,1530305,,1730765,,1770865,1800302,1810755,1890295,1902237,1912035,1932875,1990305
广东,电信,1331086,,,1530306,,1730766,,1770866,1800303,1810756,1890296,1902238,1912036,1932876,1990306
广东,电信,1331087,,,1530307,,1730767,,1770867,1800304,1810757,1890297,1902239,1912037,1932877,1990307
广东,电信,1331088,,,1530308,,1730768,,1770868,1800305,1810758,1890298,1902240,1912038,1932878,1990308
广东,电信,1331089,,,1530309,,1730769,,1770869,1800306,1810759,1890299,1902241,1912039,1932879,1990769
广东,电信,1331280,,,1530750,,1730820,,1771880,1800307,1810760,1890300,1902242,1912040,1932880,1992410
广东,电信,1331281,,,1530751,,1730821,,1771881,1800308,1810761,1890301,1902243,1912041,1932881,1992411
广东,电信,1331282,,,1530752,,1730822,,1771882,1800309,1810762,1890302,1902244,1912042,1932882,1992412
广东,电信,1331283,,,1530753,,1730823,,1771883,1800750,1810763,1890303,1902245,1912043,1932883,1992413
广东,电信,1331284,,,1530754,,1730824,,1771884,1800751,1810764,1890304,1902246,1912044,1932884,1992414
广东,电信,1331285,,,1530755,,1730825,,1771885,1800752,1810765,1890305,1902247,1912045,1932885,1992415
广东,电信,1331286,,,1530756,,1730826,,1771886,1800753,1810766,1890306,1902248,1912046,1932886,1992416
广东,电信,1331287,,,1530757,,1730827,,1771887,1800754,1810767,1890307,1902249,1912047,1932887,1992417
广东,电信,1331288,,,1530758,,1730828,,1771888,1800755,1810768,1890308,1902250,1912048,1932888,1992418
广东,电信,1331289,,,1530759,,1730829,,1771889,1800756,1810769,1890309,1902251,1912049,1932889,1992419
广东,电信,1331290,,,1530760,,1730860,,1772200,1800757,1811870,1892200,1902252,1912050,1932890,1992420
广东,电信,1331291,,,1530761,,1730861,,1772201,1800758,1811871,1892201,1902253,1912051,1932891,1992421
广东,电信,1331292,,,1530762,,1730862,,1772202,1800759,1811872,1892202,1902254,1912052,1932892,1992422
广东,电信,1331293,,,1530763,,1730863,,1772203,1800760,1811873,1892203,1902255,1912053,1932893,1992423
广东,电信,1331294,,,1530764,,1730864,,1772204,1800761,1811874,1892204,1902256,1912054,1932894,1992424
广东,电信,1331295,,,1530765,,1730865,,1772205,1800762,1811875,1892205,1902257,1912055,1932895,1992425
广东,电信,1331296,,,1530766,,1730866,,1772206,1800763,1811876,1892206,1902258,1912056,1932896,1992426
广东,电信,1331297,,,1530767,,1730867,,1772207,1800764,1811877,1892207,1902259,1912057,1932897,1992427
广东,电信,1331298,,,1530768,,1730868,,1772208,1800765,1811878,1892208,1902270,1912058,1932898,1992428
广东,电信,1331299,,,1530769,,1730869,,1772209,1800766,1811879,1892209,1902271,1912059,1932899,1992429
广东,电信,1331600,,,1532200,,1731680,,1772210,1800767,1812200,1892210,1902272,1912060,1936100,1992430
广东,电信,1331601,,,1532201,,1731681,,1772211,1800768,1812201,1892211,1902273,1912061,1936101,1992431
广东,电信,1331602,,,1532202,,1731682,,1772212,1800769,1812202,1892212,1902274,1912062,1936102,1992432
广东,电信,1331603,,,1532203,,1731683,,1772213,1801170,1812203,1892213,1902275,1912063,1936103,1992433
广东,电信,1331604,,,1532204,,1731684,,1772214,1801171,1812204,1892214,1902276,1912064,1936104,1992434
广东,电信,1331605,,,1532205,,1731685,,1772215,1801172,1812205,1892215,1902277,1912065,1936105,1992435
广东,电信,1331606,,,1532206,,1731686,,1772216,1801173,1812206,1892216,1902278,1912066,1936106,1992436
广东,电信,1331607,,,1532207,,1731687,,1772217,1801174,1812207,1892217,1902279,1912067,1936107,1992437
广东,电信,1331608,,,1532208,,1731688,,1772218,1801175,1812208,1892218,1904235,1912068,1936108,1992438
广东,电信,1331609,,,1532209,,1731689,,1772219,1801176,1812209,1892219,1904236,1912069,1936109,1992439
广东,电信,1331610,,,1532210,,1731800,,1772220,1801177,1812210,1892220,1904237,1912070,1936110,1992440
广东,电信,1331611,,,1532211,,1731801,,1772221,1801178,1812211,1892221,1904238,1912071,1936111,1992441
广东,电信,1331612,,,1532212,,1731802,,1772222,1801179,1812212,1892222,1904239,1912072,1936112,1992442
广东,电信,1331613,,,1532213,,1731803,,1772223,1801180,1812213,1892223,1904240,1912073,1936113,1992443
广东,电信,1331614,,,1532214,,1731806,,1772224,1801181,1812214,1892224,1904242,1912074,1936114,1992444
广东,电信,1331615,,,1532215,,1731807,,1772225,1801182,1812215,1892225,1904245,1912075,1936115,1992445
广东,电信,1331616,,,1532216,,1731808,,1772226,1801183,1812216,1892226,1904246,1912076,1936116,1992446
广东,电信,1331617,,,1532217,,1731809,,1772227,1801184,1812217,1892227,1904247,1912077,1936117,1992447
广东,电信,1331618,,,1532218,,1731810,,1772228,1801185,1812218,1892228,1904248,1912078,1936118,1992448
广东,电信,1331619,,,1532219,,1731811,,1772229,1801186,1812219,1892229,1904250,1912079,1936119,1992449
广东,电信,1331620,,,1532220,,1731812,,1772230,1801187,1812220,1892230,1904251,1912080,1936120,1992450
广东,电信,1331621,,,1532221,,1731813,,1772231,1801188,1812221,1892231,1904252,1912081,1936121,1992451
广东,电信,1331622,,,1532222,,1731814,,1772232,1801189,1812222,1892232,1904253,1912082,1936122,1992452
广东,电信,1331623,,,1532223,,1731815,,1772233,1801190,1812223,1892233,1904254,1912083,1936123,1992453
广东,电信,1331624,,,1532224,,1731816,,1772234,1801191,1812224,1892234,1904255,1912084,1936124,1992454
广东,电信,1331625,,,1532225,,1731817,,1772235,1801192,1812225,1892235,1904256,1912085,1936125,1992455
广东,电信,1331626,,,1532226,,1731818,,1772236,1801193,1812226,1892236,1904257,1912086,1936126,1992456
广东,电信,1331627,,,1532227,,1731819,,1772237,1801194,1812227,1892237,1904258,1912087,1936127,1992457
广东,电信,1331628,,,1532228,,1732200,,1772238,1801195,1812228,1892238,1904259,1912088,1936128,1992458
广东,电信,1331629,,,1532229,,1732201,,1772239,1801196,1812229,1892239,1904260,1912089,1936129,1992459
广东,电信,1331630,,,1532230,,1732202,,1772240,1801197,1812230,1892240,1904261,1912090,1936130,1992460
广东,电信,1331631,,,1532231,,1732203,,1772241,1801198,1812231,1892241,1904262,1912091,1936131,1992461
广东,电信,1331632,,,1532232,,1732204,,1772242,1801199,1812232,1892242,1904263,1912092,1936132,1992462
广东,电信,1331633,,,1532233,,1732205,,1772243,1801870,1812233,1892243,1904264,1912093,1936133,1992463
广东,电信,1331634,,,1532234,,1732206,,1772244,1801871,1812234,1892244,1904265,1912094,1936134,1992464
广东,电信,1331635,,,1532235,,1732207,,1772245,1801872,1812235,1892245,1904266,1912095,1936135,1992465
广东,电信,1331636,,,1532236,,1732208,,1772246,1801873,1812236,1892246,1904267,1912096,1936136,1992466
广东,电信,1331637,,,1532237,,1732209,,1772247,1801874,1812237,1892247,1904268,1912097,1936137,1992467
广东,电信,1331638,,,1532238,,1732210,,1772248,1801875,1812238,1892248,1904269,1912098,1936138,1992468
广东,电信,1331639,,,1532239,,1732211,,1772249,1801876,1812239,1892249,1904270,1912099,1936139,1992469
广东,电信,1331640,,,1532240,,1732212,,1772250,1801877,1812240,1892250,1904271,1912400,1936140,1992470
广东,电信,1331641,,,1532241,,1732213,,1772251,1801878,1812241,1892251,1904272,1912401,1936141,1992471
广东,电信,1331642,,,1532242,,1732214,,1772252,1801879,1812242,1892252,1904273,1912402,1936142,1992472
广东,电信,1331643,,,1532243,,1732215,,1772253,1802200,1812243,1892253,1904274,1912403,1936143,1992473
广东,电信,1331644,,,1532244,,1732216,,1772254,1802201,1812244,1892254,1904275,1912404,1936144,1992474
广东,电信,1331645,,,1532245,,1732217,,1772255,1802202,1812245,1892255,1904276,1912405,1936145,1992475
广东,电信,1331646,,,1532246,,1732218,,1772256,1802203,1812246,1892256,1904277,1912406,1936680,1992476
广东,电信,1331647,,,1532247,,1732219,,1772257,1802204,1812247,1892257,1904278,1912407,1936681,1992477
广东,电信,1331648,,,1532248,,1732220,,1772258,1802205,1812248,1892258,1904279,1912408,1936682,1992478
广东,电信,1331649,,,1532249,,1732221,,1772259,1802206,1812249,1892259,1904280,1912409,1936683,1992479
广东,电信,1331650,,,1532250,,1732222,,1772260,1802207,1812250,1892260,1904281,1912410,1936684,1992480
广东,电信,1331651,,,1532251,,1732223,,1772261,1802208,1812251,1892261,1904282,1912411,1936685,1992481
广东,电信,1331652,,,1532252,,1732224,,1772262,1802209,1812252,1892262,1904283,1912412,1936686,1992482
广东,电信,1331653,,,1532253,,1732225,,1772263,1802210,1812253,1892263,1904284,1912413,1936687,1992483
广东,电信,1331654,,,1532254,,1732226,,1772264,1802211,1812254,1892264,1904285,1912414,1936688,1992484
广东,电信,1331655,,,1532255,,1732227,,1772265,1802212,1812255,1892265,1904286,1912415,1936689,1992485
广东,电信,1331656,,,1532256,,1732228,,1772266,1802213,1812256,1892266,1904287,1912416,1937580,1992486
广东,电信,1331657,,,1532257,,1732229,,1772267,1802214,1812257,1892267,1904288,1912417,1937581,1992487
广东,电信,1331658,,,1532258,,1732230,,1772268,1802215,1812258,1892268,1904289,1912418,1937582,1992488
广东,电信,1331659,,,1532259,,1732231,,1772269,1802216,1812259,1892269,1904290,1912419,1937583,1992489
广东,电信,1331660,,,1532260,,1732232,,1772270,1802217,1812260,1892270,1904291,1912420,1937584,1992490
广东,电信,1331661,,,1532261,,1732233,,1772271,1802218,1812261,1892271,1904292,1912421,1937585,1992491
广东,电信,1331662,,,1532262,,1732234,,1772272,1802219,1812262,1892272,1904293,1912422,1937586,1992492
广东,电信,1331663,,,1532263,,1732235,,1772273,1802220,1812263,1892273,1904294,1912423,1937587,1992493
广东,电信,1331664,,,1532264,,1732236,,1772274,1802221,1812264,1892274,1904295,1912424,1937588,1992494
广东,电信,1331665,,,1532265,,1732237,,1772275,1802222,1812265,1892275,1904296,1912425,1937589,1992495
广东,电信,1331666,,,1532266,,1732238,,1772276,1802223,1812266,1892276,1904297,1912426,1937590,1992496
广东,电信,1331667,,,1532267,,1732239,,1772277,1802224,1812267,1892277,1904298,1912427,1937591,1992497
广东,电信,1331668,,,1532268,,1732240,,1772278,1802225,1812268,1892278,1904299,1912428,1937592,1992498
广东,电信,1331669,,,1532269,,1732241,,1772279,1802226,1812269,1892279,1904700,1912429,1937593,1992499
广东,电信,1331670,,,1532270,,1732242,,1772280,1802227,1812270,1892280,1904701,1912430,1937594,1992500
广东,电信,1331671,,,1532271,,1732243,,1772281,1802228,1812271,1892281,1904702,1912431,1937595,1992501
广东,电信,1331672,,,1532272,,1732244,,1772282,1802229,1812272,1892282,1904703,1912432,1937596,1992502
广东,电信,1331673,,,1532273,,1732245,,1772283,1802230,1812273,1892283,1904704,1912433,1937597,1992503
广东,电信,1331674,,,1532274,,1732246,,1772284,1802231,1812274,1892284,1904705,1912434,1937598,1992504
广东,电信,1331675,,,1532275,,1732247,,1772285,1802232,1812275,1892285,1904706,1912435,1937599,1992505
广东,电信,1331676,,,1532276,,1732248,,1772286,1802233,1812276,1892286,1904707,1912436,1938630,1992506
广东,电信,1331677,,,1532277,,1732249,,1772287,1802234,1812277,1892287,1904708,1912437,1938631,1992507
广东,电信,1331678,,,1532278,,1732250,,1772288,1802235,1812278,1892288,1904709,1912438,1938632,1992508
广东,电信,1331679,,,1532279,,1732251,,1772289,1802236,1812279,1892289,1904710,1912439,1938633,1992509
广东,电信,1331680,,,1532280,,1732252,,1772290,1802237,1812280,1892290,1904711,1912440,1938634,1992510
广东,电信,1331681,,,1532281,,1732253,,1772291,1802238,1812281,1892291,1904712,1912441,1938635,1992511
广东,电信,1331682,,,1532282,,1732254,,1772292,1802239,1812282,1892292,1904713,1912442,1938636,1992512
广东,电信,1331683,,,1532283,,1732255,,1772293,1802240,1812283,1892293,1904714,1912443,1938637,1992513
广东,电信,1331684,,,1532284,,1732256,,1772294,1802241,1812284,1892294,1904715,1912444,1938638,1992514
广东,电信,1331685,,,1532285,,1732257,,1772295,1802242,1812285,1892295,1904716,1912445,1938639,1992515
广东,电信,1331686,,,1532286,,1732258,,1772296,1802243,1812286,1892296,1904717,1912446,1938810,1992516
广东,电信,1331687,,,1532287,,1732259,,1772297,1802244,1812287,1892297,1904718,1912447,1938811,1992517
广东,电信,1331688,,,1532288,,1732260,,1772298,1802245,1812288,1892298,1904719,1912448,1938812,1992518
广东,电信,1331689,,,1532289,,1732261,,1772299,1802246,1812289,1892299,1906400,1912449,1938813,1992519
广东,电信,1331690,,,1532290,,1732262,,1772400,1802247,1812290,1892300,1906401,1912450,1938814,1992520
广东,电信,1331691,,,1532291,,1732263,,1772401,1802248,1812291,1892301,1906402,1912451,1938815,1992521
广东,电信,1331692,,,1532292,,1732264,,1772402,1802249,1812292,1892302,1906403,1912452,1938816,1992522
广东,电信,1331693,,,1532293,,1732265,,1772403,1802250,1812293,1892303,1906404,1912453,1938817,1992523
广东,电信,1331694,,,1532294,,1732266,,1772404,1802251,1812294,1892304,1906405,1912454,1938818,1992524
广东,电信,1331695,,,1532295,,1732267,,1772405,1802252,1812295,1892305,1906406,1912455,1938819,1992525
广东,电信,1331696,,,1532296,,1732268,,1772406,1802253,1812296,1892306,1906407,1912456,1938820,1992526
广东,电信,1331697,,,1532297,,1732269,,1772407,1802254,1812297,1892307,1906408,1912457,1938821,1992527
广东,电信,1331698,,,1532298,,1732270,,1772408,1802255,1812298,1892308,1906409,1912458,1938822,1992528
广东,电信,1331699,,,1532299,,1732271,,1772409,1802256,1812299,1892309,1906500,1912459,1938823,1992529
广东,电信,1331800,,,1532300,,1732272,,1772410,1802257,1812350,1892310,1906501,1912460,1938824,1992530
广东,电信,1331801,,,1532301,,1732273,,1772411,1802258,1812351,1892311,1906502,1912461,1938825,1992531
广东,电信,1331802,,,1532302,,1732274,,1772412,1802259,1812352,1892312,1906503,1912462,1938826,1992532
广东,电信,1331803,,,1532303,,1732275,,1772413,1802260,1812353,1892313,1906504,1912463,1938827,1992533
广东,电信,1331804,,,1532304,,1732276,,1772414,1802261,1812354,1892314,1906505,1912464,1938828,1992534
广东,电信,1331805,,,1532305,,1732277,,1772415,1802262,1812355,1892315,1906506,1912465,1938829,1992535
广东,电信,1331806,,,1532306,,1732278,,1772416,1802263,1812356,1892316,1906507,1912466,1939680,1992536
广东,电信,1331807,,,1532307,,1732279,,1772417,1802264,1812357,1892317,1906508,1912467,1939681,1992537
广东,电信,1331808,,,1532308,,1732280,,1772418,1802265,1812358,1892318,1906509,1912468,1939682,1992538
广东,电信,1331809,,,1532309,,1732281,,1772419,1802266,1812359,1892319,1906510,1912469,1939683,1992539
广东,电信,1331810,,,1532310,,1732282,,1772420,1802267,1812360,1892320,1906511,1912470,1939684,1992540
广东,电信,1331811,,,1532311,,1732283,,1772421,1802268,1812361,1892321,1906512,1912471,1939685,1992541
广东,电信,1331812,,,1532312,,1732284,,1772422,1802269,1812362,1892322,1906513,1912472,1939686,1992542
广东,电信,1331813,,,1532313,,1732285,,1772423,1802270,1812363,1892323,1906514,1912473,1939687,1992543
广东,电信,1331814,,,1532314,,1732286,,1772424,1802271,1812364,1892324,1906515,1912474,1939688,1992544
广东,电信,1331815,,,1532315,,1732287,,1772425,1802272,1812365,1892325,1906516,1912475,1939689,1992545
广东,电信,1331816,,,1532316,,1732288,,1772426,1802273,1812366,1892326,1906517,1912476,,1992546
广东,电信,1331817,,,1532317,,1732289,,1772427,1802274,1812367,1892327,1906518,1912477,,1992547
广东,电信,1331818,,,1532318,,1732290,,1772428,1802275,1812368,1892328,1906519,1912478,,1992548
广东,电信,1331819,,,1532319,,1732291,,1772429,1802276,1812369,1892329,1906520,1912479,,1992549
广东,电信,1331820,,,1532320,,1732292,,1772430,1802277,1812370,1892330,1906521,1912480,,1992550
广东,电信,1331821,,,1532321,,1732293,,1772431,1802278,1812371,1892331,1906522,1912481,,1992551
广东,电信,1331822,,,1532322,,1732294,,1772432,1802279,1812372,1892332,1906523,1912482,,1992552
广东,电信,1331823,,,1532323,,1732295,,1772433,1802280,1812373,1892333,1906524,1912483,,1992553
广东,电信,1331824,,,1532324,,1732296,,1772434,1802281,1812374,1892334,1906525,1912484,,1992554
广东,电信,1331825,,,1532325,,1732297,,1772435,1802282,1812375,1892335,1906526,1912485,,1992555
广东,电信,1331826,,,1532326,,1732298,,1772436,1802283,1812376,1892336,1906527,1912486,,1992556
广东,电信,1331827,,,1532327,,1732299,,1772437,1802284,1812377,1892337,1906528,1912487,,1992557
广东,电信,1331828,,,1532328,,1732400,,1772438,1802285,1812378,1892338,1906529,1912488,,1992558
广东,电信,1331829,,,1532329,,1732401,,1772439,1802286,1812379,1892339,1906530,1912489,,1992559
广东,电信,1331830,,,1532330,,1732402,,1772440,1802287,1812380,1892340,1906531,1912490,,1992560
广东,电信,1331831,,,1532331,,1732403,,1772441,1802288,1812381,1892341,1906532,1912491,,1992561
广东,电信,1331832,,,1532332,,1732404,,1772442,1802289,1812382,1892342,1906533,1912492,,1992562
广东,电信,1331833,,,1532333,,1732405,,1772443,1802290,1812383,1892343,1906534,1912493,,1992563
广东,电信,1331834,,,1532334,,1732406,,1772444,1802291,1812384,1892344,1906535,1912494,,1992564
广东,电信,1331835,,,1532335,,1732407,,1772445,1802292,1812385,1892345,1906536,1912495,,1992565
广东,电信,1331836,,,1532336,,1732408,,1772446,1802293,1812386,1892346,1906537,1912496,,1992566
广东,电信,1331837,,,1532337,,1732409,,1772447,1802294,1812387,1892347,1906538,1912497,,1992567
广东,电信,1331838,,,1532338,,1732410,,1772448,1802295,1812388,1892348,1906539,1912498,,1992568
广东,电信,1331839,,,1532339,,1732411,,1772449,1802296,1812389,1892349,1906540,1912499,,1992569
广东,电信,1331840,,,1532340,,1732412,,1772450,1802297,1812390,1892350,1906541,1912510,,1992570
广东,电信,1331841,,,1532341,,1732413,,1772451,1802298,1812391,1892351,1906542,1912511,,1992571
广东,电信,1331842,,,1532342,,1732414,,1772452,1802299,1812392,1892352,1906543,1912512,,1992572
广东,电信,1331843,,,1532343,,1732415,,1772453,1802300,1812393,1892353,1906544,1912513,,1992573
广东,电信,1331844,,,1532344,,1732416,,1772454,1802301,1812394,1892354,1906545,1912514,,1992574
广东,电信,1331845,,,1532345,,1732417,,1772455,1802302,1812395,1892355,1906546,1912515,,1992575
广东,电信,1331846,,,1532346,,1732418,,1772456,1802303,1812396,1892356,1906547,1912516,,1992576
广东,电信,1331847,,,1532347,,1732419,,1772457,1802304,1812397,1892357,1906548,1912517,,1992577
广东,电信,1331848,,,1532348,,1732420,,1772458,1802305,1812398,1892358,1906549,1912518,,1992578
广东,电信,1331849,,,1532349,,1732421,,1772459,1802306,1812399,1892359,1906610,1912519,,1992579
广东,电信,1331850,,,1532350,,1732422,,1772460,1802307,1812400,1892360,1906611,1912520,,1992580
广东,电信,1331851,,,1532351,,1732423,,1772461,1802308,1812401,1892361,1906612,1912521,,1992581
广东,电信,1331852,,,1532352,,1732424,,1772462,1802309,1812402,1892362,1906613,1912522,,1992582
广东,电信,1331853,,,1532353,,1732425,,1772463,1802310,1812403,1892363,1906614,1912523,,1992583
广东,电信,1331854,,,1532354,,1732426,,1772464,1802311,1812404,1892364,1906615,1912524,,1992584
广东,电信,1331855,,,1532355,,1732427,,1772465,1802312,1812405,1892365,1906616,1912525,,1992585
广东,电信,1331856,,,1532356,,1732428,,1772466,1802313,1812406,1892366,1906617,1912526,,1992586
广东,电信,1331857,,,1532357,,1732429,,1772467,1802314,1812407,1892367,1906618,1912527,,1992587
广东,电信,1331858,,,1532358,,1732430,,1772468,1802315,1812408,1892368,1906619,1912528,,1992588
广东,电信,1331859,,,1532359,,1732431,,1772469,1802316,1812409,1892369,1906620,1912529,,1992589
广东,电信,1331860,,,1532360,,1732432,,1772470,1802317,1812410,1892370,1906621,1912530,,1992590
广东,电信,1331861,,,1532361,,1732433,,1772471,1802318,1812411,1892371,1906622,1912531,,1992591
广东,电信,1331862,,,1532362,,1732434,,1772472,1802319,1812412,1892372,1906623,1912532,,1992592
广东,电信,1331863,,,1532363,,1732435,,1772473,1802320,1812413,1892373,1906624,1912533,,1992593
广东,电信,1331864,,,1532364,,1732436,,1772474,1802321,1812414,1892374,1906625,1912534,,1992594
广东,电信,1331865,,,1532365,,1732437,,1772475,1802322,1812415,1892375,1906626,1912535,,1992595
广东,电信,1331866,,,1532366,,1732438,,1772476,1802323,1812416,1892376,1906627,1912536,,1992596
广东,电信,1331867,,,1532367,,1732439,,1772477,1802324,1812417,1892377,1906628,1912537,,1992597
广东,电信,1331868,,,1532368,,1732440,,1772478,1802325,1812418,1892378,1906629,1912538,,1992598
广东,电信,1331869,,,1532369,,1732441,,1772479,1802326,1812419,1892379,1906630,1912539,,1992599
广东,电信,1331870,,,1532370,,1732442,,1772560,1802327,1812420,1892380,1906631,1912540,,1992600
广东,电信,1331871,,,1532371,,1732443,,1772561,1802328,1812421,1892381,1906632,1912541,,1992601
广东,电信,1331872,,,1532372,,1732444,,1772562,1802329,1812422,1892382,1906633,1912542,,1992602
广东,电信,1331873,,,1532373,,1732445,,1772563,1802330,1812423,1892383,1906634,1912543,,1992603
广东,电信,1331874,,,1532374,,1732446,,1772564,1802331,1812424,1892384,1906635,1912544,,1992604
广东,电信,1331875,,,1532375,,1732447,,1772565,1802332,1812425,1892385,1906636,1912545,,1992605
广东,电信,1331876,,,1532376,,1732448,,1772566,1802333,1812426,1892386,1906637,1912546,,1992606
广东,电信,1331877,,,1532377,,1732449,,1772567,1802334,1812427,1892387,1906638,1912547,,1992607
广东,电信,1331878,,,1532378,,1732450,,1772568,1802335,1812428,1892388,1906639,1912548,,1992608
广东,电信,1331879,,,1532379,,1732451,,1772569,1802336,1812429,1892389,1906640,1912549,,1992609
广东,电信,1331880,,,1532380,,1732452,,1772570,1802337,1812430,1892390,1906641,1912550,,1992610
广东,电信,1331881,,,1532381,,1732453,,1772571,1802338,1812431,1892391,1906642,1912551,,1992611
广东,电信,1331882,,,1532382,,1732454,,1772572,1802339,1812432,1892392,1906643,1912552,,1992612
广东,电信,1331883,,,1532383,,1732455,,1772573,1802340,1812433,1892393,1906644,1912553,,1992613
广东,电信,1331884,,,1532384,,1732456,,1772574,1802341,1812434,1892394,1906645,1912554,,1992614
广东,电信,1331885,,,1532385,,1732457,,1772575,1802342,1812435,1892395,1906646,1912555,,1992615
广东,电信,1331886,,,1532386,,1732458,,1772576,1802343,1812436,1892396,1906647,1912556,,1992616
广东,电信,1331887,,,1532387,,1732459,,1772577,1802344,1812437,1892397,1906648,1912557,,1992617
广东,电信,1331888,,,1532388,,1732460,,1772578,1802345,1812438,1892398,1906649,1912558,,1992618
广东,电信,1331889,,,1532389,,1732461,,1772579,1802346,1812439,1892399,1906650,1912559,,1992619
广东,电信,1331890,,,1532390,,1732462,,1772580,1802347,1812440,1892400,1906651,1912560,,1992620
广东,电信,1331891,,,1532391,,1732463,,1772581,1802348,1812441,1892401,1906652,1912561,,1992621
广东,电信,1331892,,,1532392,,1732464,,1772582,1802349,1812442,1892402,1906653,1912562,,1992622
广东,电信,1331893,,,1532393,,1732465,,1772583,1802350,1812443,1892403,1906654,1912563,,1992623
广东,电信,1331894,,,1532394,,1732466,,1772584,1802351,1812444,1892404,1906655,1912564,,1992624
广东,电信,1331895,,,1532395,,1732467,,1772585,1802352,1812445,1892405,1906656,1912565,,1992625
广东,电信,1331896,,,1532396,,1732468,,1772586,1802353,1812446,1892406,1906657,1912566,,1992626
广东,电信,1331897,,,1532397,,1732469,,1772587,1802354,1812447,1892407,1906658,1912567,,1992627
广东,电信,1331898,,,1532398,,1732470,,1772588,1802355,1812448,1892408,1906659,1912568,,1992628
广东,电信,1331899,,,1532399,,1732471,,1772589,1802356,1812449,1892409,1906670,1912569,,1992629
广东,电信,1332260,,,1533780,,1732472,,1772590,1802357,1812450,1892410,1906671,1912570,,1992630
广东,电信,1332261,,,1533781,,1732473,,1772591,1802358,1812451,1892411,1906672,1912571,,1992631
广东,电信,1332262,,,1533784,,1732474,,1772592,1802359,1812452,1892412,1906673,1912572,,1992632
广东,电信,1332263,,,1533788,,1732475,,1772593,1802360,1812453,1892413,1906674,1912573,,1992633
广东,电信,1332264,,,1533800,,1732476,,1772594,1802361,1812454,1892414,1906675,1912574,,1992634
广东,电信,1332265,,,1533801,,1732477,,1772595,1802362,1812455,1892415,1906676,1912575,,1992635
广东,电信,1332266,,,1533802,,1732478,,1772596,1802363,1812456,1892416,1906677,1912576,,1992636
广东,电信,1332267,,,1533803,,1732479,,1772597,1802364,1812457,1892417,1906678,1912577,,1992637
广东,电信,1332268,,,1533804,,1732570,,1772598,1802365,1812458,1892418,1906679,1912578,,1992638
广东,电信,1332269,,,1533805,,1732571,,1772599,1802366,1812459,1892419,1906800,1912579,,1992639
广东,电信,1332270,,,1533806,,1732572,,1772700,1802367,1812460,1892420,1906801,1912580,,1992640
广东,电信,1332271,,,1533807,,1732573,,1772701,1802368,1812461,1892421,1906802,1912581,,1992641
广东,电信,1332272,,,1533808,,1732574,,1772702,1802369,1812462,1892422,1906803,1912582,,1992642
广东,电信,1332273,,,1533809,,1732575,,1772703,1802370,1812463,1892423,1906804,1912583,,1992643
广东,电信,1332274,,,1533810,,1732576,,1772704,1802371,1812464,1892424,1906805,1912584,,1992644
广东,电信,1332275,,,1533811,,1732577,,1772705,1802372,1812465,1892425,1906806,1912585,,1992645
广东,电信,1332276,,,1533812,,1732578,,1772706,1802373,1812466,1892426,1906807,1912586,,1992646
广东,电信,1332277,,,1533813,,1732579,,1772707,1802374,1812467,1892427,1906808,1912587,,1992647
广东,电信,1332278,,,1533814,,1732580,,1772708,1802375,1812468,1892428,1906809,1912588,,1992648
广东,电信,1332279,,,1533818,,1732581,,1772709,1802376,1812469,1892429,1906810,1912589,,1992649
广东,电信,1332280,,,1533819,,1732582,,1772710,1802377,1812470,1892430,1906811,1912590,,1992650
广东,电信,1332281,,,1533820,,1732583,,1772711,1802378,1812471,1892431,1906812,1912591,,1992651
广东,电信,1332282,,,1533821,,1732584,,1772712,1802379,1812472,1892432,1906813,1912592,,1992652
广东,电信,1332283,,,1533822,,1732585,,1772713,1802380,1812473,1892433,1906814,1912593,,1992653
广东,电信,1332284,,,1533823,,1732586,,1772714,1802381,1812474,1892434,1906815,1912594,,1992654
广东,电信,1332285,,,1533824,,1732587,,1772715,1802382,1812475,1892435,1906816,1912595,,1992655
广东,电信,1332286,,,1533825,,1732588,,1772716,1802383,1812476,1892436,1906817,1912596,,1992656
广东,电信,1332287,,,1533826,,1732589,,1772717,1802384,1812477,1892437,1906818,1912597,,1992657
广东,电信,1332288,,,1533827,,1732590,,1772718,1802385,1812478,1892438,1906819,1912598,,1992658
广东,电信,1332289,,,1533828,,1732591,,1772719,1802386,1812479,1892439,1906820,1912599,,1992659
广东,电信,1332290,,,1533829,,1732592,,1772720,1802387,1812480,1892440,1906821,1912640,,1992660
广东,电信,1332291,,,1533830,,1732593,,1772721,1802388,1812481,1892441,1906822,1912641,,1992661
广东,电信,1332292,,,1533831,,1732594,,1772722,1802389,1812482,1892442,1906823,1912642,,1992662
广东,电信,1332293,,,1533832,,1732595,,1772723,1802390,1812483,1892443,1906824,1912643,,1992663
广东,电信,1332294,,,1533833,,1732596,,1772724,1802391,1812484,1892444,1906825,1912644,,1992664
广东,电信,1332295,,,1533834,,1732597,,1772725,1802392,1812485,1892445,1906826,1912645,,1992665
广东,电信,1332296,,,1533835,,1732598,,1772726,1802393,1812486,1892446,1906827,1912646,,1992666
广东,电信,1332297,,,1533836,,1732599,,1772727,1802394,1812487,1892447,1906828,1912647,,1992667
广东,电信,1332298,,,1533837,,1732800,,1772728,1802395,1812488,1892448,1906829,1912648,,1992668
广东,电信,1332299,,,1533838,,1732801,,1772729,1802396,1812489,1892449,1906830,1912649,,1992669
广东,电信,1332640,,,1533839,,1732802,,1772730,1802397,1812490,1892450,1906831,1912650,,1992670
广东,电信,1332641,,,1533840,,1732803,,1772731,1802398,1812491,1892451,1906832,1912651,,1992671
广东,电信,1332642,,,1533841,,1732804,,1772732,1802399,1812492,1892452,1906833,1912652,,1992672
广东,电信,1332643,,,1533842,,1732805,,1772733,1802400,1812493,1892453,1906834,1912653,,1992673
广东,电信,1332644,,,1533843,,1732806,,1772734,1802401,1812494,1892454,1906835,1912654,,1992674
广东,电信,1332645,,,1533844,,1732807,,1772735,1802402,1812495,1892455,1906836,1912655,,1992675
广东,电信,1332646,,,1533845,,1732808,,1772736,1802403,1812496,1892456,1906837,1912656,,1992676
广东,电信,1332647,,,1533846,,1732809,,1772737,1802404,1812497,1892457,1906838,1912657,,1992677
广东,电信,1332648,,,1533847,,1732810,,1772738,1802405,1812498,1892458,1906839,1912658,,1992678
广东,电信,1332649,,,1533848,,1732811,,1772739,1802406,1812499,1892459,1906840,1912659,,1992679
广东,电信,1332650,,,1533849,,1732812,,1772740,1802407,1812500,1892460,1906841,1912660,,1992680
广东,电信,1332651,,,1533870,,1732813,,1772741,1802408,1812501,1892461,1906842,1912661,,1992681
广东,电信,1332652,,,1533871,,1732814,,1772742,1802409,1812502,1892462,1906843,1912662,,1992682
广东,电信,1332653,,,1533872,,1732815,,1772743,1802410,1812503,1892463,1906844,1912663,,1992683
广东,电信,1332654,,,1533873,,1732816,,1772744,1802411,1812504,1892464,1906845,1912664,,1992684
广东,电信,1332655,,,1533874,,1732817,,1772745,1802412,1812505,1892465,1906846,1912665,,1992685
广东,电信,1332656,,,1533875,,1732818,,1772746,1802413,1812506,1892466,1906847,1912666,,1992686
广东,电信,1332657,,,1533876,,1732819,,1772747,1802414,1812507,1892467,1906848,1912667,,1992687
广东,电信,1332658,,,1533877,,1732820,,1772748,1802415,1812508,1892468,1906849,1912668,,1992688
广东,电信,1332659,,,1533878,,1732821,,1772749,1802416,1812509,1892469,1906850,1912669,,1992689
广东,电信,1332660,,,1533879,,1732822,,1772750,1802417,1812510,1892470,1906851,1912680,,1992690
广东,电信,1332661,,,1533880,,1732823,,1772751,1802418,1812511,1892471,1906852,1912681,,1992691
广东,电信,1332662,,,1533881,,1732824,,1772752,1802419,1812512,1892472,1906853,1912682,,1992692
广东,电信,1332663,,,1533882,,1732825,,1772753,1802420,1812513,1892473,1906854,1912683,,1992693
广东,电信,1332664,,,1533883,,1732826,,1772754,1802421,1812514,1892474,1906855,1912684,,1992694
广东,电信,1332665,,,1533884,,1732827,,1772755,1802422,1812515,1892475,1906856,1912685,,1992695
广东,电信,1332666,,,1533885,,1732828,,1772756,1802423,1812516,1892476,1906857,1912686,,1992696
广东,电信,1332667,,,1533886,,1732829,,1772757,1802424,1812517,1892477,1906858,1912687,,1992697
广东,电信,1332668,,,1533887,,1732830,,1772758,1802425,1812518,1892478,1906859,1912688,,1992698
广东,电信,1332669,,,1533888,,1732831,,1772759,1802426,1812519,1892479,1906860,1912689,,1992699
广东,电信,1332670,,,1533889,,1732832,,1772760,1802427,1812520,1892480,1906861,1912690,,1992700
广东,电信,1332671,,,1534471,,1732833,,1772761,1802428,1812521,1892481,1906862,1912691,,1992701
广东,电信,1332672,,,1534472,,1732834,,1772762,1802429,1812522,1892482,1906863,1912692,,1992702
广东,电信,1332673,,,1534740,,1732835,,1772763,1802430,1812523,1892483,1906864,1912693,,1992703
广东,电信,1332674,,,1534741,,1732836,,1772764,1802431,1812524,1892484,1906865,1912694,,1992704
广东,电信,1332675,,,1534742,,1732837,,1772765,1802432,1812525,1892485,1906866,1912695,,1992705
广东,电信,1332676,,,1534743,,1732838,,1772766,1802433,1812526,1892486,1906867,1912696,,1992706
广东,电信,1332677,,,1534744,,1732839,,1772767,1802434,1812527,1892487,1906868,1912697,,1992707
广东,电信,1332678,,,1534745,,1732840,,1772768,1802435,1812528,1892488,1906869,1912698,,1992708
广东,电信,1332679,,,1534746,,1732841,,1772769,1802436,1812529,1892489,1906870,1912699,,1992709
广东,电信,1332680,,,1534747,,1732842,,1772770,1802437,1812530,1892490,1906871,1912800,,1992710
广东,电信,1332681,,,1534748,,1732843,,1772771,1802438,1812531,1892491,1906872,1912801,,1992711
广东,电信,1332682,,,1534749,,1732844,,1772772,1802439,1812532,1892492,1906873,1912802,,1992712
广东,电信,1332683,,,1534750,,1732845,,1772773,1802440,1812533,1892493,1906874,1912803,,1992713
广东,电信,1332684,,,1534751,,1732846,,1772774,1802441,1812534,1892494,1906875,1912804,,1992714
广东,电信,1332685,,,1534752,,1732847,,1772775,1802442,1812535,1892495,1906876,1912805,,1992715
广东,电信,1332686,,,1534753,,1732848,,1772776,1802443,1812536,1892496,1906877,1912806,,1992716
广东,电信,1332687,,,1534754,,1732849,,1772777,1802444,1812537,1892497,1906878,1912807,,1992717
广东,电信,1332688,,,1534755,,1732850,,1772778,1802445,1812538,1892498,1906879,1912808,,1992718
广东,电信,1332689,,,1534756,,1732851,,1772779,1802446,1812539,1892499,1906890,1912809,,1992719
广东,电信,1332690,,,1534757,,1732852,,1772780,1802447,1812540,1892500,1906891,1912810,,1992720
广东,电信,1332691,,,1534758,,1732853,,1772781,1802448,1812541,1892501,1906892,1912811,,1992721
广东,电信,1332692,,,1534759,,1732854,,1772782,1802449,1812542,1892502,1906893,1912812,,1992722
广东,电信,1332693,,,1534760,,1732855,,1772783,1802450,1812543,1892503,1906894,1912813,,1992723
广东,电信,1332694,,,1534761,,1732856,,1772784,1802451,1812544,1892504,1906895,1912814,,1992724
广东,电信,1332695,,,1534762,,1732857,,1772785,1802452,1812545,1892505,1906896,1912815,,1992725
广东,电信,1332696,,,1534763,,1732858,,1772786,1802453,1812546,1892506,1906897,1912816,,1992726
广东,电信,1332697,,,1534764,,1732859,,1772787,1802454,1812547,1892507,1906898,1912817,,1992727
广东,电信,1332698,,,1534765,,1732860,,1772788,1802455,1812548,1892508,1906899,1912818,,1992728
广东,电信,1332699,,,1534766,,1732861,,1772789,1802456,1812549,1892509,1907410,1912819,,1992729
广东,电信,1333260,,,1534767,,1732862,,1772790,1802457,1812550,1892510,1907411,1912820,,1992730
广东,电信,1333261,,,1534768,,1732863,,1772791,1802458,1812551,1892511,1907412,1912821,,1992731
广东,电信,1333262,,,1534769,,1732864,,1772792,1802459,1812552,1892512,1907413,1912822,,1992732
广东,电信,1333263,,,1536000,,1732865,,1772793,1802460,1812553,1892513,1907414,1912823,,1992733
广东,电信,1333264,,,1536001,,1732866,,1772794,1802461,1812554,1892514,1907415,1912824,,1992734
广东,电信,1333265,,,1536002,,1732867,,1772795,1802462,1812555,1892515,1907416,1912825,,1992735
广东,电信,1333266,,,1536003,,1732868,,1772796,1802463,1812556,1892516,1907417,1912826,,1992736
广东,电信,1333267,,,1536004,,1732869,,1772797,1802464,1812557,1892517,1907418,1912827,,1992737
广东,电信,1333268,,,1536005,,1732870,,1772798,1802465,1812558,1892518,1907419,1912828,,1992738
广东,电信,1333269,,,1536006,,1732871,,1772799,1802466,1812559,1892519,1907420,1912829,,1992739
广东,电信,1333270,,,1536007,,1732872,,1772800,1802467,1812560,1892520,1907421,1912830,,1992740
广东,电信,1333271,,,1536008,,1732873,,1772801,1802468,1812561,1892521,1907422,1912831,,1992741
广东,电信,1333272,,,1536009,,1732874,,1772802,1802469,1812562,1892522,1907423,1912832,,1992742
广东,电信,1333273,,,1536010,,1732875,,1772803,1802470,1812563,1892523,1907424,1912833,,1992743
广东,电信,1333274,,,1536011,,1732876,,1772804,1802471,1812564,1892524,1907425,1912834,,1992744
广东,电信,1333275,,,1536012,,1732877,,1772805,1802472,1812565,1892525,1907426,1912835,,1992745
广东,电信,1333276,,,1536013,,1732878,,1772806,1802473,1812566,1892526,1907427,1912836,,1992746
广东,电信,1333277,,,1536014,,1732879,,1772807,1802474,1812567,1892527,1907428,1912837,,1992747
广东,电信,1333278,,,1536015,,1732890,,1772808,1802475,1812568,1892528,1907429,1912838,,1992748
广东,电信,1333279,,,1536016,,1732891,,1772809,1802476,1812569,1892529,1907500,1912839,,1992749
广东,电信,1333280,,,1536017,,1732892,,1772810,1802477,1812570,1892530,1907501,1912840,,1992750
广东,电信,1333281,,,1536018,,1732893,,1772811,1802478,1812571,1892531,1907502,1912841,,1992751
广东,电信,1333282,,,1536019,,1732894,,1772812,1802479,1812572,1892532,1907503,1912842,,1992752
广东,电信,1333283,,,1536020,,1732895,,1772813,1802480,1812573,1892533,1907504,1912843,,1992753
广东,电信,1333284,,,1536021,,1732896,,1772814,1802481,1812574,1892534,1907505,1912844,,1992754
广东,电信,1333285,,,1536022,,1732897,,1772815,1802482,1812575,1892535,1907506,1912845,,1992755
广东,电信,1333286,,,1536023,,1732898,,1772816,1802483,1812576,1892536,1907507,1912846,,1992756
广东,电信,1333287,,,1536024,,1732899,,1772817,1802484,1812577,1892537,1907508,1912847,,1992757
广东,电信,1333288,,,1536025,,1732950,,1772818,1802485,1812578,1892538,1907509,1912848,,1992758
广东,电信,1333289,,,1536026,,1732951,,1772819,1802486,1812579,1892539,1907510,1912849,,1992759
广东,电信,1333290,,,1536027,,1732952,,1772820,1802487,1812580,1892540,1907511,1912850,,1992760
广东,电信,1333291,,,1536028,,1732953,,1772821,1802488,1812581,1892541,1907512,1912851,,1992761
广东,电信,1333292,,,1536029,,1732954,,1772822,1802489,1812582,1892542,1907513,1912852,,1992762
广东,电信,1333293,,,1536030,,1732955,,1772823,1802490,1812583,1892543,1907514,1912853,,1992763
广东,电信,1333294,,,1536031,,1732956,,1772824,1802491,1812584,1892544,1907515,1912854,,1992764
广东,电信,1333295,,,1536032,,1732957,,1772825,1802492,1812585,1892545,1907516,1912855,,1992765
广东,电信,1333296,,,1536033,,1732958,,1772826,1802493,1812586,1892546,1907517,1912856,,1992766
广东,电信,1333297,,,1536034,,1732959,,1772827,1802494,1812587,1892547,1907518,1912857,,1992767
广东,电信,1333298,,,1536035,,1732960,,1772828,1802495,1812588,1892548,1907519,1912858,,1992768
广东,电信,1333299,,,1536036,,1732961,,1772829,1802496,1812589,1892549,1907520,1912859,,1992769
广东,电信,1333436,,,1536037,,1732962,,1772830,1802497,1812590,1892550,1907521,1912860,,1992770
广东,电信,1333640,,,1536038,,1732963,,1772831,1802498,1812591,1892551,1907522,1912861,,1992771
广东,电信,1333641,,,1536039,,1732964,,1772832,1802499,1812592,1892552,1907523,1912862,,1992772
广东,电信,1333642,,,1536040,,1732965,,1772833,1802500,1812593,1892553,1907524,1912863,,1992773
广东,电信,1333643,,,1536041,,1732966,,1772834,1802501,1812594,1892554,1907525,1912864,,1992774
广东,电信,1333644,,,1536042,,1732967,,1772835,1802502,1812595,1892555,1907526,1912865,,1992775
广东,电信,1333645,,,1536043,,1732968,,1772836,1802503,1812596,1892556,1907527,1912866,,1992776
广东,电信,1333646,,,1536044,,1732969,,1772837,1802504,1812597,1892557,1907528,1912867,,1992777
广东,电信,1333647,,,1536045,,1732970,,1772838,1802505,1812598,1892558,1907529,1912868,,1992778
广东,电信,1333648,,,1536046,,1732971,,1772839,1802506,1812599,1892559,1907530,1912869,,1992779
广东,电信,1333649,,,1536047,,1732972,,1772840,1802507,1812600,1892560,1907531,1912870,,1992800
广东,电信,1333650,,,1536048,,1732973,,1772841,1802508,1812601,1892561,1907532,1912871,,1992801
广东,电信,1333651,,,1536049,,1732974,,1772842,1802509,1812602,1892562,1907533,1912872,,1992802
广东,电信,1333652,,,1536050,,1732975,,1772843,1802510,1812603,1892563,1907534,1912873,,1992803
广东,电信,1333653,,,1536051,,1732976,,1772844,1802511,1812604,1892564,1907535,1912874,,1992804
广东,电信,1333654,,,1536052,,1732977,,1772845,1802512,1812605,1892565,1907536,1912875,,1992805
广东,电信,1333655,,,1536053,,1732978,,1772846,1802513,1812606,1892566,1907537,1912876,,1992806
广东,电信,1333656,,,1536054,,1732979,,1772847,1802514,1812607,1892567,1907538,1912877,,1992807
广东,电信,1333657,,,1536055,,1732980,,1772848,1802515,1812608,1892568,1907539,1912878,,1992808
广东,电信,1333658,,,1536056,,1732981,,1772849,1802516,1812609,1892569,1907540,1912879,,1992809
广东,电信,1333659,,,1536057,,1732982,,1772850,1802517,1812610,1892570,1907541,1912880,,1992810
广东,电信,1334260,,,1536058,,1732983,,1772851,1802518,1812611,1892571,1907542,1912881,,1992811
广东,电信,1334261,,,1536059,,1732984,,1772852,1802519,1812612,1892572,1907543,1912882,,1992812
广东,电信,1334262,,,1536060,,1732985,,1772853,1802520,1812613,1892573,1907544,1912883,,1992813
广东,电信,1334263,,,1536061,,1732986,,1772854,1802521,1812614,1892574,1907545,1912884,,1992814
广东,电信,1334264,,,1536062,,1732987,,1772855,1802522,1812615,1892575,1907546,1912885,,1992815
广东,电信,1334265,,,1536063,,1732988,,1772856,1802523,1812616,1892576,1907547,1912886,,1992816
广东,电信,1334266,,,1536064,,1732989,,1772857,1802524,1812617,1892577,1907548,1912887,,1992817
广东,电信,1334267,,,1536065,,1732990,,1772858,1802525,1812618,1892578,1907549,1912888,,1992818
广东,电信,1334268,,,1536066,,1732991,,1772859,1802526,1812619,1892579,1907550,1912889,,1992819
广东,电信,1334269,,,1536067,,1732992,,1772860,1802527,1812620,1892580,1907560,1912890,,1992820
广东,电信,1334270,,,1536068,,1732993,,1772861,1802528,1812621,1892581,1907561,1912891,,1992821
广东,电信,1334271,,,1536069,,1732994,,1772862,1802529,1812622,1892582,1907562,1912892,,1992822
广东,电信,1334272,,,1536070,,1732995,,1772863,1802530,1812623,1892583,1907563,1912893,,1992823
广东,电信,1334273,,,1536071,,1732996,,1772864,1802531,1812624,1892584,1907564,1912894,,1992824
广东,电信,1334274,,,1536072,,1732997,,1772865,1802532,1812625,1892585,1907565,1912895,,1992825
广东,电信,1334275,,,1536073,,1732998,,1772866,1802533,1812626,1892586,1907566,1912896,,1992826
广东,电信,1334276,,,1536074,,1732999,,1772867,1802534,1812627,1892587,1907567,1912897,,1992827
广东,电信,1334277,,,1536075,,1733600,,1772868,1802535,1812628,1892588,1907568,1912898,,1992828
广东,电信,1334278,,,1536076,,1733601,,1772869,1802536,1812629,1892589,1907569,1912899,,1992829
广东,电信,1334279,,,1536077,,1733602,,1772870,1802537,1812630,1892590,1907570,1912900,,1992830
广东,电信,1334280,,,1536078,,1733603,,1772871,1802538,1812631,1892591,1907571,1912901,,1992831
广东,电信,1334281,,,1536079,,1733604,,1772872,1802539,1812632,1892592,1907572,1912902,,1992832
广东,电信,1334282,,,1536080,,1733605,,1772873,1802540,1812633,1892593,1907573,1912903,,1992833
广东,电信,1334283,,,1536081,,1733606,,1772874,1802541,1812634,1892594,1907574,1912904,,1992834
广东,电信,1334284,,,1536082,,1733607,,1772875,1802542,1812635,1892595,1907575,1912905,,1992835
广东,电信,1334285,,,1536083,,1733608,,1772876,1802543,1812636,1892596,1907576,1912906,,1992836
广东,电信,1334286,,,1536084,,1733609,,1772877,1802544,1812637,1892597,1907577,1912907,,1992837
广东,电信,1334287,,,1536085,,1733610,,1772878,1802545,1812638,1892598,1907578,1912908,,1992838
广东,电信,1334288,,,1536086,,1733611,,1772879,1802546,1812639,1892599,1907579,1912909,,1992839
广东,电信,1334289,,,1536087,,1733612,,1772880,1802547,1812640,1892600,1907580,1912910,,1992840
广东,电信,1334290,,,1536088,,1733613,,1772881,1802548,1812641,1892601,1907581,1912911,,1992841
广东,电信,1334291,,,1536089,,1733614,,1772882,1802549,1812642,1892602,1907582,1912912,,1992842
广东,电信,1334292,,,1536090,,1733615,,1772883,1802550,1812643,1892603,1907583,1912913,,1992843
广东,电信,1334293,,,1536091,,1733616,,1772884,1802551,1812644,1892604,1907584,1912914,,1992844
广东,电信,1334294,,,1536092,,1733617,,1772885,1802552,1812645,1892605,1907585,1912915,,1992845
广东,电信,1334295,,,1536093,,1733618,,1772886,1802553,1812646,1892606,1907586,1912916,,1992846
广东,电信,1334296,,,1536094,,1733619,,1772887,1802554,1812647,1892607,1907587,1912917,,1992847
广东,电信,1334297,,,1536095,,1734280,,1772888,1802555,1812648,1892608,1907588,1912918,,1992848
广东,电信,1334298,,,1536096,,1734281,,1772889,1802556,1812649,1892609,1907589,1912919,,1992849
广东,电信,1334299,,,1536097,,1734282,,1772890,1802557,1812650,1892610,1907590,1912920,,1992850
广东,电信,1334640,,,1536098,,1734283,,1772891,1802558,1812651,1892611,1907591,1912921,,1992851
广东,电信,1334641,,,1536099,,1734284,,1772892,1802559,1812652,1892612,1907592,1912922,,1992852
广东,电信,1334642,,,1536100,,1734285,,1772893,1802560,1812653,1892613,1907593,1912923,,1992853
广东,电信,1334643,,,1536101,,1734286,,1772894,1802561,1812654,1892614,1907594,1912924,,1992854
广东,电信,1334644,,,1536102,,1734287,,1772895,1802562,1812655,1892615,1907595,1912925,,1992855
广东,电信,1334645,,,1536103,,1734288,,1772896,1802563,1812656,1892616,1907596,1912926,,1992856
广东,电信,1334646,,,1536104,,1734289,,1772897,1802564,1812657,1892617,1907597,1912927,,1992857
广东,电信,1334647,,,1536105,,1735300,,1772898,1802565,1812658,1892618,1907598,1912928,,1992858
广东,电信,1334648,,,1536106,,1735301,,1772899,1802566,1812659,1892619,1907599,1912929,,1992859
广东,电信,1334649,,,1536107,,1735302,,1774490,1802567,1812660,1892620,1907600,1912930,,1992860
广东,电信,1334650,,,1536108,,1735303,,1774491,1802568,1812661,1892621,1907601,1912931,,1992861
广东,电信,1334651,,,1536109,,1735304,,1774492,1802569,1812662,1892622,1907602,1912932,,1992862
广东,电信,1334652,,,1536110,,1735305,,1774493,1802570,1812663,1892623,1907603,1912933,,1992863
广东,电信,1334653,,,1536111,,1735306,,1774494,1802571,1812664,1892624,1907604,1912934,,1992864
广东,电信,1334654,,,1536112,,1735307,,1774495,1802572,1812665,1892625,1907605,1912935,,1992865
广东,电信,1334655,,,1536113,,1735308,,1774496,1802573,1812666,1892626,1907606,1912936,,1992866
广东,电信,1334656,,,1536114,,1735309,,1774497,1802574,1812667,1892627,1907607,1912937,,1992867
广东,电信,1334657,,,1536115,,1736320,,1774498,1802575,1812668,1892628,1907608,1912938,,1992868
广东,电信,1334658,,,1536116,,1736321,,1774499,1802576,1812669,1892629,1907609,1912939,,1992869
广东,电信,1334659,,,1536117,,1736322,,1774850,1802577,1812670,1892630,1907610,1912940,,1992870
广东,电信,1335260,,,1536118,,1736323,,1774851,1802578,1812671,1892631,1907611,1912941,,1992871
广东,电信,1335261,,,1536119,,1736324,,1774852,1802579,1812672,1892632,1907612,1912942,,1992872
广东,电信,1335262,,,1536120,,1736325,,1774853,1802580,1812673,1892633,1907613,1912943,,1992873
广东,电信,1335263,,,1536121,,1736326,,1774854,1802581,1812674,1892634,1907614,1912944,,1992874
广东,电信,1335264,,,1536122,,1736327,,1774855,1802582,1812675,1892635,1907615,1912945,,1992875
广东,电信,1335265,,,1536123,,1736328,,1774856,1802583,1812676,1892636,1907616,1912946,,1992876
广东,电信,1335266,,,1536124,,1736329,,1774857,1802584,1812677,1892637,1907617,1912947,,1992877
广东,电信,1335267,,,1536125,,1736340,,1774858,1802585,1812678,1892638,1907618,1912948,,1992878
广东,电信,1335268,,,1536126,,1736341,,1774859,1802586,1812679,1892639,1907619,1912949,,1992879
广东,电信,1335269,,,1536127,,1736342,,1774860,1802587,1812680,1892640,1907620,1912950,,1992880
广东,电信,1335270,,,1536128,,1736343,,1774861,1802588,1812681,1892641,1907621,1912951,,1992881
广东,电信,1335271,,,1536129,,1736344,,1774862,1802589,1812682,1892642,1907622,1912952,,1992882
广东,电信,1335272,,,1536130,,1736345,,1774863,1802590,1812683,1892643,1907623,1912953,,1992883
广东,电信,1335273,,,1536131,,1736346,,1774864,1802591,1812684,1892644,1907624,1912954,,1992884
广东,电信,1335274,,,1536132,,1736347,,1774865,1802592,1812685,1892645,1907625,1912955,,1992885
广东,电信,1335275,,,1536133,,1736348,,1774866,1802593,1812686,1892646,1907626,1912956,,1992886
广东,电信,1335276,,,1536134,,1736349,,1774867,1802594,1812687,1892647,1907627,1912957,,1992887
广东,电信,1335277,,,1536135,,1736670,,1774868,1802595,1812688,1892648,1907628,1912958,,1992888
广东,电信,1335278,,,1536136,,1736671,,1774869,1802596,1812689,1892649,1907629,1912959,,1992889
广东,电信,1335279,,,1536137,,1736672,,1776524,1802597,1812690,1892650,1907630,1912960,,1992890
广东,电信,1335280,,,1536138,,1736673,,1776525,1802598,1812691,1892651,1907631,1912961,,1992891
广东,电信,1335281,,,1536139,,1736674,,1776526,1802599,1812692,1892652,1907632,1912962,,1992892
广东,电信,1335282,,,1536140,,1736675,,1776527,1802600,1812693,1892653,1907633,1912963,,1992893
广东,电信,1335283,,,1536141,,1736676,,1776528,1802601,1812694,1892654,1907634,1912964,,1992894
广东,电信,1335284,,,1536142,,1736677,,1776529,1802602,1812695,1892655,1907635,1912965,,1992895
广东,电信,1335285,,,1536143,,1736678,,1776560,1802603,1812696,1892656,1907636,1912966,,1992896
广东,电信,1335286,,,1536144,,1736679,,1776561,1802604,1812697,1892657,1907637,1912967,,1992897
广东,电信,1335287,,,1536145,,1736820,,1776562,1802605,1812698,1892658,1907638,1912968,,1992898
广东,电信,1335288,,,1536146,,1736821,,1776563,1802606,1812699,1892659,1907639,1912969,,1992899
广东,电信,1335289,,,1536147,,1736822,,1776564,1802607,1812700,1892660,1907640,1912970,,1993390
广东,电信,1335290,,,1536148,,1736823,,1776565,1802608,1812701,1892661,1907641,1912971,,1993391
广东,电信,1335291,,,1536149,,1736824,,1776566,1802609,1812702,1892662,1907642,1912972,,1993392
广东,电信,1335292,,,1536150,,1737660,,1776567,1802610,1812703,1892663,1907643,1912973,,1993393
广东,电信,1335293,,,1536151,,1737661,,1776574,1802611,1812704,1892664,1907644,1912974,,1993394
广东,电信,1335294,,,1536152,,1737662,,1776575,1802612,1812705,1892665,1907645,1912975,,1993395
广东,电信,1335295,,,1536153,,1737663,,1776576,1802613,1812706,1892666,1907646,1912976,,1993396
广东,电信,1335296,,,1536154,,1737664,,1776577,1802614,1812707,1892667,1907647,1912977,,1993397
广东,电信,1335297,,,1536155,,1737665,,1776578,1802615,1812708,1892668,1907648,1912978,,1993398
广东,电信,1335298,,,1536156,,1737666,,1776579,1802616,1812709,1892669,1907649,1912979,,1996620
广东,电信,1335299,,,1536157,,1737667,,1776880,1802617,1812710,1892670,1909800,1912980,,1996621
广东,电信,1335300,,,1536158,,1737668,,1776881,1802618,1812711,1892671,1909801,1912981,,1996622
广东,电信,1335301,,,1536159,,1737669,,1776882,1802619,1812712,1892672,1909802,1912982,,1996623
广东,电信,1335302,,,1536160,,1737670,,1776883,1802620,1812713,1892673,1909803,1912983,,1996624
广东,电信,1335303,,,1536161,,1737671,,1776884,1802621,1812714,1892674,1909804,1912984,,1996625
广东,电信,1335304,,,1536162,,1737672,,1776885,1802622,1812715,1892675,1909805,1912985,,1996626
广东,电信,1335305,,,1536163,,1737673,,1776886,1802623,1812716,1892676,1909806,1912986,,1996627
广东,电信,1335306,,,1536164,,1737674,,1776887,1802624,1812717,1892677,1909807,1912987,,1996628
广东,电信,1335307,,,1536165,,1737675,,1776888,1802625,1812718,1892678,1909808,1912988,,1996629
广东,电信,1335308,,,1536166,,1737676,,1776889,1802626,1812719,1892679,1909809,1912989,,1996630
广东,电信,1335309,,,1536167,,1737677,,1778680,1802627,1812720,1892680,1909810,1912990,,1996631
广东,电信,1335640,,,1536168,,1737678,,1778681,1802628,1812721,1892681,1909811,1912991,,1996632
广东,电信,1335641,,,1536169,,1737679,,1778682,1802629,1812722,1892682,1909812,1912992,,1996633
广东,电信,1335642,,,1536170,,1737680,,1778683,1802630,1812723,1892683,1909813,1912993,,1996634
广东,电信,1335643,,,1536171,,1737681,,1778684,1802631,1812724,1892684,1909814,1912994,,1996635
广东,电信,1335644,,,1536172,,1737682,,1778685,1802632,1812725,1892685,1909815,1912995,,1996636
广东,电信,1335645,,,1536173,,1737683,,1778686,1802633,1812726,1892686,1909816,1912996,,1996637
广东,电信,1335646,,,1536174,,1737684,,1778687,1802634,1812727,1892687,1909817,1912997,,1996638
广东,电信,1335647,,,1536175,,1737685,,1778688,1802635,1812728,1892688,1909818,1912998,,1996639
广东,电信,1335648,,,1536176,,1737686,,1778689,1802636,1812729,1892689,1909819,1912999,,1996681
广东,电信,1335649,,,1536177,,1737687,,1778870,1802637,1812730,1892690,1909820,1914641,,1996685
广东,电信,1335650,,,1536178,,1737688,,1778871,1802638,1812731,1892691,1909821,1914642,,1996686
广东,电信,1335651,,,1536179,,1737689,,1778872,1802639,1812732,1892692,1909822,1914643,,1996688
广东,电信,1335652,,,1536180,,1737690,,1778873,1802640,1812733,1892693,1909823,1914644,,1998820
广东,电信,1335653,,,1536181,,1737691,,1778874,1802641,1812734,1892694,1909824,1914645,,1998821
广东,电信,1335654,,,1536182,,1737692,,1778875,1802642,1812735,1892695,1909825,1914646,,1998822
广东,电信,1335655,,,1536183,,1737693,,1778876,1802643,1812736,1892696,1909826,1914647,,1998823
广东,电信,1335656,,,1536184,,1737694,,1778877,1802644,1812737,1892697,1909827,1914648,,1998824
广东,电信,1335657,,,1536185,,1737695,,1778878,1802645,1812738,1892698,1909828,1914649,,1998825
广东,电信,1335658,,,1536186,,1737696,,1778879,1802646,1812739,1892699,1909829,1914770,,1998826
广东,电信,1335659,,,1536187,,1737697,,1778880,1802647,1812740,1892700,1909830,1914771,,1998827
广东,电信,1336000,,,1536188,,1737698,,1778881,1802648,1812741,1892701,1909831,1914772,,1998828
广东,电信,1336001,,,1536189,,1737699,,1778882,1802649,1812742,1892702,1909832,1914773,,1998829
广东,电信,1336002,,,1536190,,1738860,,1778883,1802650,1812743,1892703,1909833,1914774,,
广东,电信,1336003,,,1536191,,1738861,,1778884,1802651,1812744,1892704,1909834,1914775,,
广东,电信,1336004,,,1536192,,1738862,,1778885,1802652,1812745,1892705,1909835,1914776,,
广东,电信,1336005,,,1536193,,1738863,,1778888,1802653,1812746,1892706,1909836,1914777,,
广东,电信,1336006,,,1536194,,1738864,,1778889,1802654,1812747,1892707,1909837,1914778,,
广东,电信,1336007,,,1536195,,1738865,,1779600,1802655,1812748,1892708,1909838,1914779,,
广东,电信,1336008,,,1536196,,1738866,,1779601,1802656,1812749,1892709,1909839,1914780,,
广东,电信,1336009,,,1536197,,1738867,,1779602,1802657,1812750,1892710,1909840,1914781,,
广东,电信,1336010,,,1536198,,1738868,,1779603,1802658,1812751,1892711,1909841,1914782,,
广东,电信,1336011,,,1536199,,1738869,,1779604,1802659,1812752,1892712,1909842,1914783,,
广东,电信,1336012,,,1536200,,1738870,,1779605,1802660,1812753,1892713,1909843,1914784,,
广东,电信,1336013,,,1536201,,1738871,,1779606,1802661,1812754,1892714,1909844,1914785,,
广东,电信,1336014,,,1536202,,1738872,,1779607,1802662,1812755,1892715,1909845,1914786,,
广东,电信,1336015,,,1536203,,1738873,,1779608,1802663,1812756,1892716,1909846,1914787,,
广东,电信,1336016,,,1536204,,1738874,,1779609,1802664,1812757,1892717,1909847,1914788,,
广东,电信,1336017,,,1536205,,1738875,,1779610,1802665,1812758,1892718,1909848,1914789,,
广东,电信,1336018,,,1536206,,1738876,,1779611,1802666,1812759,1892719,1909849,1914790,,
广东,电信,1336019,,,1536207,,1738877,,1779612,1802667,1812760,1892720,1909850,1914791,,
广东,电信,1336020,,,1536208,,1738878,,1779613,1802668,1812761,1892721,1909851,1914792,,
广东,电信,1336021,,,1536209,,1738879,,1779614,1802669,1812762,1892722,1909852,1914793,,
广东,电信,1336022,,,1536210,,1738880,,1779615,1802670,1812763,1892723,1909853,1914794,,
广东,电信,1336023,,,1536211,,1738881,,1779616,1802671,1812764,1892724,1909854,1914795,,
广东,电信,1336024,,,1536212,,1738882,,1779617,1802672,1812765,1892725,1909855,1914796,,
广东,电信,1336025,,,1536213,,1738883,,1779618,1802673,1812766,1892726,1909856,1914797,,
广东,电信,1336026,,,1536214,,1738884,,1779619,1802674,1812767,1892727,1909857,1914798,,
广东,电信,1336027,,,1536215,,1738885,,1779620,1802675,1812768,1892728,1909858,1914799,,
广东,电信,1336028,,,1536216,,,,1779621,1802676,1812769,1892729,1909859,1915490,,
广东,电信,1336029,,,1536217,,,,1779622,1802677,1812770,1892730,1909860,1915491,,
广东,电信,1336030,,,1536218,,,,1779623,1802678,1812771,1892731,1909861,1915492,,
广东,电信,1336031,,,1536219,,,,1779624,1802679,1812772,1892732,1909862,1915493,,
广东,电信,1336032,,,1536220,,,,1779625,1802680,1812773,1892733,1909863,1915494,,
广东,电信,1336033,,,1536221,,,,1779626,1802681,1812774,1892734,1909864,1915495,,
广东,电信,1336034,,,1536222,,,,1779627,1802682,1812775,1892735,1909865,1915496,,
广东,电信,1336035,,,1536223,,,,1779628,1802683,1812776,1892736,1909866,1915497,,
广东,电信,1336036,,,1536224,,,,1779629,1802684,1812777,1892737,1909867,1915498,,
广东,电信,1336037,,,1536225,,,,1779630,1802685,1812778,1892738,1909868,1915499,,
广东,电信,1336038,,,1536226,,,,1779631,1802686,1812779,1892739,1909869,1915740,,
广东,电信,1336039,,,1536227,,,,1779632,1802687,1812780,1892740,1909870,1915741,,
广东,电信,1336040,,,1536228,,,,1779633,1802688,1812781,1892741,1909871,1915742,,
广东,电信,1336041,,,1536229,,,,1779634,1802689,1812782,1892742,1909872,1915743,,
广东,电信,1336042,,,1536230,,,,1779635,1802690,1812783,1892743,1909873,1915744,,
广东,电信,1336043,,,1536231,,,,1779636,1802691,1812784,1892744,1909874,1915745,,
广东,电信,1336044,,,1536232,,,,1779637,1802692,1812785,1892745,1909875,1915746,,
广东,电信,1336045,,,1536233,,,,1779638,1802693,1812786,1892746,1909876,1915747,,
广东,电信,1336046,,,1536234,,,,1779639,1802694,1812787,1892747,1909877,1915748,,
广东,电信,1336047,,,1536235,,,,,1802695,1812788,1892748,1909878,1916620,,
广东,电信,1336048,,,1536236,,,,,1802696,1812789,1892749,1909879,1916621,,
广东,电信,1336049,,,1536237,,,,,1802697,1812790,1892750,,1916622,,
广东,电信,1336050,,,1536238,,,,,1802698,1812791,1892751,,1916623,,
广东,电信,1336051,,,1536239,,,,,1802699,1812792,1892752,,1916624,,
广东,电信,1336052,,,1536240,,,,,1802700,1812793,1892753,,1916625,,
广东,电信,1336053,,,1536241,,,,,1802701,1812794,1892754,,1916626,,
广东,电信,1336054,,,1536242,,,,,1802702,1812795,1892755,,1916627,,
广东,电信,1336055,,,1536243,,,,,1802703,1812796,1892756,,1916628,,
广东,电信,1336056,,,1536244,,,,,1802704,1812797,1892757,,1916629,,
广东,电信,1336057,,,1536245,,,,,1802705,1812798,1892758,,1916630,,
广东,电信,1336058,,,1536246,,,,,1802706,1812799,1892759,,1916631,,
广东,电信,1336059,,,1536247,,,,,1802707,1812800,1892760,,1916632,,
广东,电信,1336060,,,1536248,,,,,1802708,1812801,1892761,,1916633,,
广东,电信,1336061,,,1536249,,,,,1802709,1812802,1892762,,1916634,,
广东,电信,1336062,,,1536250,,,,,1802710,1812803,1892763,,1916635,,
广东,电信,1336063,,,1536251,,,,,1802711,1812804,1892764,,1916636,,
广东,电信,1336064,,,1536252,,,,,1802712,1812805,1892765,,1916637,,
广东,电信,1336065,,,1536253,,,,,1802713,1812806,1892766,,1916638,,
广东,电信,1336066,,,1536254,,,,,1802714,1812807,1892767,,1916639,,
广东,电信,1336067,,,1536255,,,,,1802715,1812808,1892768,,1916850,,
广东,电信,1336068,,,1536256,,,,,1802716,1812809,1892769,,1916851,,
广东,电信,1336069,,,1536257,,,,,1802717,1812810,1892770,,1916852,,
广东,电信,1336070,,,1536258,,,,,1802718,1812811,1892771,,1916853,,
广东,电信,1336071,,,1536259,,,,,1802719,1812812,1892772,,1916854,,
广东,电信,1336072,,,1536260,,,,,1802720,1812813,1892773,,1916855,,
广东,电信,1336073,,,1536261,,,,,1802721,1812814,1892774,,1916856,,
广东,电信,1336074,,,1536262,,,,,1802722,1812815,1892775,,1916857,,
广东,电信,1336075,,,1536263,,,,,1802723,1812816,1892776,,1916858,,
广东,电信,1336076,,,1536264,,,,,1802724,1812817,1892777,,1916859,,
广东,电信,1336077,,,1536265,,,,,1802725,1812818,1892778,,1916863,,
广东,电信,1336078,,,1536266,,,,,1802726,1812819,1892779,,1916864,,
广东,电信,1336079,,,1536267,,,,,1802727,1812820,1892780,,1916870,,
广东,电信,1336080,,,1536268,,,,,1802728,1812821,1892781,,1916871,,
广东,电信,1336081,,,1536269,,,,,1802729,1812822,1892782,,1916872,,
广东,电信,1336082,,,1536270,,,,,1802730,1812823,1892783,,1916873,,
广东,电信,1336083,,,1536271,,,,,1802731,1812824,1892784,,1916874,,
广东,电信,1336084,,,1536272,,,,,1802732,1812825,1892785,,1916875,,
广东,电信,1336085,,,1536273,,,,,1802733,1812826,1892786,,1916876,,
广东,电信,1336086,,,1536274,,,,,1802734,1812827,1892787,,1916877,,
广东,电信,1336087,,,1536275,,,,,1802735,1812828,1892788,,1916878,,
广东,电信,1336088,,,1536276,,,,,1802736,1812829,1892789,,1916879,,
广东,电信,1336089,,,1536277,,,,,1802737,1812830,1892790,,1916880,,
广东,电信,1336090,,,1536278,,,,,1802738,1812831,1892791,,1916881,,
广东,电信,1336091,,,1536279,,,,,1802739,1812832,1892792,,1916882,,
广东,电信,1336092,,,1536280,,,,,1802740,1812833,1892793,,1916883,,
广东,电信,1336093,,,1536281,,,,,1802741,1812834,1892794,,1916884,,
广东,电信,1336094,,,1536282,,,,,1802742,1812835,1892795,,1916890,,
广东,电信,1336095,,,1536283,,,,,1802743,1812836,1892796,,1916891,,
广东,电信,1336096,,,1536284,,,,,1802744,1812837,1892797,,1916892,,
广东,电信,1336097,,,1536285,,,,,1802745,1812838,1892798,,1916893,,
广东,电信,1336098,,,1536286,,,,,1802746,1812839,1892799,,1916894,,
广东,电信,1336099,,,1536287,,,,,1802747,1812840,1892800,,1916895,,
广东,电信,1337465,,,1536288,,,,,1802748,1812841,1892801,,1916896,,
广东,电信,1337650,,,1536289,,,,,1802749,1812842,1892802,,1916897,,
广东,电信,1337651,,,1536290,,,,,1802750,1812843,1892803,,1916898,,
广东,电信,1337652,,,1536291,,,,,1802751,1812844,1892804,,1916899,,
广东,电信,1337653,,,1536292,,,,,1802752,1812845,1892805,,1918900,,
广东,电信,1337654,,,1536293,,,,,1802753,1812846,1892806,,1918901,,
广东,电信,1337655,,,1536294,,,,,1802754,1812847,1892807,,1918902,,
广东,电信,1337656,,,1536295,,,,,1802755,1812848,1892808,,1918903,,
广东,电信,1337657,,,1536296,,,,,1802756,1812849,1892809,,1918904,,
广东,电信,1337658,,,1536297,,,,,1802757,1812850,1892810,,1918905,,
广东,电信,1337659,,,1536298,,,,,1802758,1812851,1892811,,1918906,,
广东,电信,1337660,,,1536299,,,,,1802759,1812852,1892812,,1918907,,
广东,电信,1337661,,,1536300,,,,,1802760,1812853,1892813,,1918908,,
广东,电信,1337662,,,1536301,,,,,1802761,1812854,1892814,,1918909,,
广东,电信,1337663,,,1536302,,,,,1802762,1812855,1892815,,1919530,,
广东,电信,1337664,,,1536303,,,,,1802763,1812856,1892816,,1919531,,
广东,电信,1337665,,,1536304,,,,,1802764,1812857,1892817,,1919532,,
广东,电信,1337666,,,1536305,,,,,1802765,1812858,1892818,,1919533,,
广东,电信,1337667,,,1536306,,,,,1802766,1812859,1892819,,1919534,,
广东,电信,1337668,,,1536307,,,,,1802767,1812860,1892820,,1919535,,
广东,电信,1337669,,,1536308,,,,,1802768,1812861,1892821,,1919536,,
广东,电信,1337670,,,1536309,,,,,1802769,1812862,1892822,,1919537,,
广东,电信,1337671,,,1536310,,,,,1802770,1812863,1892823,,1919538,,
广东,电信,1337672,,,1536311,,,,,1802771,1812864,1892824,,1919539,,
广东,电信,1337673,,,1536312,,,,,1802772,1812865,1892825,,1919550,,
广东,电信,1337674,,,1536313,,,,,1802773,1812866,1892826,,1919551,,
广东,电信,1337675,,,1536314,,,,,1802774,1812867,1892827,,1919552,,
广东,电信,1337676,,,1536315,,,,,1802775,1812868,1892828,,1919553,,
广东,电信,1337677,,,1536316,,,,,1802776,1812869,1892829,,1919554,,
广东,电信,1337678,,,1536317,,,,,1802777,1812870,1892830,,1919555,,
广东,电信,1337679,,,1536318,,,,,1802778,1812871,1892831,,1919556,,
广东,电信,1337750,,,1536319,,,,,1802779,1812872,1892832,,1919557,,
广东,电信,1337751,,,1536320,,,,,1802780,1812873,1892833,,1919558,,
广东,电信,1337752,,,1536321,,,,,1802781,1812874,1892834,,1919559,,
广东,电信,1337753,,,1536322,,,,,1802782,1812875,1892835,,,,
广东,电信,1337754,,,1536323,,,,,1802783,1812876,1892836,,,,
广东,电信,1337755,,,1536324,,,,,1802784,1812877,1892837,,,,
广东,电信,1337756,,,1536325,,,,,1802785,1812878,1892838,,,,
广东,电信,1337757,,,1536326,,,,,1802786,1812879,1892839,,,,
广东,电信,1337758,,,1536327,,,,,1802787,1812880,1892840,,,,
广东,电信,1337759,,,1536328,,,,,1802788,1812881,1892841,,,,
广东,电信,1337760,,,1536329,,,,,1802789,1812882,1892842,,,,
广东,电信,1337761,,,1536330,,,,,1802790,1812883,1892843,,,,
广东,电信,1337762,,,1536331,,,,,1802791,1812884,1892844,,,,
广东,电信,1337763,,,1536332,,,,,1802792,1812885,1892845,,,,
广东,电信,1337764,,,1536333,,,,,1802793,1812886,1892846,,,,
广东,电信,1337765,,,1536334,,,,,1802794,1812887,1892847,,,,
广东,电信,1337766,,,1536335,,,,,1802795,1812888,1892848,,,,
广东,电信,1337767,,,1536336,,,,,1802796,1812889,1892849,,,,
广东,电信,1337768,,,1536337,,,,,1802797,1812890,1892850,,,,
广东,电信,1337769,,,1536338,,,,,1802798,1812891,1892851,,,,
广东,电信,1337770,,,1536339,,,,,1802799,1812892,1892852,,,,
广东,电信,1337771,,,1536340,,,,,1802800,1812893,1892853,,,,
广东,电信,1337772,,,1536341,,,,,1802801,1812894,1892854,,,,
广东,电信,1337773,,,1536342,,,,,1802802,1812895,1892855,,,,
广东,电信,1337774,,,1536343,,,,,1802803,1812896,1892856,,,,
广东,电信,1337775,,,1536344,,,,,1802804,1812897,1892857,,,,
广东,电信,1337776,,,1536345,,,,,1802805,1812898,1892858,,,,
广东,电信,1337777,,,1536346,,,,,1802806,1812899,1892859,,,,
广东,电信,1337778,,,1536347,,,,,1802807,1812950,1892860,,,,
广东,电信,1337779,,,1536348,,,,,1802808,1812951,1892861,,,,
广东,电信,1337840,,,1536349,,,,,1802809,1812952,1892862,,,,
广东,电信,1337841,,,1536360,,,,,1802810,1812953,1892863,,,,
广东,电信,1337842,,,1536361,,,,,1802811,1812954,1892864,,,,
广东,电信,1337843,,,1536362,,,,,1802812,1812955,1892865,,,,
广东,电信,1337844,,,1536363,,,,,1802813,1812956,1892866,,,,
广东,电信,1337845,,,1536364,,,,,1802814,1812957,1892867,,,,
广东,电信,1337846,,,1536365,,,,,1802815,1812958,1892868,,,,
广东,电信,1337847,,,1536366,,,,,1802816,1812959,1892869,,,,
广东,电信,1337848,,,1536367,,,,,1802817,1812960,1892870,,,,
广东,电信,1337849,,,1536368,,,,,1802818,1812961,1892871,,,,
广东,电信,1337860,,,1536369,,,,,1802819,1812962,1892872,,,,
广东,电信,1337861,,,1536380,,,,,1802820,1812963,1892873,,,,
广东,电信,1337862,,,1536381,,,,,1802821,1812964,1892874,,,,
广东,电信,1337863,,,1536382,,,,,1802822,1812965,1892875,,,,
广东,电信,1337864,,,1536383,,,,,1802823,1812966,1892876,,,,
广东,电信,1337865,,,1536384,,,,,1802824,1812967,1892877,,,,
广东,电信,1337866,,,1536385,,,,,1802825,1812968,1892878,,,,
广东,电信,1337867,,,1536386,,,,,1802826,1812969,1892879,,,,
广东,电信,1337868,,,1536387,,,,,1802827,1812970,1892880,,,,
广东,电信,1337869,,,1536388,,,,,1802828,1812971,1892881,,,,
广东,电信,1338000,,,1536389,,,,,1802829,1812972,1892882,,,,
广东,电信,1338001,,,1536390,,,,,1802830,1812973,1892883,,,,
广东,电信,1338002,,,1536391,,,,,1802831,1812974,1892884,,,,
广东,电信,1338003,,,1536392,,,,,1802832,1812975,1892885,,,,
广东,电信,1338004,,,1536393,,,,,1802833,1812976,1892886,,,,
广东,电信,1338005,,,1536394,,,,,1802834,1812977,1892887,,,,
广东,电信,1338006,,,1536395,,,,,1802835,1812978,1892888,,,,
广东,电信,1338007,,,1536396,,,,,1802836,1812979,1892889,,,,
广东,电信,1338008,,,1536397,,,,,1802837,1812980,1892890,,,,
广东,电信,1338009,,,1536398,,,,,1802838,1812981,1892891,,,,
广东,电信,1338010,,,1536399,,,,,1802839,1812982,1892892,,,,
广东,电信,1338011,,,1537400,,,,,1802840,1812983,1892893,,,,
广东,电信,1338012,,,1537401,,,,,1802841,1812984,1892894,,,,
广东,电信,1338013,,,1537402,,,,,1802842,1812985,1892895,,,,
广东,电信,1338014,,,1537403,,,,,1802843,1812986,1892896,,,,
广东,电信,1338015,,,1537404,,,,,1802844,1812987,1892897,,,,
广东,电信,1338016,,,1537405,,,,,1802845,1812988,1892898,,,,
广东,电信,1338017,,,1537406,,,,,1802846,1812989,1892899,,,,
广东,电信,1338018,,,1537407,,,,,1802847,1812990,1892900,,,,
广东,电信,1338019,,,1537408,,,,,1802848,1812991,1892901,,,,
广东,电信,1338020,,,1537409,,,,,1802849,1812992,1892902,,,,
广东,电信,1338021,,,1537770,,,,,1802850,1812993,1892903,,,,
广东,电信,1338022,,,1537771,,,,,1802851,1812994,1892904,,,,
广东,电信,1338023,,,1537772,,,,,1802852,1812995,1892905,,,,
广东,电信,1338024,,,1537773,,,,,1802853,1812996,1892906,,,,
广东,电信,1338025,,,1537774,,,,,1802854,1812997,1892907,,,,
广东,电信,1338026,,,1537775,,,,,1802855,1812998,1892908,,,,
广东,电信,1338027,,,1537776,,,,,1802856,1812999,1892909,,,,
广东,电信,1338028,,,1537777,,,,,1802857,1813800,1892910,,,,
广东,电信,1338029,,,1537778,,,,,1802858,1813801,1892911,,,,
广东,电信,1338030,,,1537779,,,,,1802859,1813802,1892912,,,,
广东,电信,1338031,,,1537780,,,,,1802860,1813803,1892913,,,,
广东,电信,1338032,,,1537781,,,,,1802861,1813804,1892914,,,,
广东,电信,1338033,,,1537782,,,,,1802862,1813805,1892915,,,,
广东,电信,1338034,,,1537783,,,,,1802863,1813806,1892916,,,,
广东,电信,1338035,,,1537784,,,,,1802864,1813807,1892917,,,,
广东,电信,1338036,,,1537785,,,,,1802865,1813808,1892918,,,,
广东,电信,1338037,,,1537786,,,,,1802866,1813809,1892919,,,,
广东,电信,1338038,,,1537787,,,,,1802867,1813810,1892920,,,,
广东,电信,1338039,,,1537788,,,,,1802868,1813811,1892921,,,,
广东,电信,1338040,,,1537789,,,,,1802869,1813812,1892922,,,,
广东,电信,1338041,,,1538260,,,,,1802870,1813813,1892923,,,,
广东,电信,1338042,,,1538261,,,,,1802871,1813814,1892924,,,,
广东,电信,1338043,,,1538262,,,,,1802872,1813815,1892925,,,,
广东,电信,1338044,,,1538263,,,,,1802873,1813816,1892926,,,,
广东,电信,1338045,,,1538264,,,,,1802874,1813817,1892927,,,,
广东,电信,1338046,,,1538265,,,,,1802875,1813818,1892928,,,,
广东,电信,1338047,,,1538266,,,,,1802876,1813819,1892929,,,,
广东,电信,1338048,,,1538267,,,,,1802877,1813820,1892930,,,,
广东,电信,1338049,,,1538268,,,,,1802878,1813821,1892931,,,,
广东,电信,1338050,,,1538269,,,,,1802879,1813822,1892932,,,,
广东,电信,1338051,,,1538270,,,,,1802880,1813823,1892933,,,,
广东,电信,1338052,,,1538271,,,,,1802881,1813824,1892934,,,,
广东,电信,1338053,,,1538272,,,,,1802882,1813825,1892935,,,,
广东,电信,1338054,,,1538273,,,,,1802883,1813826,1892936,,,,
广东,电信,1338055,,,1538274,,,,,1802884,1813827,1892937,,,,
广东,电信,1338056,,,1538275,,,,,1802885,1813828,1892938,,,,
广东,电信,1338057,,,1538276,,,,,1802886,1813829,1892939,,,,
广东,电信,1338058,,,1538277,,,,,1802887,1813830,1892940,,,,
广东,电信,1338059,,,1538278,,,,,1802888,1813831,1892941,,,,
广东,电信,1338060,,,1538279,,,,,1802889,1813832,1892942,,,,
广东,电信,1338061,,,1538280,,,,,1802890,1813833,1892943,,,,
广东,电信,1338062,,,1538281,,,,,1802891,1813834,1892944,,,,
广东,电信,1338063,,,1538282,,,,,1802892,1813835,1892945,,,,
广东,电信,1338064,,,1538283,,,,,1802893,1813836,1892946,,,,
广东,电信,1338065,,,1538284,,,,,1802894,1813837,1892947,,,,
广东,电信,1338066,,,1538285,,,,,1802895,1813838,1892948,,,,
广东,电信,1338067,,,1538286,,,,,1802896,1813839,1892949,,,,
广东,电信,1338068,,,1538287,,,,,1802897,1813840,1892950,,,,
广东,电信,1338069,,,1538288,,,,,1802898,1813841,1892951,,,,
广东,电信,1338070,,,1538289,,,,,1802899,1813842,1892952,,,,
广东,电信,1338071,,,1538290,,,,,1802900,1813843,1892953,,,,
广东,电信,1338072,,,1538291,,,,,1802901,1813844,1892954,,,,
广东,电信,1338073,,,1538292,,,,,1802902,1813845,1892955,,,,
广东,电信,1338074,,,1538293,,,,,1802903,1813846,1892956,,,,
广东,电信,1338075,,,1538294,,,,,1802904,1813847,1892957,,,,
广东,电信,1338076,,,1538295,,,,,1802905,1813848,1892958,,,,
广东,电信,1338077,,,1538296,,,,,1802906,1813849,1892959,,,,
广东,电信,1338078,,,1538297,,,,,1802907,1813850,1892960,,,,
广东,电信,1338079,,,1538298,,,,,1802908,1813851,1892961,,,,
广东,电信,1338080,,,1538299,,,,,1802909,1813852,1892962,,,,
广东,电信,1338081,,,1538420,,,,,1802910,1813853,1892963,,,,
广东,电信,1338082,,,1538421,,,,,1802911,1813854,1892964,,,,
广东,电信,1338083,,,1538422,,,,,1802912,1813855,1892965,,,,
广东,电信,1338084,,,1538423,,,,,1802913,1813856,1892966,,,,
广东,电信,1338085,,,1538424,,,,,1802914,1813857,1892967,,,,
广东,电信,1338086,,,1538425,,,,,1802915,1813858,1892968,,,,
广东,电信,1338087,,,1538426,,,,,1802916,1813859,1892969,,,,
广东,电信,1338088,,,1538427,,,,,1802917,1813860,1892970,,,,
广东,电信,1338089,,,1538428,,,,,1802918,1813861,1892971,,,,
广东,电信,1338090,,,1538429,,,,,1802919,1813862,1892972,,,,
广东,电信,1338091,,,1538430,,,,,1802920,1813863,1892973,,,,
广东,电信,1338092,,,1538431,,,,,1802921,1813864,1892974,,,,
广东,电信,1338093,,,1538432,,,,,1802922,1813865,1892975,,,,
广东,电信,1338094,,,1538433,,,,,1802923,1813866,1892976,,,,
广东,电信,1338095,,,1538437,,,,,1802924,1813867,1892977,,,,
广东,电信,1338096,,,1538438,,,,,1802925,1813868,1892978,,,,
广东,电信,1338097,,,1538439,,,,,1802926,1813869,1892979,,,,
广东,电信,1338098,,,1538440,,,,,1802927,1813870,1892980,,,,
广东,电信,1338099,,,1538441,,,,,1802928,1813871,1892981,,,,
广东,电信,1339200,,,1538442,,,,,1802929,1813872,1892982,,,,
广东,电信,1339201,,,1538443,,,,,1802930,1813873,1892983,,,,
广东,电信,1339202,,,1538444,,,,,1802931,1813874,1892984,,,,
广东,电信,1339203,,,1538445,,,,,1802932,1813875,1892985,,,,
广东,电信,1339204,,,1538446,,,,,1802933,1813876,1892986,,,,
广东,电信,1339205,,,1538447,,,,,1802934,1813877,1892987,,,,
广东,电信,1339206,,,1538448,,,,,1802935,1813878,1892988,,,,
广东,电信,1339207,,,1538449,,,,,1802936,1813879,1892989,,,,
广东,电信,1339208,,,1539090,,,,,1802937,1813880,1892990,,,,
广东,电信,1339209,,,1539091,,,,,1802938,1813881,1892991,,,,
广东,电信,1339210,,,1539092,,,,,1802939,1813882,1892992,,,,
广东,电信,1339211,,,1539093,,,,,1802940,1813883,1892993,,,,
广东,电信,1339212,,,1539094,,,,,1802941,1813884,1892994,,,,
广东,电信,1339213,,,1539095,,,,,1802942,1813885,1892995,,,,
广东,电信,1339214,,,1539096,,,,,1802943,1813886,1892996,,,,
广东,电信,1339215,,,1539097,,,,,1802944,1813887,1892997,,,,
广东,电信,1339216,,,1539098,,,,,1802945,1813888,1892998,,,,
广东,电信,1339217,,,1539099,,,,,1802946,1813889,1892999,,,,
广东,电信,1339218,,,1539880,,,,,1802947,1813890,1893300,,,,
广东,电信,1339219,,,1539881,,,,,1802948,1813891,1893301,,,,
广东,电信,1339220,,,1539882,,,,,1802949,1813892,1893302,,,,
广东,电信,1339221,,,1539883,,,,,1802950,1813893,1893303,,,,
广东,电信,1339222,,,1539884,,,,,1802951,1813894,1893304,,,,
广东,电信,1339223,,,1539885,,,,,1802952,1813895,1893305,,,,
广东,电信,1339224,,,1539886,,,,,1802953,1813896,1893306,,,,
广东,电信,1339225,,,1539887,,,,,1802954,1813897,1893307,,,,
广东,电信,1339226,,,1539888,,,,,1802955,1813898,1893308,,,,
广东,电信,1339227,,,1539889,,,,,1802956,1813899,1893309,,,,
广东,电信,1339228,,,1539890,,,,,1802957,1814185,1893310,,,,
广东,电信,1339229,,,1539891,,,,,1802958,1814280,1893311,,,,
广东,电信,1339230,,,1539892,,,,,1802959,1814281,1893312,,,,
广东,电信,1339231,,,1539893,,,,,1802960,1814282,1893313,,,,
广东,电信,1339232,,,1539894,,,,,1802961,1814283,1893314,,,,
广东,电信,1339233,,,1539895,,,,,1802962,1814284,1893315,,,,
广东,电信,1339234,,,1539896,,,,,1802963,1814285,1893316,,,,
广东,电信,1339235,,,1539897,,,,,1802964,1814286,1893317,,,,
广东,电信,1339236,,,1539898,,,,,1802965,1814287,1893318,,,,
广东,电信,1339237,,,1539899,,,,,1802966,1814288,1893319,,,,
广东,电信,1339238,,,,,,,,1802967,1814289,1893320,,,,
广东,电信,1339239,,,,,,,,1802968,1814440,1893321,,,,
广东,电信,1339240,,,,,,,,1802969,1814441,1893322,,,,
广东,电信,1339241,,,,,,,,1802970,1814442,1893323,,,,
广东,电信,1339242,,,,,,,,1802971,1814443,1893324,,,,
广东,电信,1339243,,,,,,,,1802972,1814444,1893325,,,,
广东,电信,1339244,,,,,,,,1802973,1814445,1893326,,,,
广东,电信,1339245,,,,,,,,1802974,1814446,1893327,,,,
广东,电信,1339246,,,,,,,,1802975,1814447,1893328,,,,
广东,电信,1339247,,,,,,,,1802976,1814448,1893329,,,,
广东,电信,1339248,,,,,,,,1802977,1814449,1893330,,,,
广东,电信,1339249,,,,,,,,1802978,1814460,1893331,,,,
广东,电信,1339250,,,,,,,,1802979,1814461,1893332,,,,
广东,电信,1339251,,,,,,,,1802980,1814462,1893333,,,,
广东,电信,1339252,,,,,,,,1802981,1814463,1893334,,,,
广东,电信,1339253,,,,,,,,1802982,1814464,1893335,,,,
广东,电信,1339254,,,,,,,,1802983,1814465,1893336,,,,
广东,电信,1339255,,,,,,,,1802984,1814466,1893337,,,,
广东,电信,1339256,,,,,,,,1802985,1814467,1893338,,,,
广东,电信,1339257,,,,,,,,1802986,1814468,1893339,,,,
广东,电信,1339258,,,,,,,,1802987,1814469,1893340,,,,
广东,电信,1339259,,,,,,,,1802988,1814470,1893341,,,,
广东,电信,1339260,,,,,,,,1802989,1814471,1893342,,,,
广东,电信,1339261,,,,,,,,1802990,1814472,1893343,,,,
广东,电信,1339262,,,,,,,,1802991,1814473,1893344,,,,
广东,电信,1339263,,,,,,,,1802992,1814474,1893345,,,,
广东,电信,1339264,,,,,,,,1802993,1814475,1893346,,,,
广东,电信,1339265,,,,,,,,1802994,1814476,1893347,,,,
广东,电信,1339266,,,,,,,,1802995,1814477,1893348,,,,
广东,电信,1339267,,,,,,,,1802996,1814478,1893349,,,,
广东,电信,1339268,,,,,,,,1802997,1814479,1893350,,,,
广东,电信,1339269,,,,,,,,1802998,1814480,1893351,,,,
广东,电信,1339270,,,,,,,,1802999,1814481,1893352,,,,
广东,电信,1339271,,,,,,,,1803300,1814482,1893353,,,,
广东,电信,1339272,,,,,,,,1803301,1814483,1893354,,,,
广东,电信,1339273,,,,,,,,1803302,1814484,1893355,,,,
广东,电信,1339274,,,,,,,,1803303,1814485,1893356,,,,
广东,电信,1339275,,,,,,,,1803304,1814486,1893357,,,,
广东,电信,1339276,,,,,,,,1803305,1814487,1893358,,,,
广东,电信,1339277,,,,,,,,1803306,1814488,1893359,,,,
广东,电信,1339278,,,,,,,,1803307,1814489,1893360,,,,
广东,电信,1339279,,,,,,,,1803308,1814490,1893361,,,,
广东,电信,1339280,,,,,,,,1803309,1814491,1893362,,,,
广东,电信,1339281,,,,,,,,1803310,1814492,1893363,,,,
广东,电信,1339282,,,,,,,,1803311,1814493,1893364,,,,
广东,电信,1339283,,,,,,,,1803312,1814494,1893365,,,,
广东,电信,1339284,,,,,,,,1803313,1814495,1893366,,,,
广东,电信,1339285,,,,,,,,1803314,1814496,1893367,,,,
广东,电信,1339286,,,,,,,,1803315,1814497,1893368,,,,
广东,电信,1339287,,,,,,,,1803316,1814498,1893369,,,,
广东,电信,1339288,,,,,,,,1803317,1814499,1893370,,,,
广东,电信,1339289,,,,,,,,1803318,1814570,1893371,,,,
广东,电信,1339290,,,,,,,,1803319,1814571,1893372,,,,
广东,电信,1339291,,,,,,,,1803320,1814572,1893373,,,,
广东,电信,1339292,,,,,,,,1803321,1814573,1893374,,,,
广东,电信,1339293,,,,,,,,1803322,1814574,1893375,,,,
广东,电信,1339294,,,,,,,,1803323,1814575,1893376,,,,
广东,电信,1339295,,,,,,,,1803324,1814576,1893377,,,,
广东,电信,1339296,,,,,,,,1803325,1814577,1893378,,,,
广东,电信,1339297,,,,,,,,1803326,1814578,1893379,,,,
广东,电信,1339298,,,,,,,,1803327,1814579,1893380,,,,
广东,电信,1339299,,,,,,,,1803328,1814580,1893381,,,,
广东,电信,,,,,,,,,1803329,1814581,1893382,,,,
广东,电信,,,,,,,,,1803330,1814582,1893383,,,,
广东,电信,,,,,,,,,1803331,1814583,1893384,,,,
广东,电信,,,,,,,,,1803332,1814584,1893385,,,,
广东,电信,,,,,,,,,1803333,1814585,1893386,,,,
广东,电信,,,,,,,,,1803334,1814586,1893387,,,,
广东,电信,,,,,,,,,1803335,1814587,1893388,,,,
广东,电信,,,,,,,,,1803336,1814588,1893389,,,,
广东,电信,,,,,,,,,1803337,1814589,1893390,,,,
广东,电信,,,,,,,,,1803338,1814850,1893391,,,,
广东,电信,,,,,,,,,1803339,1814851,1893392,,,,
广东,电信,,,,,,,,,1803340,1814852,1893393,,,,
广东,电信,,,,,,,,,1803341,1814853,1893394,,,,
广东,电信,,,,,,,,,1803342,1814854,1893395,,,,
广东,电信,,,,,,,,,1803343,1814855,1893396,,,,
广东,电信,,,,,,,,,1803344,1814856,1893397,,,,
广东,电信,,,,,,,,,1803345,1814857,1893398,,,,
广东,电信,,,,,,,,,1803346,1814858,1893399,,,,
广东,电信,,,,,,,,,1803347,1814859,1893400,,,,
广东,电信,,,,,,,,,1803348,1814860,1893401,,,,
广东,电信,,,,,,,,,1803349,1814861,1893402,,,,
广东,电信,,,,,,,,,1803800,1814862,1893403,,,,
广东,电信,,,,,,,,,1803801,1814863,1893404,,,,
广东,电信,,,,,,,,,1803802,1814864,1893405,,,,
广东,电信,,,,,,,,,1803803,1814865,1893406,,,,
广东,电信,,,,,,,,,1803804,1814866,1893407,,,,
广东,电信,,,,,,,,,1803805,1814867,1893408,,,,
广东,电信,,,,,,,,,1803806,1814868,1893409,,,,
广东,电信,,,,,,,,,1803807,1814869,1893410,,,,
广东,电信,,,,,,,,,1803808,1814870,1893411,,,,
广东,电信,,,,,,,,,1803809,1814871,1893412,,,,
广东,电信,,,,,,,,,1803810,1814872,1893413,,,,
广东,电信,,,,,,,,,1803811,1814873,1893414,,,,
广东,电信,,,,,,,,,1803812,1814874,1893415,,,,
广东,电信,,,,,,,,,1803813,1814875,1893416,,,,
广东,电信,,,,,,,,,1803814,1814876,1893417,,,,
广东,电信,,,,,,,,,1803815,1814877,1893418,,,,
广东,电信,,,,,,,,,1803816,1814878,1893419,,,,
广东,电信,,,,,,,,,1803817,1814879,1893420,,,,
广东,电信,,,,,,,,,1803818,1814880,1893421,,,,
广东,电信,,,,,,,,,1803819,1814881,1893422,,,,
广东,电信,,,,,,,,,1803820,1814882,1893423,,,,
广东,电信,,,,,,,,,1803821,1814883,1893424,,,,
广东,电信,,,,,,,,,1803822,1814884,1893425,,,,
广东,电信,,,,,,,,,1803823,1814885,1893426,,,,
广东,电信,,,,,,,,,1803824,1814886,1893427,,,,
广东,电信,,,,,,,,,1803825,1814887,1893428,,,,
广东,电信,,,,,,,,,1803826,1814888,1893429,,,,
广东,电信,,,,,,,,,1803827,1814889,1893430,,,,
广东,电信,,,,,,,,,1803828,1814890,1893431,,,,
广东,电信,,,,,,,,,1803829,1814891,1893432,,,,
广东,电信,,,,,,,,,1803830,1814892,1893433,,,,
广东,电信,,,,,,,,,1803831,1814893,1893434,,,,
广东,电信,,,,,,,,,1803832,1814894,1893435,,,,
广东,电信,,,,,,,,,1803833,1814895,1893436,,,,
广东,电信,,,,,,,,,1803834,1814896,1893437,,,,
广东,电信,,,,,,,,,1803835,1814897,1893438,,,,
广东,电信,,,,,,,,,1803836,1814898,1893439,,,,
广东,电信,,,,,,,,,1803837,1814899,1893800,,,,
广东,电信,,,,,,,,,1803838,1816320,1893801,,,,
广东,电信,,,,,,,,,1803839,1816321,1893802,,,,
广东,电信,,,,,,,,,1803840,1816324,1893803,,,,
广东,电信,,,,,,,,,1803841,1816325,1893804,,,,
广东,电信,,,,,,,,,1803842,1816326,1893805,,,,
广东,电信,,,,,,,,,1803843,1816327,1893806,,,,
广东,电信,,,,,,,,,1803844,1816328,1893807,,,,
广东,电信,,,,,,,,,1803845,1816329,1893808,,,,
广东,电信,,,,,,,,,1803846,1816344,1893809,,,,
广东,电信,,,,,,,,,1803847,1816345,1893810,,,,
广东,电信,,,,,,,,,1803848,1816346,1893811,,,,
广东,电信,,,,,,,,,1803849,1816347,1893812,,,,
广东,电信,,,,,,,,,1803850,1816348,1893813,,,,
广东,电信,,,,,,,,,1803851,1816349,1893814,,,,
广东,电信,,,,,,,,,1803852,1816550,1893815,,,,
广东,电信,,,,,,,,,1803853,1816551,1893816,,,,
广东,电信,,,,,,,,,1803854,1816552,1893817,,,,
广东,电信,,,,,,,,,1803855,1816553,1893818,,,,
广东,电信,,,,,,,,,1803856,1816554,1893819,,,,
广东,电信,,,,,,,,,1803857,1816555,1893820,,,,
广东,电信,,,,,,,,,1803858,1816562,1893821,,,,
广东,电信,,,,,,,,,1803859,1816563,1893822,,,,
广东,电信,,,,,,,,,1803860,1816564,1893823,,,,
广东,电信,,,,,,,,,1803861,1816565,1893824,,,,
广东,电信,,,,,,,,,1803862,1816566,1893825,,,,
广东,电信,,,,,,,,,1803863,1816567,1893826,,,,
广东,电信,,,,,,,,,1803864,1816568,1893827,,,,
广东,电信,,,,,,,,,1803865,1816569,1893828,,,,
广东,电信,,,,,,,,,1803866,1816570,1893829,,,,
广东,电信,,,,,,,,,1803867,1816571,1893830,,,,
广东,电信,,,,,,,,,1803868,1816572,1893831,,,,
广东,电信,,,,,,,,,1803869,1816573,1893832,,,,
广东,电信,,,,,,,,,1803870,1816574,1893833,,,,
广东,电信,,,,,,,,,1803871,1816575,1893834,,,,
广东,电信,,,,,,,,,1803872,1816576,1893835,,,,
广东,电信,,,,,,,,,1803873,1816577,1893836,,,,
广东,电信,,,,,,,,,1803874,1816578,1893837,,,,
广东,电信,,,,,,,,,1803875,1816579,1893838,,,,
广东,电信,,,,,,,,,1803876,1816580,1893839,,,,
广东,电信,,,,,,,,,1803877,1816581,1893840,,,,
广东,电信,,,,,,,,,1803878,1816582,1893841,,,,
广东,电信,,,,,,,,,1803879,1816583,1893842,,,,
广东,电信,,,,,,,,,1803880,1816584,1893843,,,,
广东,电信,,,,,,,,,1803881,1816585,1893844,,,,
广东,电信,,,,,,,,,1803882,1816586,1893845,,,,
广东,电信,,,,,,,,,1803883,1816587,1893846,,,,
广东,电信,,,,,,,,,1803884,1816588,1893847,,,,
广东,电信,,,,,,,,,1803885,1816589,1893848,,,,
广东,电信,,,,,,,,,1803886,1816590,1893849,,,,
广东,电信,,,,,,,,,1803887,1816591,1893850,,,,
广东,电信,,,,,,,,,1803888,1816592,1893851,,,,
广东,电信,,,,,,,,,1803889,1816593,1893852,,,,
广东,电信,,,,,,,,,1803890,1816594,1893853,,,,
广东,电信,,,,,,,,,1803891,1816595,1893854,,,,
广东,电信,,,,,,,,,1803892,1816596,1893855,,,,
广东,电信,,,,,,,,,1803893,1816597,1893856,,,,
广东,电信,,,,,,,,,1803894,1816598,1893857,,,,
广东,电信,,,,,,,,,1803895,1816599,1893858,,,,
广东,电信,,,,,,,,,1803896,1816980,1893859,,,,
广东,电信,,,,,,,,,1803897,1816981,1893860,,,,
广东,电信,,,,,,,,,1803898,1816982,1893861,,,,
广东,电信,,,,,,,,,1803899,1816983,1893862,,,,
广东,电信,,,,,,,,,1804280,1816984,1893863,,,,
广东,电信,,,,,,,,,1804281,1816985,1893864,,,,
广东,电信,,,,,,,,,1804282,1816986,1893865,,,,
广东,电信,,,,,,,,,1804283,1816987,1893866,,,,
广东,电信,,,,,,,,,1804284,1816988,1893867,,,,
广东,电信,,,,,,,,,1804285,1816989,1893868,,,,
广东,电信,,,,,,,,,1804286,1816990,1893869,,,,
广东,电信,,,,,,,,,1804287,1816991,1893870,,,,
广东,电信,,,,,,,,,1804288,1816992,1893871,,,,
广东,电信,,,,,,,,,1804289,1816993,1893872,,,,
广东,电信,,,,,,,,,1804690,1816994,1893873,,,,
广东,电信,,,,,,,,,1804691,1816995,1893874,,,,
广东,电信,,,,,,,,,1804692,1816996,1893875,,,,
广东,电信,,,,,,,,,1804693,1816997,1893876,,,,
广东,电信,,,,,,,,,1804694,1816998,1893877,,,,
广东,电信,,,,,,,,,1804695,1816999,1893878,,,,
广东,电信,,,,,,,,,1804696,1818860,1893879,,,,
广东,电信,,,,,,,,,1804697,1818861,1893880,,,,
广东,电信,,,,,,,,,1804698,1818862,1893881,,,,
广东,电信,,,,,,,,,1804699,1818863,1893882,,,,
广东,电信,,,,,,,,,1805420,1818864,1893883,,,,
广东,电信,,,,,,,,,1805421,1818865,1893884,,,,
广东,电信,,,,,,,,,1805422,1818866,1893885,,,,
广东,电信,,,,,,,,,1805423,1818867,1893886,,,,
广东,电信,,,,,,,,,1805424,1818868,1893887,,,,
广东,电信,,,,,,,,,1805425,1818869,1893888,,,,
广东,电信,,,,,,,,,1805426,1818870,1893889,,,,
广东,电信,,,,,,,,,1805427,1818871,1893890,,,,
广东,电信,,,,,,,,,1805428,1818872,1893891,,,,
广东,电信,,,,,,,,,1805429,1818873,1893892,,,,
广东,电信,,,,,,,,,1806460,1818874,1893893,,,,
广东,电信,,,,,,,,,1806461,1818875,1893894,,,,
广东,电信,,,,,,,,,1806462,1818876,1893895,,,,
广东,电信,,,,,,,,,1806463,1818877,1893896,,,,
广东,电信,,,,,,,,,1806464,1818878,1893897,,,,
广东,电信,,,,,,,,,1806465,1818879,1893898,,,,
广东,电信,,,,,,,,,1806466,1818880,1893899,,,,
广东,电信,,,,,,,,,1806467,1818881,1894240,,,,
广东,电信,,,,,,,,,1806468,1818882,1894241,,,,
广东,电信,,,,,,,,,1806469,1818883,1894242,,,,
广东,电信,,,,,,,,,1807880,1818884,1894243,,,,
广东,电信,,,,,,,,,1807881,1818885,1894244,,,,
广东,电信,,,,,,,,,1807882,1818886,1894245,,,,
广东,电信,,,,,,,,,1807883,1818887,1894246,,,,
广东,电信,,,,,,,,,1807884,1818888,1894247,,,,
广东,电信,,,,,,,,,1807885,1818889,1894248,,,,
广东,电信,,,,,,,,,1807886,1819400,1894249,,,,
广东,电信,,,,,,,,,1807887,1819401,1894470,,,,
广东,电信,,,,,,,,,1807888,1819402,1894471,,,,
广东,电信,,,,,,,,,1807889,1819403,1894472,,,,
广东,电信,,,,,,,,,1808880,1819404,1894473,,,,
广东,电信,,,,,,,,,1808881,1819405,1894474,,,,
广东,电信,,,,,,,,,1808882,1819406,1894475,,,,
广东,电信,,,,,,,,,1808883,1819407,1894476,,,,
广东,电信,,,,,,,,,1808884,1819408,1894477,,,,
广东,电信,,,,,,,,,1808885,1819409,1894478,,,,
广东,电信,,,,,,,,,1808886,1819840,1894479,,,,
广东,电信,,,,,,,,,1808887,1819841,1894690,,,,
广东,电信,,,,,,,,,1808888,1819842,1894691,,,,
广东,电信,,,,,,,,,1808889,1819843,1894692,,,,
广东,电信,,,,,,,,,1809810,1819844,1894693,,,,
广东,电信,,,,,,,,,1809811,1819845,1894694,,,,
广东,电信,,,,,,,,,1809812,1819846,1894695,,,,
广东,电信,,,,,,,,,1809813,1819847,1894696,,,,
广东,电信,,,,,,,,,1809814,1819848,1894697,,,,
广东,电信,,,,,,,,,1809815,1819849,1894698,,,,
广东,电信,,,,,,,,,1809816,1819870,1894699,,,,
广东,电信,,,,,,,,,1809817,1819871,1894800,,,,
广东,电信,,,,,,,,,1809818,1819872,1894801,,,,
广东,电信,,,,,,,,,1809819,1819873,1894802,,,,
广东,电信,,,,,,,,,1809820,1819874,1894803,,,,
广东,电信,,,,,,,,,1809821,1819875,1894804,,,,
广东,电信,,,,,,,,,1809822,1819876,1894805,,,,
广东,电信,,,,,,,,,1809823,1819877,1894806,,,,
广东,电信,,,,,,,,,1809824,1819878,1894807,,,,
广东,电信,,,,,,,,,1809825,1819879,1894808,,,,
广东,电信,,,,,,,,,1809826,1819880,1894809,,,,
广东,电信,,,,,,,,,1809827,1819881,1894810,,,,
广东,电信,,,,,,,,,1809828,1819882,1894811,,,,
广东,电信,,,,,,,,,1809829,1819883,1894812,,,,
广东,电信,,,,,,,,,1809890,1819884,1894813,,,,
广东,电信,,,,,,,,,1809891,1819885,1894814,,,,
广东,电信,,,,,,,,,1809892,1819886,1894815,,,,
广东,电信,,,,,,,,,1809893,1819887,1894816,,,,
广东,电信,,,,,,,,,1809894,1819888,1894817,,,,
广东,电信,,,,,,,,,1809895,1819889,1894818,,,,
广东,电信,,,,,,,,,1809896,1819890,1894819,,,,
广东,电信,,,,,,,,,1809897,1819891,1894820,,,,
广东,电信,,,,,,,,,1809898,1819892,1894821,,,,
广东,电信,,,,,,,,,1809899,1819893,1894822,,,,
广东,电信,,,,,,,,,,1819894,1894823,,,,
广东,电信,,,,,,,,,,1819895,1894824,,,,
广东,电信,,,,,,,,,,1819896,1894825,,,,
广东,电信,,,,,,,,,,1819897,1894826,,,,
广东,电信,,,,,,,,,,1819898,1894827,,,,
广东,电信,,,,,,,,,,1819899,1894828,,,,
广东,电信,,,,,,,,,,,1894829,,,,
广东,电信,,,,,,,,,,,1894830,,,,
广东,电信,,,,,,,,,,,1894831,,,,
广东,电信,,,,,,,,,,,1894832,,,,
广东,电信,,,,,,,,,,,1894833,,,,
广东,电信,,,,,,,,,,,1894834,,,,
广东,电信,,,,,,,,,,,1894835,,,,
广东,电信,,,,,,,,,,,1894836,,,,
广东,电信,,,,,,,,,,,1894837,,,,
广东,电信,,,,,,,,,,,1894838,,,,
广东,电信,,,,,,,,,,,1894839,,,,
广东,电信,,,,,,,,,,,1894840,,,,
广东,电信,,,,,,,,,,,1894841,,,,
广东,电信,,,,,,,,,,,1894842,,,,
广东,电信,,,,,,,,,,,1894843,,,,
广东,电信,,,,,,,,,,,1894844,,,,
广东,电信,,,,,,,,,,,1894845,,,,
广东,电信,,,,,,,,,,,1894846,,,,
广东,电信,,,,,,,,,,,1894847,,,,
广东,电信,,,,,,,,,,,1894848,,,,
广东,电信,,,,,,,,,,,1894849,,,,
广东,电信,,,,,,,,,,,1894850,,,,
广东,电信,,,,,,,,,,,1894851,,,,
广东,电信,,,,,,,,,,,1894852,,,,
广东,电信,,,,,,,,,,,1894853,,,,
广东,电信,,,,,,,,,,,1894854,,,,
广东,电信,,,,,,,,,,,1894855,,,,
广东,电信,,,,,,,,,,,1894856,,,,
广东,电信,,,,,,,,,,,1894857,,,,
广东,电信,,,,,,,,,,,1894858,,,,
广东,电信,,,,,,,,,,,1894859,,,,
广东,电信,,,,,,,,,,,1894860,,,,
广东,电信,,,,,,,,,,,1894861,,,,
广东,电信,,,,,,,,,,,1894862,,,,
广东,电信,,,,,,,,,,,1894863,,,,
广东,电信,,,,,,,,,,,1894864,,,,
广东,电信,,,,,,,,,,,1894865,,,,
广东,电信,,,,,,,,,,,1894866,,,,
广东,电信,,,,,,,,,,,1894867,,,,
广东,电信,,,,,,,,,,,1894870,,,,
广东,电信,,,,,,,,,,,1894871,,,,
广东,电信,,,,,,,,,,,1894872,,,,
广东,电信,,,,,,,,,,,1894873,,,,
广东,电信,,,,,,,,,,,1894874,,,,
广东,电信,,,,,,,,,,,1894875,,,,
广东,电信,,,,,,,,,,,1894876,,,,
广东,电信,,,,,,,,,,,1894877,,,,
广东,电信,,,,,,,,,,,1894878,,,,
广东,电信,,,,,,,,,,,1894879,,,,
广东,电信,,,,,,,,,,,1894880,,,,
广东,电信,,,,,,,,,,,1894881,,,,
广东,电信,,,,,,,,,,,1894882,,,,
广东,电信,,,,,,,,,,,1894883,,,,
广东,电信,,,,,,,,,,,1894884,,,,
广东,电信,,,,,,,,,,,1894885,,,,
广东,电信,,,,,,,,,,,1894886,,,,
广东,电信,,,,,,,,,,,1894887,,,,
广东,电信,,,,,,,,,,,1894888,,,,
广东,电信,,,,,,,,,,,1894889,,,,
广东,电信,,,,,,,,,,,1894890,,,,
广东,电信,,,,,,,,,,,1894891,,,,
广东,电信,,,,,,,,,,,1894892,,,,
广东,电信,,,,,,,,,,,1894893,,,,
广东,电信,,,,,,,,,,,1894894,,,,
广东,电信,,,,,,,,,,,1894895,,,,
广东,电信,,,,,,,,,,,1894896,,,,
广东,电信,,,,,,,,,,,1894897,,,,
广东,电信,,,,,,,,,,,1894898,,,,
广东,电信,,,,,,,,,,,1894899,,,,
广东,电信,,,,,,,,,,,1898850,,,,
广东,电信,,,,,,,,,,,1898851,,,,
广东,电信,,,,,,,,,,,1898852,,,,
广东,电信,,,,,,,,,,,1898853,,,,
广东,电信,,,,,,,,,,,1898854,,,,
广东,电信,,,,,,,,,,,1898855,,,,
广东,电信,,,,,,,,,,,1898856,,,,
广东,电信,,,,,,,,,,,1898857,,,,
广东,电信,,,,,,,,,,,1898858,,,,
广东,电信,,,,,,,,,,,1898859,,,,
广东,电信,,,,,,,,,,,1898860,,,,
广东,电信,,,,,,,,,,,1898861,,,,
广东,电信,,,,,,,,,,,1898862,,,,
广东,电信,,,,,,,,,,,1898863,,,,
广东,电信,,,,,,,,,,,1898864,,,,
广东,电信,,,,,,,,,,,1898865,,,,
广东,电信,,,,,,,,,,,1898866,,,,
广东,电信,,,,,,,,,,,1898867,,,,
广东,电信,,,,,,,,,,,1898868,,,,
广东,电信,,,,,,,,,,,1898869,,,,
广东,电信,,,,,,,,,,,1898870,,,,
广东,电信,,,,,,,,,,,1898871,,,,
广东,电信,,,,,,,,,,,1898872,,,,
广东,电信,,,,,,,,,,,1898873,,,,
广东,电信,,,,,,,,,,,1898874,,,,
广东,电信,,,,,,,,,,,1898875,,,,
广东,电信,,,,,,,,,,,1898876,,,,
广东,电信,,,,,,,,,,,1898877,,,,
广东,电信,,,,,,,,,,,1898878,,,,
广东,电信,,,,,,,,,,,1898879,,,,
广东,电信,,,,,,,,,,,1898880,,,,
广东,电信,,,,,,,,,,,1898881,,,,
广东,电信,,,,,,,,,,,1898882,,,,
广东,电信,,,,,,,,,,,1898883,,,,
广东,电信,,,,,,,,,,,1898884,,,,
广东,电信,,,,,,,,,,,1898885,,,,
广东,电信,,,,,,,,,,,1898886,,,,
广东,电信,,,,,,,,,,,1898887,,,,
广东,电信,,,,,,,,,,,1898888,,,,
广东,电信,,,,,,,,,,,1898889,,,,
广东,电信,,,,,,,,,,,1898890,,,,
广东,电信,,,,,,,,,,,1898891,,,,
广东,电信,,,,,,,,,,,1898892,,,,
广东,电信,,,,,,,,,,,1898893,,,,
广东,电信,,,,,,,,,,,1898894,,,,
广东,电信,,,,,,,,,,,1898895,,,,
广东,电信,,,,,,,,,,,1898896,,,,
广东,电信,,,,,,,,,,,1898897,,,,
广东,电信,,,,,,,,,,,1898898,,,,
广东,电信,,,,,,,,,,,1898899,,,,
广东,电信,,,,,,,,,,,1899800,,,,
广东,电信,,,,,,,,,,,1899801,,,,
广东,电信,,,,,,,,,,,1899802,,,,
广东,电信,,,,,,,,,,,1899803,,,,
广东,电信,,,,,,,,,,,1899804,,,,
广东,电信,,,,,,,,,,,1899805,,,,
广东,电信,,,,,,,,,,,1899806,,,,
广东,电信,,,,,,,,,,,1899807,,,,
广东,电信,,,,,,,,,,,1899808,,,,
广东,电信,,,,,,,,,,,1899809,,,,
广东,电信,,,,,,,,,,,1899810,,,,
广东,电信,,,,,,,,,,,1899811,,,,
广东,电信,,,,,,,,,,,1899812,,,,
广东,电信,,,,,,,,,,,1899813,,,,
广东,电信,,,,,,,,,,,1899814,,,,
广东,电信,,,,,,,,,,,1899815,,,,
广东,电信,,,,,,,,,,,1899816,,,,
广东,电信,,,,,,,,,,,1899817,,,,
广东,电信,,,,,,,,,,,1899818,,,,
广东,电信,,,,,,,,,,,1899819,,,,
广东,电信,,,,,,,,,,,1899820,,,,
广东,电信,,,,,,,,,,,1899821,,,,
广东,电信,,,,,,,,,,,1899822,,,,
广东,电信,,,,,,,,,,,1899823,,,,
广东,电信,,,,,,,,,,,1899824,,,,
广东,电信,,,,,,,,,,,1899825,,,,
广东,电信,,,,,,,,,,,1899826,,,,
广东,电信,,,,,,,,,,,1899827,,,,
广东,电信,,,,,,,,,,,1899828,,,,
广东,电信,,,,,,,,,,,1899829,,,,
广东,电信,,,,,,,,,,,1899830,,,,
广东,电信,,,,,,,,,,,1899831,,,,
广东,电信,,,,,,,,,,,1899832,,,,
广东,电信,,,,,,,,,,,1899833,,,,
广东,电信,,,,,,,,,,,1899834,,,,
广东,电信,,,,,,,,,,,1899835,,,,
广东,电信,,,,,,,,,,,1899836,,,,
广东,电信,,,,,,,,,,,1899837,,,,
广东,电信,,,,,,,,,,,1899838,,,,
广东,电信,,,,,,,,,,,1899839,,,,
广东,电信,,,,,,,,,,,1899840,,,,
广东,电信,,,,,,,,,,,1899841,,,,
广东,电信,,,,,,,,,,,1899842,,,,
广东,电信,,,,,,,,,,,1899843,,,,
广东,电信,,,,,,,,,,,1899844,,,,
广东,电信,,,,,,,,,,,1899845,,,,
广东,电信,,,,,,,,,,,1899846,,,,
广东,电信,,,,,,,,,,,1899847,,,,
广东,电信,,,,,,,,,,,1899848,,,,
广东,电信,,,,,,,,,,,1899849,,,,
广东,电信,,,,,,,,,,,1899850,,,,
广东,电信,,,,,,,,,,,1899851,,,,
广东,电信,,,,,,,,,,,1899852,,,,
广东,电信,,,,,,,,,,,1899853,,,,
广东,电信,,,,,,,,,,,1899854,,,,
广东,电信,,,,,,,,,,,1899855,,,,
广东,电信,,,,,,,,,,,1899856,,,,
广东,电信,,,,,,,,,,,1899857,,,,
广东,电信,,,,,,,,,,,1899858,,,,
广东,电信,,,,,,,,,,,1899859,,,,
广东,电信,,,,,,,,,,,1899860,,,,
广东,电信,,,,,,,,,,,1899861,,,,
广东,电信,,,,,,,,,,,1899862,,,,
广东,电信,,,,,,,,,,,1899863,,,,
广东,电信,,,,,,,,,,,1899864,,,,
广东,电信,,,,,,,,,,,1899865,,,,
广东,电信,,,,,,,,,,,1899866,,,,
广东,电信,,,,,,,,,,,1899867,,,,
广东,电信,,,,,,,,,,,1899868,,,,
广东,电信,,,,,,,,,,,1899869,,,,
广东,电信,,,,,,,,,,,1899870,,,,
广东,电信,,,,,,,,,,,1899871,,,,
广东,电信,,,,,,,,,,,1899872,,,,
广东,电信,,,,,,,,,,,1899873,,,,
广东,电信,,,,,,,,,,,1899874,,,,
广东,电信,,,,,,,,,,,1899875,,,,
广东,电信,,,,,,,,,,,1899876,,,,
广东,电信,,,,,,,,,,,1899877,,,,
广东,电信,,,,,,,,,,,1899878,,,,
广东,电信,,,,,,,,,,,1899879,,,,
广东,电信,,,,,,,,,,,1899880,,,,
广东,电信,,,,,,,,,,,1899881,,,,
广东,电信,,,,,,,,,,,1899882,,,,
广东,电信,,,,,,,,,,,1899883,,,,
广东,电信,,,,,,,,,,,1899884,,,,
广东,电信,,,,,,,,,,,1899885,,,,
广东,电信,,,,,,,,,,,1899886,,,,
广东,电信,,,,,,,,,,,1899887,,,,
广东,电信,,,,,,,,,,,1899888,,,,
广东,电信,,,,,,,,,,,1899889,,,,
广东,电信,,,,,,,,,,,1899890,,,,
广东,电信,,,,,,,,,,,1899891,,,,
广东,电信,,,,,,,,,,,1899892,,,,
广东,电信,,,,,,,,,,,1899893,,,,
广东,电信,,,,,,,,,,,1899894,,,,
广东,电信,,,,,,,,,,,1899895,,,,
广东,电信,,,,,,,,,,,1899896,,,,
广东,电信,,,,,,,,,,,1899897,,,,
广东,电信,,,,,,,,,,,1899898,,,,
广东,电信,,,,,,,,,,,1899899,,,,
