省份,运营商,133 号段,153 号段,162 号段,173 号段,174 号段,177 号段,180 号段,181 号段,189 号段,190 号段,191 号段,193 号段,199 号段
贵州,电信,1330850,1530850,1621850,1730850,1748418,1770850,1800850,1810084,1890850,1900080,1910850,1930010,1990850
贵州,电信,1330851,1530851,1621851,1730851,,1770851,1800851,1810085,1890851,1900081,1910851,1930011,1990851
贵州,电信,1330852,1530852,1621852,1730852,,1770852,1800852,1810850,1890852,1900082,1910852,1930012,1990852
贵州,电信,1330853,1530853,1621853,1730853,,1770853,1800853,1810851,1890853,1900083,1910853,1930013,1990853
贵州,电信,1330854,1530854,1621854,1730854,,1770854,1800854,1810852,1890854,1900084,1910854,1930014,1990854
贵州,电信,1330855,1530855,1621855,1730855,,1770855,1800855,1810853,1890855,1900085,1910855,1930015,1990855
贵州,电信,1330856,1530856,1621856,1730856,,1770856,1800856,1810854,1890856,1900086,1910856,1930016,1990856
贵州,电信,1330857,1530857,1621857,1730857,,1770857,1800857,1810855,1890857,1900087,1910857,1930017,1990857
贵州,电信,1330858,1530858,1621858,1730858,,1770858,1800858,1810856,1890858,1900088,1910858,1930018,1990858
贵州,电信,1330859,1530859,1621859,1730859,,1770859,1800859,1810857,1890859,1900089,1910859,1930019,1990859
贵州,电信,1331040,1532900,1621860,1731190,,1771660,1807600,1810858,1893200,1900845,1911050,1930020,1991700
贵州,电信,1331041,1532901,1621861,1731191,,1771661,1807601,1810859,1893201,1900850,1911051,1930021,1991701
贵州,电信,1331042,1532902,1621862,1731192,,1771662,1807602,1811180,1893202,1900851,1911052,1930022,1991702
贵州,电信,1331043,1532903,1621863,1731193,,1771663,1807603,1811181,1893203,1900852,1911053,1930023,1991703
贵州,电信,1331044,1532904,1621864,1731194,,1771664,1807604,1811182,1893204,1900853,1911054,1930024,1991704
贵州,电信,1331045,1532905,1621865,1731195,,1771665,1807605,1811183,1893205,1900854,1911055,1930025,1991705
贵州,电信,1331046,1532906,1621866,1731196,,1771666,1807606,1811184,1893206,1900855,1911056,1930026,1991706
贵州,电信,1331047,1532907,1621867,1731197,,1771667,1807607,1811185,1893207,1900856,1911057,1930027,1991707
贵州,电信,1331048,1532908,1621868,1731198,,1771668,1807608,1811186,1893208,1900857,1911058,1930028,1991708
贵州,电信,1331049,1532909,1621869,1731199,,1771669,1807609,1811187,1893209,1900858,1911059,1930029,1991709
贵州,电信,1331070,1532910,1622850,1736500,,1771800,1807610,1811188,1893440,1900859,1911060,1930650,1998440
贵州,电信,1331071,1532911,1622851,1736501,,1771801,1807611,1811189,1893441,1901170,1911061,1930651,1998441
贵州,电信,1331072,1532912,1622852,1736502,,1771802,1807612,1811190,1893442,1901171,1911062,1930652,1998442
贵州,电信,1331073,1532913,1622853,1736503,,1771803,1807613,1811191,1893443,1901172,1911063,1930653,1998443
贵州,电信,1331074,1532914,1622854,1736504,,1771804,1807614,1811192,1893444,1901173,1911064,1930654,1998444
贵州,电信,1331075,1532915,1622855,1736505,,1771805,1807615,1811193,1893445,1901174,1911065,1930655,1998445
贵州,电信,1331076,1532916,1622856,1736506,,1771806,1807616,1811194,1893446,1901175,1911066,1930656,1998446
贵州,电信,1331077,1532917,1622857,1736507,,1771807,1807617,1811195,1893447,1901176,1911067,1930657,1998447
贵州,电信,1331078,1532918,1622858,1736508,,1771808,1807618,1811196,1893448,1901177,1911068,1930658,1998448
贵州,电信,1331079,1532919,1622859,1736509,,1771809,1807619,1811197,1893449,1901178,1911069,1930659,1998449
贵州,电信,1331220,1532920,1625630,1738410,,1778410,1807620,1811198,1898400,1901179,1911070,1930850,1998450
贵州,电信,1331221,1532921,1625631,1738411,,1778411,1807621,1811199,1898401,1901380,1911071,1930851,1998451
贵州,电信,1331222,1532922,1625632,1738412,,1778412,1807622,1814350,1898402,1901381,1911072,1930852,1998452
贵州,电信,1331223,1532923,1625633,1738413,,1778413,1807623,1814351,1898403,1901382,1911073,1930853,1998453
贵州,电信,1331224,1532924,1625634,1738414,,1778414,1807624,1814352,1898404,1901383,1911074,1930854,1998454
贵州,电信,1331225,1532925,1625635,1738415,,1778415,1807625,1814353,1898405,1901384,1911075,1930855,1998455
贵州,电信,1331226,1532926,1625636,1738416,,1778416,1807626,1814354,1898406,1901385,1911076,1930856,1998456
贵州,电信,1331227,1532927,1625637,1738417,,1778417,1807627,1814355,1898407,1901386,1911077,1930857,1998457
贵州,电信,1331228,1532928,1625638,1738418,,1778418,1807628,1814356,1898408,1901387,1911078,1930858,1998458
贵州,电信,1331229,1532929,1625639,1738419,,1778419,1807629,1814357,1898409,1901388,1911079,1930859,1998459
贵州,电信,1331230,1532930,1625640,1738420,,1778480,1808310,1814358,1898410,1901389,1911080,1931190,1998500
贵州,电信,1331231,1532931,1625641,1738421,,1778481,1808311,1814359,1898411,1901750,1911081,1931191,1998501
贵州,电信,1331232,1532932,1625642,1738422,,1778482,1808312,1814620,1898412,1901751,1911082,1931192,1998502
贵州,电信,1331233,1532933,1625643,1738423,,1778483,1808313,1814621,1898413,1901752,1911083,1931193,1998503
贵州,电信,1331234,1532934,1625644,1738424,,1778484,1808314,1814622,1898414,1901753,1911084,1931194,1998504
贵州,电信,1331235,1532935,1625645,1738425,,1778485,1808315,1814623,1898415,1901754,1911085,1931195,1998505
贵州,电信,1331236,1532936,1625646,1738426,,1778486,1808316,1814624,1898416,1901755,1911086,1931196,1998506
贵州,电信,1331237,1532937,1625647,1738427,,1778487,1808317,1814625,1898417,1901756,1911087,1931197,1998507
贵州,电信,1331238,1532938,1625648,1738428,,1778488,1808318,1814626,1898418,1901757,1911088,1931198,1998508
贵州,电信,1331239,1532939,1625649,1738429,,1778489,1808319,1814627,1898419,1901758,1911089,1931199,1998509
贵州,电信,1331240,1532940,1625650,1738500,,1778490,1808320,1814628,1898420,1901759,1911090,1931200,1998510
贵州,电信,1331241,1532941,1625651,1738501,,1778491,1808321,1814629,1898421,1901760,1911091,1931201,1998511
贵州,电信,1331242,1532942,1625652,1738502,,1778492,1808322,1815310,1898422,1901761,1911092,1931202,1998512
贵州,电信,1331243,1532943,1625653,1738503,,1778493,1808323,1815311,1898423,1901762,1911093,1931203,1998513
贵州,电信,1331244,1532944,1625654,1738504,,1778494,1808324,1815312,1898424,1901763,1911094,1931204,1998514
贵州,电信,1331245,1532945,1625655,1738505,,1778495,1808325,1815313,1898425,1901764,1911095,1931205,1998515
贵州,电信,1331246,1532946,1625656,1738506,,1778496,1808326,1815314,1898426,1901765,1911096,1931206,1998516
贵州,电信,1331247,1532947,1625657,1738507,,1778497,1808327,1815315,1898427,1901766,1911097,1931207,1998517
贵州,电信,1331248,1532948,1625658,1738508,,1778498,1808328,1815316,1898428,1901767,1911098,1931208,1998518
贵州,电信,1331249,1532949,1628501,1738509,,1778499,1808329,1815317,1898429,1901768,1911099,1931209,1998519
贵州,电信,1331440,1532950,1628502,1738510,,1778500,1808330,1815318,1898430,1901769,1911760,1931210,1998520
贵州,电信,1331441,1532951,1628503,1738511,,1778501,1808331,1815319,1898431,1901770,1911761,1931211,1998521
贵州,电信,1331442,1532952,1628504,1738512,,1778502,1808332,1816480,1898432,1901771,1911762,1931212,1998522
贵州,电信,1331443,1532953,1628505,1738513,,1778503,1808333,1816481,1898433,1901772,1911763,1931213,1998523
贵州,电信,1331444,1532954,1628506,1738514,,1778504,1808334,1816482,1898434,1901773,1911764,1931214,1998524
贵州,电信,1331445,1532955,1628507,1738515,,1778505,1808335,1816483,1898435,1901774,1911765,1931215,1998525
贵州,电信,1331446,1532956,1628508,1738516,,1778506,1808336,1816484,1898436,1901775,1911766,1931216,1998526
贵州,电信,1331447,1532957,1628509,1738517,,1778507,1808337,1816485,1898437,1901776,1911767,1931217,1998527
贵州,电信,1331448,1532958,1628510,1738518,,1778508,1808338,1816486,1898438,1901777,1911768,1931218,1998528
贵州,电信,1331449,1532959,1628511,1738519,,1778509,1808339,1816487,1898439,1901778,1911769,1931219,1998529
贵州,电信,1332960,1532960,1628512,1738520,,1778510,1808340,1816488,1898440,1901779,1911770,1931220,1998530
贵州,电信,1332961,1532961,1628513,1738521,,1778511,1808341,1816489,1898441,1901780,1911771,1931221,1998531
贵州,电信,1332962,1532962,1628514,1738522,,1778512,1808342,1816670,1898442,1901781,1911772,1931222,1998532
贵州,电信,1332963,1532963,1628515,1738523,,1778513,1808343,1816671,1898443,1901782,1911773,1931223,1998533
贵州,电信,1332964,1532964,1628516,1738524,,1778514,1808344,1816672,1898444,1901783,1911774,1931224,1998534
贵州,电信,1332965,1532965,1628517,1738525,,1778515,1808345,1816673,1898445,1901784,1911775,1931225,1998535
贵州,电信,1332966,1532966,1628518,1738526,,1778516,1808346,1816674,1898446,1901785,1911776,1931226,1998536
贵州,电信,1332967,1532967,1628519,1738527,,1778517,1808347,1816675,1898447,1901786,1911777,1931227,1998537
贵州,电信,1332968,1532968,1628540,1738528,,1778518,1808348,1816676,1898448,1901787,1911778,1931228,1998538
贵州,电信,1332969,1532969,1628541,1738529,,1778519,1808349,1816677,1898449,1901788,1911779,1931229,1998539
贵州,电信,1333960,1532970,1628542,1738530,,1778520,1808350,1816678,1898450,1901789,1911780,1931540,1998540
贵州,电信,1333961,1532971,1628543,1738531,,1778521,1808351,1816679,1898451,1901790,1911781,1931541,1998541
贵州,电信,1333962,1532972,1628544,1738532,,1778522,1808352,1816690,1898452,1901791,1911782,1931542,1998542
贵州,电信,1333963,1532973,1628546,1738533,,1778523,1808353,1816691,1898453,1901792,1911783,1931543,1998543
贵州,电信,1333964,1532974,1628547,1738534,,1778524,1808354,1816692,1898454,1901793,1911784,1931544,1998544
贵州,电信,1333965,1532975,1628548,1738535,,1778525,1808355,1816693,1898455,1901794,1911785,1931545,1998545
贵州,电信,1333966,1532976,1628549,1738536,,1778526,1808356,1816694,1898456,1901795,1911786,1931546,1998546
贵州,电信,1333967,1532977,1628570,1738537,,1778527,1808357,1816695,1898457,1901796,1911787,1931547,1998547
贵州,电信,1333968,1532978,1628571,1738538,,1778528,1808358,1816696,1898458,1901797,1911788,1931548,1998548
贵州,电信,1333969,1532979,1628572,1738539,,1778529,1808359,1816697,1898459,1901798,1911789,1931549,1998549
贵州,电信,1336850,1532980,1628573,1738540,,1778530,1808360,1816698,1898460,1901799,1915120,1931650,1998550
贵州,电信,1336851,1532981,1628574,1738541,,1778531,1808361,1816699,1898461,1901850,1915121,1931651,1998551
贵州,电信,1336852,1532982,1628575,1738542,,1778532,1808362,1818340,1898462,1901851,1915122,1931652,1998552
贵州,电信,1336853,1532983,1628576,1738543,,1778533,1808363,1818341,1898463,1901852,1915123,1931653,1998553
贵州,电信,1336854,1532984,1628578,1738544,,1778534,1808364,1818342,1898464,1901853,1915124,1931654,1998554
贵州,电信,1336855,1532985,1628579,1738545,,1778535,1808365,1818343,1898465,1901854,1915125,1931655,1998555
贵州,电信,1336856,1532986,1628580,1738546,,1778536,1808366,1818344,1898466,1901855,1915126,1931656,1998556
贵州,电信,1336857,1532987,1628581,1738547,,1778537,1808367,1818345,1898467,1901856,1915127,1931657,1998557
贵州,电信,1336858,1532988,1628582,1738548,,1778538,1808368,1818346,1898468,1901857,1915128,1931658,1998558
贵州,电信,1336859,1532989,1628583,1738549,,1778539,1808369,1818347,1898469,1901858,1915129,1931659,1998559
贵州,电信,1336860,1532990,1628584,1738550,,1778540,1808410,1818348,1898470,1901859,1915130,1931660,1998560
贵州,电信,1336861,1532991,1628586,1738551,,1778541,1808411,1818349,1898471,1901860,1915131,1931661,1998561
贵州,电信,1336862,1532992,1628587,1738552,,1778542,1808412,1818410,1898472,1901861,1915132,1931662,1998562
贵州,电信,1336863,1532993,1628589,1738553,,1778543,1808413,1818411,1898473,1901862,1915133,1931663,1998563
贵州,电信,1336864,1532994,,1738554,,1778544,1808414,1818412,1898474,1901863,1915134,1931664,1998564
贵州,电信,1336865,1532995,,1738555,,1778545,1808415,1818413,1898475,1901864,1915135,1931665,1998565
贵州,电信,1336866,1532996,,1738556,,1778546,1808416,1818414,1898476,1901865,1915136,1931666,1998566
贵州,电信,1336867,1532997,,1738557,,1778547,1808417,1818415,1898477,1901866,1915137,1931667,1998567
贵州,电信,1336868,1532998,,1738558,,1778548,1808418,1818416,1898478,1901867,1915138,1931668,1998568
贵州,电信,1336869,1532999,,1738559,,1778549,1808419,1818417,1898479,1901868,1915139,1931669,1998569
贵州,电信,1337850,1533132,,1738560,,1778550,1808420,1818418,1898480,1901869,1916510,1931670,1998570
贵州,电信,1337851,1533850,,1738561,,1778551,1808421,1818419,1898481,1902470,1916511,1931671,1998571
贵州,电信,1337852,1533851,,1738562,,1778552,1808422,1818420,1898482,1902471,1916512,1931672,1998572
贵州,电信,1337853,1533852,,1738563,,1778553,1808423,1818421,1898483,1902472,1916513,1931673,1998573
贵州,电信,1337854,1533853,,1738564,,1778554,1808424,1818422,1898484,1902473,1916514,1931674,1998574
贵州,电信,1337855,1533854,,1738565,,1778555,1808425,1818423,1898485,1902474,1916515,1931675,1998575
贵州,电信,1337856,1533855,,1738566,,1778556,1808426,1818424,1898486,1902475,1916516,1931676,1998576
贵州,电信,1337857,1533856,,1738567,,1778557,1808427,1818425,1898487,1902476,1916517,1931677,1998577
贵州,电信,1337858,1533857,,1738568,,1778558,1808428,1818426,1898488,1902477,1916518,1931678,1998578
贵州,电信,1337859,1533858,,1738569,,1778559,1808429,1818427,1898489,1902478,1916519,1931679,1998579
贵州,电信,1337960,1533859,,1738570,,1778560,1808430,1818428,1898490,1902479,1918430,1932410,1998580
贵州,电信,1337961,1533860,,1738571,,1778561,1808431,1818429,1898491,1902480,1918431,1932411,1998581
贵州,电信,1337962,1533861,,1738572,,1778562,1808432,1818430,1898492,1902481,1918432,1932412,1998582
贵州,电信,1337963,1533862,,1738573,,1778563,1808433,1818431,1898493,1902482,1918433,1932413,1998583
贵州,电信,1337964,1533863,,1738574,,1778564,1808434,1818432,1898494,1902483,1918434,1932414,1998584
贵州,电信,1337965,1533864,,1738575,,1778565,1808435,1818433,1898495,1902484,1918435,1932415,1998585
贵州,电信,1337966,1533865,,1738576,,1778566,1808436,1818434,1898496,1902485,1918436,1932416,1998586
贵州,电信,1337967,1533866,,1738577,,1778567,1808437,1818435,1898497,1902486,1918437,1932417,1998587
贵州,电信,1337968,1533867,,1738578,,1778568,1808438,1818436,1898498,1902487,1918438,1932418,1998588
贵州,电信,1337969,1533868,,1738579,,1778569,1808439,1818437,1898499,1902488,1918439,1932419,1998589
贵州,电信,1338510,1533869,,1738580,,1778570,1808440,1818438,1898500,1902489,1918440,1932710,1998590
贵州,电信,1338511,1533950,,1738581,,1778571,1808441,1818439,1898501,1902490,1918441,1932711,1998591
贵州,电信,1338512,1533951,,1738582,,1778572,1808442,1818440,1898502,1902491,1918442,1932712,1998592
贵州,电信,1338513,1533952,,1738583,,1778573,1808443,1818441,1898503,1902492,1918443,1932713,1998593
贵州,电信,1338514,1533953,,1738584,,1778574,1808444,1818442,1898504,1902493,1918444,1932714,1998594
贵州,电信,1338515,1533954,,1738585,,1778575,1808445,1818443,1898505,1902494,1918445,1932715,1998595
贵州,电信,1338516,1533955,,1738586,,1778576,1808446,1818444,1898506,1902495,1918446,1932716,1998596
贵州,电信,1338517,1533956,,1738587,,1778577,1808447,1818445,1898507,1902496,1918447,1932717,1998597
贵州,电信,1338518,1533957,,1738588,,1778578,1808448,1818446,1898508,1902497,1918448,1932718,1998598
贵州,电信,1338519,1533958,,1738589,,1778579,1808449,1818447,1898509,1902498,1918449,1932719,1998599
贵州,电信,1338550,1533959,,1738590,,1778580,1808450,1818448,1898510,1902499,1918450,1932920,
贵州,电信,1338551,1534850,,1738591,,1778581,1808451,1818449,1898511,1902580,1918451,1932921,
贵州,电信,1338552,1534851,,1738592,,1778582,1808452,1818450,1898512,1902581,1918452,1932922,
贵州,电信,1338553,1534852,,1738593,,1778583,1808453,1818451,1898513,1902582,1918453,1932923,
贵州,电信,1338554,1534853,,1738594,,1778584,1808454,1818452,1898514,1902583,1918454,1932924,
贵州,电信,1338555,1534854,,1738595,,1778585,1808455,1818453,1898515,1902584,1918455,1932925,
贵州,电信,1338556,1534855,,1738596,,1778586,1808456,1818454,1898516,1902585,1918456,1932926,
贵州,电信,1338557,1534856,,1738597,,1778587,1808457,1818455,1898517,1902586,1918457,1932927,
贵州,电信,1338558,1534857,,1738598,,1778588,1808458,1818456,1898518,1902587,1918458,1932928,
贵州,电信,1338559,1534858,,1738599,,1778589,1808459,1818457,1898519,1902588,1918459,1932929,
贵州,电信,1339850,1534859,,1738850,,1778590,1808500,1818458,1898520,1902589,1918460,1932930,
贵州,电信,1339851,1534860,,1738851,,1778591,1808501,1818459,1898521,1902590,1918461,1932931,
贵州,电信,1339852,1534861,,1738852,,1778592,1808502,1818500,1898522,1902591,1918462,1932932,
贵州,电信,1339853,1534862,,1738853,,1778593,1808503,1818501,1898523,1902592,1918463,1932933,
贵州,电信,1339854,1534863,,1738854,,1778594,1808504,1818502,1898524,1902593,1918464,1932934,
贵州,电信,1339855,1534864,,1738855,,1778595,1808505,1818503,1898525,1902594,1918465,1932935,
贵州,电信,1339856,1534865,,1738856,,1778596,1808506,1818504,1898526,1902595,1918466,1932936,
贵州,电信,1339857,1534866,,1738857,,1778597,1808507,1818505,1898527,1902596,1918467,1932937,
贵州,电信,1339858,1534867,,1738858,,1778598,1808508,1818506,1898528,1902597,1918468,1932938,
贵州,电信,1339859,1534868,,1738859,,1778599,1808509,1818507,1898529,1902598,1918469,1932939,
贵州,电信,,1534869,,,,,1808510,1818508,1898530,1902599,1918470,1932940,
贵州,电信,,,,,,,1808511,1818509,1898531,1902850,1918471,1932941,
贵州,电信,,,,,,,1808512,1818510,1898532,1902851,1918472,1932942,
贵州,电信,,,,,,,1808513,1818511,1898533,1902852,1918473,1932943,
贵州,电信,,,,,,,1808514,1818512,1898534,1902853,1918474,1932944,
贵州,电信,,,,,,,1808515,1818513,1898535,1902854,1918475,1932945,
贵州,电信,,,,,,,1808516,1818514,1898536,1902855,1918476,1932946,
贵州,电信,,,,,,,1808517,1818515,1898537,1902856,1918477,1932947,
贵州,电信,,,,,,,1808518,1818516,1898538,1902857,1918478,1932948,
贵州,电信,,,,,,,1808519,1818517,1898539,1902858,1918479,1932949,
贵州,电信,,,,,,,1808520,1818518,1898540,1902859,1918480,1933640,
贵州,电信,,,,,,,1808521,1818519,1898541,1902860,1918481,1933641,
贵州,电信,,,,,,,1808522,1818520,1898542,1902861,1918482,1933642,
贵州,电信,,,,,,,1808523,1818521,1898543,1902862,1918483,1933643,
贵州,电信,,,,,,,1808524,1818522,1898544,1902863,1918484,1933644,
贵州,电信,,,,,,,1808525,1818523,1898545,1902864,1918485,1933645,
贵州,电信,,,,,,,1808526,1818524,1898546,1902865,1918486,1933646,
贵州,电信,,,,,,,1808527,1818525,1898547,1902866,1918487,1933647,
贵州,电信,,,,,,,1808528,1818526,1898548,1902867,1918488,1933648,
贵州,电信,,,,,,,1808529,1818527,1898549,1902868,1918489,1933649,
贵州,电信,,,,,,,1808530,1818528,1898550,1902869,1918500,1933650,
贵州,电信,,,,,,,1808531,1818529,1898551,1903800,1918501,1933651,
贵州,电信,,,,,,,1808532,1818530,1898552,1903801,1918502,1933652,
贵州,电信,,,,,,,1808533,1818531,1898553,1903802,1918503,1933653,
贵州,电信,,,,,,,1808534,1818532,1898554,1903803,1918504,1933654,
贵州,电信,,,,,,,1808535,1818533,1898555,1903804,1918505,1933655,
贵州,电信,,,,,,,1808536,1818534,1898556,1903805,1918506,1933656,
贵州,电信,,,,,,,1808537,1818535,1898557,1903806,1918507,1933657,
贵州,电信,,,,,,,1808538,1818536,1898558,1903807,1918508,1933658,
贵州,电信,,,,,,,1808539,1818537,1898559,1903808,1918509,1933659,
贵州,电信,,,,,,,1808540,1818538,1898560,1903809,1918510,1933660,
贵州,电信,,,,,,,1808541,1818539,1898561,1903840,1918511,1933661,
贵州,电信,,,,,,,1808542,1818540,1898562,1903841,1918512,1933662,
贵州,电信,,,,,,,1808543,1818541,1898563,1903842,1918513,1933663,
贵州,电信,,,,,,,1808544,1818542,1898564,1903843,1918514,1933664,
贵州,电信,,,,,,,1808545,1818543,1898565,1903844,1918515,1933665,
贵州,电信,,,,,,,1808546,1818544,1898566,1903845,1918516,1933666,
贵州,电信,,,,,,,1808547,1818545,1898567,1903846,1918517,1933667,
贵州,电信,,,,,,,1808548,1818546,1898568,1903847,1918518,1933668,
贵州,电信,,,,,,,1808549,1818547,1898569,1903848,1918519,1933669,
贵州,电信,,,,,,,1808550,1818548,1898570,1903849,1918520,1933670,
贵州,电信,,,,,,,1808551,1818549,1898571,1904830,1918521,1933671,
贵州,电信,,,,,,,1808552,1818550,1898572,1904831,1918522,1933672,
贵州,电信,,,,,,,1808553,1818551,1898573,1904832,1918523,1933673,
贵州,电信,,,,,,,1808554,1818552,1898574,1904833,1918524,1933674,
贵州,电信,,,,,,,1808555,1818553,1898575,1904834,1918525,1933675,
贵州,电信,,,,,,,1808556,1818554,1898576,1904835,1918526,1933676,
贵州,电信,,,,,,,1808557,1818555,1898577,1904836,1918527,1933677,
贵州,电信,,,,,,,1808558,1818556,1898578,1904837,1918528,1933678,
贵州,电信,,,,,,,1808559,1818557,1898579,1904838,1918529,1933679,
贵州,电信,,,,,,,1808560,1818558,1898580,1904839,1918530,1933680,
贵州,电信,,,,,,,1808561,1818559,1898581,1904840,1918531,1933681,
贵州,电信,,,,,,,1808562,1818560,1898582,1904841,1918532,1933682,
贵州,电信,,,,,,,1808563,1818561,1898583,1904842,1918533,1933683,
贵州,电信,,,,,,,1808564,1818562,1898584,1904843,1918534,1933684,
贵州,电信,,,,,,,1808565,1818563,1898585,1904844,1918535,1933685,
贵州,电信,,,,,,,1808566,1818564,1898586,1904845,1918536,1933686,
贵州,电信,,,,,,,1808567,1818565,1898587,1904846,1918537,1933687,
贵州,电信,,,,,,,1808568,1818566,1898588,1904847,1918538,1933688,
贵州,电信,,,,,,,1808569,1818567,1898589,1904848,1918539,1933689,
贵州,电信,,,,,,,1808570,1818568,1898590,1904849,1918540,1933690,
贵州,电信,,,,,,,1808571,1818569,1898591,1904850,1918541,1933691,
贵州,电信,,,,,,,1808572,1818570,1898592,1904851,1918542,1933692,
贵州,电信,,,,,,,1808573,1818571,1898593,1904852,1918543,1933693,
贵州,电信,,,,,,,1808574,1818572,1898594,1904853,1918544,1933694,
贵州,电信,,,,,,,1808575,1818573,1898595,1904854,1918545,1933695,
贵州,电信,,,,,,,1808576,1818574,1898596,1904855,1918546,1933696,
贵州,电信,,,,,,,1808577,1818575,1898597,1904856,1918547,1933697,
贵州,电信,,,,,,,1808578,1818576,1898598,1904857,1918548,1933698,
贵州,电信,,,,,,,1808579,1818577,1898599,1904858,1918549,1933699,
贵州,电信,,,,,,,1808580,1818578,,1904859,1918550,1933850,
贵州,电信,,,,,,,1808581,1818579,,1906480,1918551,1933851,
贵州,电信,,,,,,,1808582,1818580,,1906481,1918552,1933852,
贵州,电信,,,,,,,1808583,1818581,,1906482,1918553,1933853,
贵州,电信,,,,,,,1808584,1818582,,1906483,1918554,1933854,
贵州,电信,,,,,,,1808585,1818583,,1906484,1918555,1933855,
贵州,电信,,,,,,,1808586,1818584,,1906485,1918556,1933856,
贵州,电信,,,,,,,1808587,1818585,,1906486,1918557,1933857,
贵州,电信,,,,,,,1808588,1818586,,1906487,1918558,1933858,
贵州,电信,,,,,,,1808589,1818587,,1906488,1918559,1933859,
贵州,电信,,,,,,,1808590,1818588,,1906489,1918560,1935140,
贵州,电信,,,,,,,1808591,1818589,,1906490,1918561,1935141,
贵州,电信,,,,,,,1808592,1818590,,1906491,1918562,1935142,
贵州,电信,,,,,,,1808593,1818591,,1906492,1918563,1935143,
贵州,电信,,,,,,,1808594,1818592,,1906493,1918564,1935144,
贵州,电信,,,,,,,1808595,1818593,,1906494,1918565,1935145,
贵州,电信,,,,,,,1808596,1818594,,1906495,1918566,1935146,
贵州,电信,,,,,,,1808597,1818595,,1906496,1918567,1935147,
贵州,电信,,,,,,,1808598,1818596,,1906497,1918568,1935148,
贵州,电信,,,,,,,1808599,1818597,,1906498,1918569,1935149,
贵州,电信,,,,,,,1808960,1818598,,1906499,1918570,1935860,
贵州,电信,,,,,,,1808961,1818599,,1907850,1918571,1935861,
贵州,电信,,,,,,,1808962,1818800,,1907851,1918572,1935862,
贵州,电信,,,,,,,1808963,1818801,,1907852,1918573,1935863,
贵州,电信,,,,,,,1808964,1818802,,1907853,1918574,1935864,
贵州,电信,,,,,,,1808965,1818803,,1907854,1918575,1935865,
贵州,电信,,,,,,,1808966,1818804,,1907855,1918576,1935866,
贵州,电信,,,,,,,1808967,1818805,,1907856,1918577,1935867,
贵州,电信,,,,,,,1808968,1818806,,1907857,1918578,1935868,
贵州,电信,,,,,,,1808969,1818807,,1907858,1918579,1935869,
贵州,电信,,,,,,,1809600,1818808,,1907859,1918580,1935870,
贵州,电信,,,,,,,1809601,1818809,,1907860,1918581,1935871,
贵州,电信,,,,,,,1809602,1818810,,1907861,1918582,1935872,
贵州,电信,,,,,,,1809603,1818811,,1907862,1918583,1935873,
贵州,电信,,,,,,,1809604,1818812,,1907863,1918584,1935874,
贵州,电信,,,,,,,1809605,1818813,,1907864,1918585,1935875,
贵州,电信,,,,,,,1809606,1818814,,1907865,1918586,1935876,
贵州,电信,,,,,,,1809607,1818815,,1907866,1918587,1935877,
贵州,电信,,,,,,,1809608,1818816,,1907867,1918588,1935878,
贵州,电信,,,,,,,1809609,1818817,,1907868,1918589,1935879,
贵州,电信,,,,,,,1809610,1818818,,1907869,1918590,1936364,
贵州,电信,,,,,,,1809611,1818819,,1907870,1918591,1936365,
贵州,电信,,,,,,,1809612,1818820,,1907871,1918592,1936366,
贵州,电信,,,,,,,1809613,1818821,,1907872,1918593,1938000,
贵州,电信,,,,,,,1809614,1818822,,1907873,1918594,1938001,
贵州,电信,,,,,,,1809615,1818823,,1907874,1918595,1938002,
贵州,电信,,,,,,,1809616,1818824,,1907875,1918596,1938003,
贵州,电信,,,,,,,1809617,1818825,,1907876,1918597,1938004,
贵州,电信,,,,,,,1809618,1818826,,1907877,1918598,1938005,
贵州,电信,,,,,,,1809619,1818827,,1907878,1918599,1938006,
贵州,电信,,,,,,,,1818828,,1907879,1918861,1938007,
贵州,电信,,,,,,,,1818829,,1907880,1918862,1938008,
贵州,电信,,,,,,,,1818850,,1907881,1918863,1938009,
贵州,电信,,,,,,,,1818851,,1907882,1918865,1938010,
贵州,电信,,,,,,,,1818852,,1907883,1918866,1938011,
贵州,电信,,,,,,,,1818853,,1907884,1918867,1938012,
贵州,电信,,,,,,,,1818854,,1907885,1919250,1938013,
贵州,电信,,,,,,,,1818855,,1907886,1919251,1938014,
贵州,电信,,,,,,,,1818856,,1907887,1919252,1938015,
贵州,电信,,,,,,,,1818857,,1907888,1919253,1938016,
贵州,电信,,,,,,,,1818858,,1907889,1919254,1938017,
贵州,电信,,,,,,,,1818859,,1908230,1919255,1938018,
贵州,电信,,,,,,,,1819810,,1908231,1919256,1938019,
贵州,电信,,,,,,,,1819811,,1908232,1919257,1938020,
贵州,电信,,,,,,,,1819812,,1908233,1919258,1938021,
贵州,电信,,,,,,,,1819813,,1908234,1919259,1938022,
贵州,电信,,,,,,,,1819814,,1908235,1919260,1938023,
贵州,电信,,,,,,,,1819815,,1908236,1919261,1938024,
贵州,电信,,,,,,,,1819816,,1908237,1919262,1938025,
贵州,电信,,,,,,,,1819817,,1908238,1919263,1938026,
贵州,电信,,,,,,,,1819818,,1908239,1919264,1938027,
贵州,电信,,,,,,,,1819819,,1908250,1919265,1938028,
贵州,电信,,,,,,,,1819820,,1908251,1919266,1938029,
贵州,电信,,,,,,,,1819821,,1908252,1919267,1938030,
贵州,电信,,,,,,,,1819822,,1908253,1919268,1938031,
贵州,电信,,,,,,,,1819823,,1908254,1919269,1938032,
贵州,电信,,,,,,,,1819824,,1908255,1919980,1938033,
贵州,电信,,,,,,,,1819825,,1908256,1919981,1938034,
贵州,电信,,,,,,,,1819826,,1908257,1919982,1938035,
贵州,电信,,,,,,,,1819827,,1908258,1919983,1938036,
贵州,电信,,,,,,,,1819828,,1908259,1919984,1938037,
贵州,电信,,,,,,,,1819829,,1908260,1919985,1938038,
贵州,电信,,,,,,,,1819830,,1908261,1919986,1938039,
贵州,电信,,,,,,,,1819831,,1908262,1919988,1938040,
贵州,电信,,,,,,,,1819832,,1908263,1919989,1938041,
贵州,电信,,,,,,,,1819833,,1908264,,1938042,
贵州,电信,,,,,,,,1819834,,1908265,,1938043,
贵州,电信,,,,,,,,1819835,,1908266,,1938044,
贵州,电信,,,,,,,,1819836,,1908267,,1938045,
贵州,电信,,,,,,,,1819837,,1908268,,1938046,
贵州,电信,,,,,,,,1819838,,1908269,,1938047,
贵州,电信,,,,,,,,1819839,,1908270,,1938048,
贵州,电信,,,,,,,,1819850,,1908271,,1938049,
贵州,电信,,,,,,,,1819851,,1908272,,1938430,
贵州,电信,,,,,,,,1819852,,1908273,,1938431,
贵州,电信,,,,,,,,1819853,,1908274,,1938432,
贵州,电信,,,,,,,,1819854,,1908275,,1938433,
贵州,电信,,,,,,,,1819855,,1908276,,1938434,
贵州,电信,,,,,,,,1819856,,1908277,,1938435,
贵州,电信,,,,,,,,1819857,,1908278,,1938436,
贵州,电信,,,,,,,,1819858,,1908279,,1938437,
贵州,电信,,,,,,,,1819859,,1908280,,1938438,
贵州,电信,,,,,,,,1819860,,1908281,,1938439,
贵州,电信,,,,,,,,1819861,,1908282,,1938440,
贵州,电信,,,,,,,,1819862,,1908283,,1938441,
贵州,电信,,,,,,,,1819863,,1908284,,1938442,
贵州,电信,,,,,,,,1819864,,1908285,,1938443,
贵州,电信,,,,,,,,1819865,,1908286,,1938444,
贵州,电信,,,,,,,,1819866,,1908287,,1938445,
贵州,电信,,,,,,,,1819867,,1908288,,1938446,
贵州,电信,,,,,,,,1819868,,1908289,,1938447,
贵州,电信,,,,,,,,1819869,,1908290,,1938448,
贵州,电信,,,,,,,,,,1908291,,1938449,
贵州,电信,,,,,,,,,,1908292,,1938450,
贵州,电信,,,,,,,,,,1908293,,1938451,
贵州,电信,,,,,,,,,,1908294,,1938452,
贵州,电信,,,,,,,,,,1908295,,1938453,
贵州,电信,,,,,,,,,,1908296,,1938454,
贵州,电信,,,,,,,,,,1908297,,1938455,
贵州,电信,,,,,,,,,,1908298,,1938456,
贵州,电信,,,,,,,,,,1908299,,1938457,
贵州,电信,,,,,,,,,,1908430,,1938458,
贵州,电信,,,,,,,,,,1908431,,1938459,
贵州,电信,,,,,,,,,,1908432,,1938500,
贵州,电信,,,,,,,,,,1908433,,1938501,
贵州,电信,,,,,,,,,,1908434,,1938502,
贵州,电信,,,,,,,,,,1908435,,1938503,
贵州,电信,,,,,,,,,,1908436,,1938504,
贵州,电信,,,,,,,,,,1908437,,1938505,
贵州,电信,,,,,,,,,,1908438,,1938506,
贵州,电信,,,,,,,,,,1908439,,1938507,
贵州,电信,,,,,,,,,,1908440,,1938508,
贵州,电信,,,,,,,,,,1908441,,1938509,
贵州,电信,,,,,,,,,,1908442,,1938510,
贵州,电信,,,,,,,,,,1908443,,1938511,
贵州,电信,,,,,,,,,,1908444,,1938512,
贵州,电信,,,,,,,,,,1908445,,1938513,
贵州,电信,,,,,,,,,,1908446,,1938514,
贵州,电信,,,,,,,,,,1908447,,1938515,
贵州,电信,,,,,,,,,,1908448,,1938516,
贵州,电信,,,,,,,,,,1908449,,1938517,
贵州,电信,,,,,,,,,,1908450,,1938518,
贵州,电信,,,,,,,,,,1908451,,1938519,
贵州,电信,,,,,,,,,,1908452,,1938520,
贵州,电信,,,,,,,,,,1908453,,1938521,
贵州,电信,,,,,,,,,,1908454,,1938522,
贵州,电信,,,,,,,,,,1908455,,1938523,
贵州,电信,,,,,,,,,,1908456,,1938524,
贵州,电信,,,,,,,,,,1908457,,1938525,
贵州,电信,,,,,,,,,,1908458,,1938526,
贵州,电信,,,,,,,,,,1908459,,1938527,
贵州,电信,,,,,,,,,,1908500,,1938528,
贵州,电信,,,,,,,,,,1908501,,1938529,
贵州,电信,,,,,,,,,,1908502,,1938530,
贵州,电信,,,,,,,,,,1908503,,1938531,
贵州,电信,,,,,,,,,,1908504,,1938532,
贵州,电信,,,,,,,,,,1908505,,1938533,
贵州,电信,,,,,,,,,,1908506,,1938534,
贵州,电信,,,,,,,,,,1908507,,1938535,
贵州,电信,,,,,,,,,,1908508,,1938536,
贵州,电信,,,,,,,,,,1908509,,1938537,
贵州,电信,,,,,,,,,,1908510,,1938538,
贵州,电信,,,,,,,,,,1908511,,1938539,
贵州,电信,,,,,,,,,,1908512,,1938540,
贵州,电信,,,,,,,,,,1908513,,1938541,
贵州,电信,,,,,,,,,,1908514,,1938542,
贵州,电信,,,,,,,,,,1908515,,1938543,
贵州,电信,,,,,,,,,,1908516,,1938544,
贵州,电信,,,,,,,,,,1908517,,1938545,
贵州,电信,,,,,,,,,,1908518,,1938546,
贵州,电信,,,,,,,,,,1908519,,1938547,
贵州,电信,,,,,,,,,,1908520,,1938548,
贵州,电信,,,,,,,,,,1908521,,1938549,
贵州,电信,,,,,,,,,,1908522,,1938550,
贵州,电信,,,,,,,,,,1908523,,1938551,
贵州,电信,,,,,,,,,,1908524,,1938552,
贵州,电信,,,,,,,,,,1908525,,1938553,
贵州,电信,,,,,,,,,,1908526,,1938554,
贵州,电信,,,,,,,,,,1908527,,1938555,
贵州,电信,,,,,,,,,,1908528,,1938556,
贵州,电信,,,,,,,,,,1908529,,1938557,
贵州,电信,,,,,,,,,,1908530,,1938558,
贵州,电信,,,,,,,,,,1908531,,1938559,
贵州,电信,,,,,,,,,,1908532,,1938560,
贵州,电信,,,,,,,,,,1908533,,1938561,
贵州,电信,,,,,,,,,,1908534,,1938562,
贵州,电信,,,,,,,,,,1908535,,1938563,
贵州,电信,,,,,,,,,,1908536,,1938564,
贵州,电信,,,,,,,,,,1908537,,1938565,
贵州,电信,,,,,,,,,,1908538,,1938566,
贵州,电信,,,,,,,,,,1908539,,1938567,
贵州,电信,,,,,,,,,,1908540,,1938568,
贵州,电信,,,,,,,,,,1908541,,1938569,
贵州,电信,,,,,,,,,,1908542,,1938570,
贵州,电信,,,,,,,,,,1908543,,1938571,
贵州,电信,,,,,,,,,,1908544,,1938572,
贵州,电信,,,,,,,,,,1908545,,1938573,
贵州,电信,,,,,,,,,,1908546,,1938574,
贵州,电信,,,,,,,,,,1908547,,1938575,
贵州,电信,,,,,,,,,,1908548,,1938576,
贵州,电信,,,,,,,,,,1908549,,1938577,
贵州,电信,,,,,,,,,,1908560,,1938578,
贵州,电信,,,,,,,,,,1908561,,1938579,
贵州,电信,,,,,,,,,,1908562,,1938580,
贵州,电信,,,,,,,,,,1908563,,1938581,
贵州,电信,,,,,,,,,,1908564,,1938582,
贵州,电信,,,,,,,,,,1908565,,1938583,
贵州,电信,,,,,,,,,,1908566,,1938584,
贵州,电信,,,,,,,,,,1908567,,1938585,
贵州,电信,,,,,,,,,,1908568,,1938586,
贵州,电信,,,,,,,,,,1908569,,1938587,
贵州,电信,,,,,,,,,,1908570,,1938588,
贵州,电信,,,,,,,,,,1908571,,1938589,
贵州,电信,,,,,,,,,,1908572,,1938590,
贵州,电信,,,,,,,,,,1908573,,1938591,
贵州,电信,,,,,,,,,,1908574,,1938592,
贵州,电信,,,,,,,,,,1908575,,1938593,
贵州,电信,,,,,,,,,,1908576,,1938594,
贵州,电信,,,,,,,,,,1908577,,1938595,
贵州,电信,,,,,,,,,,1908578,,1938596,
贵州,电信,,,,,,,,,,1908579,,1938597,
贵州,电信,,,,,,,,,,1908580,,1938598,
贵州,电信,,,,,,,,,,1908581,,1938599,
贵州,电信,,,,,,,,,,1908582,,1939100,
贵州,电信,,,,,,,,,,1908583,,1939101,
贵州,电信,,,,,,,,,,1908584,,1939102,
贵州,电信,,,,,,,,,,1908585,,1939103,
贵州,电信,,,,,,,,,,1908586,,1939104,
贵州,电信,,,,,,,,,,1908587,,1939105,
贵州,电信,,,,,,,,,,1908588,,1939106,
贵州,电信,,,,,,,,,,1908589,,1939107,
贵州,电信,,,,,,,,,,1908590,,1939108,
贵州,电信,,,,,,,,,,1908591,,1939109,
贵州,电信,,,,,,,,,,1908592,,1939110,
贵州,电信,,,,,,,,,,1908593,,1939111,
贵州,电信,,,,,,,,,,1908594,,1939112,
贵州,电信,,,,,,,,,,1908595,,1939113,
贵州,电信,,,,,,,,,,1908596,,1939114,
贵州,电信,,,,,,,,,,1908597,,1939115,
贵州,电信,,,,,,,,,,1908598,,1939116,
贵州,电信,,,,,,,,,,1908599,,1939117,
贵州,电信,,,,,,,,,,,,1939118,
贵州,电信,,,,,,,,,,,,1939119,
贵州,电信,,,,,,,,,,,,1939120,
贵州,电信,,,,,,,,,,,,1939121,
贵州,电信,,,,,,,,,,,,1939122,
贵州,电信,,,,,,,,,,,,1939123,
贵州,电信,,,,,,,,,,,,1939124,
贵州,电信,,,,,,,,,,,,1939125,
贵州,电信,,,,,,,,,,,,1939126,
贵州,电信,,,,,,,,,,,,1939127,
贵州,电信,,,,,,,,,,,,1939128,
贵州,电信,,,,,,,,,,,,1939129,
贵州,电信,,,,,,,,,,,,1939130,
贵州,电信,,,,,,,,,,,,1939131,
贵州,电信,,,,,,,,,,,,1939132,
贵州,电信,,,,,,,,,,,,1939133,
贵州,电信,,,,,,,,,,,,1939134,
贵州,电信,,,,,,,,,,,,1939135,
贵州,电信,,,,,,,,,,,,1939136,
贵州,电信,,,,,,,,,,,,1939137,
贵州,电信,,,,,,,,,,,,1939138,
贵州,电信,,,,,,,,,,,,1939139,
贵州,电信,,,,,,,,,,,,1939170,
贵州,电信,,,,,,,,,,,,1939171,
贵州,电信,,,,,,,,,,,,1939172,
贵州,电信,,,,,,,,,,,,1939173,
贵州,电信,,,,,,,,,,,,1939174,
贵州,电信,,,,,,,,,,,,1939175,
贵州,电信,,,,,,,,,,,,1939176,
贵州,电信,,,,,,,,,,,,1939177,
贵州,电信,,,,,,,,,,,,1939178,
贵州,电信,,,,,,,,,,,,1939179,
贵州,电信,,,,,,,,,,,,1939500,
贵州,电信,,,,,,,,,,,,1939501,
贵州,电信,,,,,,,,,,,,1939502,
贵州,电信,,,,,,,,,,,,1939503,
贵州,电信,,,,,,,,,,,,1939504,
贵州,电信,,,,,,,,,,,,1939505,
贵州,电信,,,,,,,,,,,,1939506,
贵州,电信,,,,,,,,,,,,1939507,
贵州,电信,,,,,,,,,,,,1939508,
贵州,电信,,,,,,,,,,,,1939509,
贵州,电信,,,,,,,,,,,,1939520,
贵州,电信,,,,,,,,,,,,1939521,
贵州,电信,,,,,,,,,,,,1939522,
贵州,电信,,,,,,,,,,,,1939523,
贵州,电信,,,,,,,,,,,,1939524,
贵州,电信,,,,,,,,,,,,1939525,
贵州,电信,,,,,,,,,,,,1939526,
贵州,电信,,,,,,,,,,,,1939527,
贵州,电信,,,,,,,,,,,,1939528,
贵州,电信,,,,,,,,,,,,1939529,
贵州,电信,,,,,,,,,,,,1939530,
贵州,电信,,,,,,,,,,,,1939531,
贵州,电信,,,,,,,,,,,,1939532,
贵州,电信,,,,,,,,,,,,1939533,
贵州,电信,,,,,,,,,,,,1939534,
贵州,电信,,,,,,,,,,,,1939535,
贵州,电信,,,,,,,,,,,,1939536,
贵州,电信,,,,,,,,,,,,1939537,
贵州,电信,,,,,,,,,,,,1939538,
贵州,电信,,,,,,,,,,,,1939539,
贵州,电信,,,,,,,,,,,,1939610,
贵州,电信,,,,,,,,,,,,1939611,
贵州,电信,,,,,,,,,,,,1939612,
贵州,电信,,,,,,,,,,,,1939613,
贵州,电信,,,,,,,,,,,,1939614,
贵州,电信,,,,,,,,,,,,1939615,
贵州,电信,,,,,,,,,,,,1939616,
贵州,电信,,,,,,,,,,,,1939617,
贵州,电信,,,,,,,,,,,,1939618,
贵州,电信,,,,,,,,,,,,1939619,
贵州,电信,,,,,,,,,,,,1939840,
贵州,电信,,,,,,,,,,,,1939841,
贵州,电信,,,,,,,,,,,,1939842,
贵州,电信,,,,,,,,,,,,1939843,
贵州,电信,,,,,,,,,,,,1939844,
贵州,电信,,,,,,,,,,,,1939845,
贵州,电信,,,,,,,,,,,,1939846,
贵州,电信,,,,,,,,,,,,1939847,
贵州,电信,,,,,,,,,,,,1939848,
贵州,电信,,,,,,,,,,,,1939849,
