省份,运营商,135 号段,136 号段,137 号段,138 号段,139 号段,147 号段,148 号段,150 号段,151 号段,152 号段,157 号段,158 号段,159 号段,165 号段,170 号段,172 号段,178 号段,182 号段,183 号段,184 号段,187 号段,188 号段,195 号段,197 号段,198 号段
贵州,移动,1350850,1360850,1370850,1380085,1390008,1470850,1482440,1500850,1510850,1520850,1570850,1580850,1590250,1650156,1700820,1720840,1780840,1820840,1830080,1840030,1870240,1880850,1950490,1970851,1980840
贵州,移动,1350851,1360851,1370851,1380940,1390850,1470851,1482441,1500851,1510851,1520851,1570851,1580851,1590251,1650157,1700821,1720841,1780841,1820841,1830081,1840031,1870241,1880851,1950491,1970852,1980841
贵州,移动,1350852,1360852,1370852,1380941,1390851,1470852,1482442,1500852,1510852,1520852,1570852,1580852,1590252,1650158,1700822,1720842,1780842,1820842,1830082,1840032,1870242,1880852,1950492,1970853,1980842
贵州,移动,1350853,1360853,1370853,1380942,1390852,1470853,1482443,1500853,1510853,1520853,1570853,1580853,1590253,1650159,1700840,1720843,1780843,1820843,1830083,1840033,1870243,1880853,1950493,1970854,1980843
贵州,移动,1350854,1360854,1370854,1380943,1390853,1470854,1482444,1500854,1510854,1520854,1570854,1580854,1590254,1650385,1700841,1720844,1780844,1820844,1830084,1840034,1870244,1880854,1950494,1970855,1980844
贵州,移动,1350855,1360855,1370855,1380944,1390854,1470855,1485113,1500855,1510855,1520855,1570855,1580855,1590255,1650643,1700850,1720845,1780845,1820845,1830085,1840039,1870245,1880855,1950495,1970856,1980845
贵州,移动,1350856,1360856,1370856,1380945,1390855,1470856,,1500856,1510856,1520856,1570856,1580856,1590256,1650651,1700851,1720846,1780846,1820846,1830086,1840850,1870246,1880856,1950496,1970857,1980846
贵州,移动,1350857,1360857,1370857,1380946,1390856,1470857,,1500857,1510857,1520857,1570857,1580857,1590257,1650652,1700852,1720847,1780847,1820847,1830087,1840851,1870247,1880857,1950497,1970858,1980847
贵州,移动,1350858,1360858,1370858,1380947,1390857,1470858,,1500858,1510858,1520858,1570858,1580858,1590258,1650658,1700853,1720848,1780848,1820848,1830088,1840852,1870248,1880858,1950498,1970859,1980848
贵州,移动,1350859,1360859,1370859,1380948,1390858,1470859,,1500859,1510859,1520859,1570859,1580859,1590259,1650667,1700854,1720849,1780849,1820849,1830089,1840853,1870249,1880859,1950499,1971085,1980849
贵州,移动,1351180,1361850,1372150,1380949,1390859,1470860,,1508500,1511730,1520860,1570860,1587010,1590260,1650669,1700855,1720850,1780850,1820850,1830090,1840854,1870850,1884850,1950850,1971851,1980850
贵州,移动,1351181,1361851,1372151,1388500,1398400,1470861,,1508501,1511731,1520861,1570861,1587011,1590261,1650802,1700856,1720851,1780851,1820851,1830091,1840855,1870851,1884851,1950851,1971852,1980851
贵州,移动,1351182,1361852,1372152,1388501,1398401,1470862,,1508502,1511732,1520862,1570862,1587012,1590262,1650803,1700857,1720852,1780852,1820852,1830092,1840856,1870852,1884852,1950852,1971853,1980852
贵州,移动,1351183,1361853,1372153,1388502,1398402,1470863,,1508503,1511733,1520863,1570863,1587013,1590263,1650804,1700858,1720853,1780853,1820853,1830093,1840857,1870853,1884853,1950853,1971854,1980853
贵州,移动,1351184,1361854,1372154,1388503,1398403,1470864,,1508504,1511734,1520864,1570864,1587014,1590264,1650805,1700859,1720854,1780854,1820854,1830094,1840858,1870854,1884854,1950854,1971855,1980854
贵州,移动,1351185,1361855,1372155,1388504,1398404,1470865,,1508505,1511735,1520865,1570865,1587015,1590265,1650806,1701848,1720855,1780855,1820855,1830095,1840859,1870855,1884855,1950855,1971856,1980855
贵州,移动,1351186,1361856,1372156,1388505,1398405,1470866,,1508506,1511736,1520866,1570866,1587016,1590266,1650807,1701849,1720856,1780856,1820856,1830096,1846750,1870856,1884856,1950856,1971857,1980856
贵州,移动,1351187,1361857,1372157,1388506,1398406,1470867,,1508507,1511737,1520867,1570867,1587017,1590267,1650809,1701850,1720857,1780857,1820857,1830097,1846751,1870857,1884857,1950857,1971858,1980857
贵州,移动,1351188,1361858,1372158,1388507,1398407,1470868,,1508508,1511738,1520868,1570868,1587018,1590268,1650810,1701851,1720858,1780858,1820858,1830098,1846752,1870858,1884858,1950858,1971859,1980858
贵州,移动,1351189,1361859,1372159,1388508,1398408,1470869,,1508509,1511739,1520869,1570869,1587019,1590269,1650851,1701852,1720859,1780859,1820859,1830099,1846753,1870859,1884859,1950859,1972085,1980859
贵州,移动,1351190,1362850,1376500,1388509,1398409,1472740,,1508510,1511740,1528460,1571850,1587020,1590850,1650852,1701853,1720860,1780860,1820860,1830250,1846754,1870860,1884860,1951450,1972206,1980860
贵州,移动,1351191,1362851,1376501,1388510,1398410,1472741,,1508511,1511741,1528461,1571851,1587021,1590851,1650855,1701854,1720861,1780861,1820861,1830251,1846755,1870861,1884861,1951451,1972207,1980861
贵州,移动,1351192,1362852,1376502,1388511,1398411,1472742,,1508512,1511742,1528462,1571852,1587022,1590852,1650857,1701855,1720862,1780862,1820862,1830252,1846756,1870862,1884862,1951452,1972208,1980862
贵州,移动,1351193,1362853,1376503,1388512,1398412,1472743,,1508513,1511743,1528463,1571853,1587023,1590853,1651082,1701856,1720863,1780863,1820863,1830253,1846757,1870863,1884863,1951453,1972209,1980863
贵州,移动,1351194,1362854,1376504,1388513,1398413,1472744,,1508514,1511744,1528464,1571854,1587024,1590854,1651712,1701857,1720864,1780864,1820864,1830254,1846758,1870864,1884864,1951454,1972210,1980864
贵州,移动,1351195,1362855,1376505,1388514,1398414,1472745,,1508515,1511745,1528465,1571855,1587025,1590855,1651851,1701858,1720865,1780865,1820865,1830255,1846759,1870865,1884865,1951455,1972211,1980865
贵州,移动,1351196,1362856,1376506,1388515,1398415,1472746,,1508516,1511746,1528466,1571856,1587026,1590856,1651852,1701859,1720866,1780866,1820866,1830256,1846760,1870866,1884866,1951456,1972212,1980866
贵州,移动,1351197,1362857,1376507,1388516,1398416,1472747,,1508517,1511747,1528467,1571857,1587027,1590857,1651853,1701860,1720867,1780867,1820867,1830257,1846761,1870867,1884867,1951457,1972213,1980867
贵州,移动,1351198,1362858,1376508,1388517,1398417,1472748,,1508518,1511748,1528468,1571858,1587028,1590858,1651854,1701861,1720868,1780868,1820868,1830258,1846762,1870868,1884868,1951458,1972214,1980868
贵州,移动,1351199,1362859,1376509,1388518,1398418,1472749,,1508519,1511749,1528469,1571859,1587029,1590859,1651855,1701862,1720869,1780869,1820869,1830259,1846763,1870869,1884869,1951459,1972215,1980869
贵州,移动,1351850,1363800,1376510,1388519,1398419,1472750,,1508520,1511750,1528500,1571860,1587030,1593460,1651856,1701863,1720870,1782280,1820980,1830260,1846764,1872270,1888490,1952281,1972216,1981529
贵州,移动,1351851,1363801,1376511,1388520,1398420,1472751,,1508521,1511751,1528501,1571861,1587031,1593461,1651857,1701864,1720871,1782281,1820981,1830261,1846765,1872271,1888491,1952282,1972217,1981530
贵州,移动,1351852,1363802,1376512,1388521,1398421,1472752,,1508522,1511752,1528502,1571862,1587032,1593462,1651859,1701865,1720872,1782282,1820982,1830262,1846766,1872272,1888492,1952283,1972309,1981531
贵州,移动,1351853,1363803,1376513,1388522,1398422,1472753,,1508523,1511753,1528503,1571863,1587033,1593463,1652017,1701866,1720873,1782283,1820983,1830263,1846767,1872273,1888493,1952284,1972320,1981532
贵州,移动,1351854,1363804,1376514,1388523,1398423,1472754,,1508524,1511754,1528504,1571864,1587034,1593464,1652054,1701867,1720874,1782284,1820984,1830264,1846768,1872274,1888494,1952285,1972321,1981533
贵州,移动,1351855,1363805,1376515,1388524,1398424,1472755,,1508525,1511755,1528505,1571865,1587035,1593465,1652596,1701868,1720875,1782285,1820985,1830265,1846769,1872275,1888495,1952286,1972322,1981534
贵州,移动,1351856,1363806,1376516,1388525,1398425,1472756,,1508526,1511756,1528506,1571866,1587036,1593466,1652609,1701869,1720876,1782286,1820986,1830266,1846770,1872276,1888496,1952287,1972323,1981535
贵州,移动,1351857,1363807,1376517,1388526,1398426,1472757,,1508527,1511757,1528507,1571867,1587037,1593467,1652612,1701870,1720877,1782287,1820987,1830267,1846771,1872277,1888497,1952288,1972325,1981536
贵州,移动,1351858,1363808,1376518,1388527,1398427,1472758,,1508528,1511758,1528508,1571868,1587038,1593468,1652613,1701871,1720878,1782288,1820988,1830268,1846772,1872278,1888498,1952289,1972326,1981537
贵州,移动,1351859,1363809,1376519,1388528,1398428,1472759,,1508529,1511759,1528509,1571869,1587039,1593469,1652627,1701872,1720879,1782289,1820989,1830269,1846773,1872279,1888499,1952290,1972327,1981660
贵州,移动,1359500,1363810,1376520,1388529,1398429,1472760,,1508530,1511760,1528510,1572170,1588500,1593470,1652732,1701873,1720880,1784400,1821200,1830850,1846774,1872280,1888500,1952449,1972328,1981661
贵州,移动,1359501,1363811,1376521,1388530,1398430,1472761,,1508531,1511761,1528511,1572171,1588501,1593471,1652780,1701874,1720881,1784401,1821201,1830851,1846775,1872281,1888501,1952450,1972329,1981662
贵州,移动,1359502,1363812,1376522,1388531,1398431,1472762,,1508532,1511762,1528512,1572172,1588502,1593472,1652781,1701875,1720882,1784402,1821202,1830852,1846776,1872282,1888502,1952452,1972360,1981663
贵州,移动,1359503,1363813,1376523,1388532,1398432,1472763,,1508533,1511763,1528513,1572173,1588503,1593473,1652782,1701876,1720883,1784403,1821203,1830853,1846777,1872283,1888503,1952453,1972361,1981664
贵州,移动,1359504,1363814,1376524,1388533,1398433,1472764,,1508534,1511764,1528514,1572174,1588504,1593474,1652783,1701877,1720884,1784404,1821204,1830854,1846778,1872284,1888504,1952454,1972362,1981665
贵州,移动,1359505,1363815,1376525,1388534,1398434,1472765,,1508535,1511765,1528515,1572175,1588505,1593475,1652785,1701878,1720885,1784405,1821205,1830855,1846779,1872285,1888505,1952455,1972363,1981666
贵州,移动,1359506,1363816,1376526,1388535,1398435,1472766,,1508536,1511766,1528516,1572176,1588506,1593476,1652786,1701879,1720886,1784406,1821206,1830856,1846780,1872286,1888506,1952456,1972365,1981667
贵州,移动,1359507,1363817,1376527,1388536,1398436,1472767,,1508537,1511767,1528517,1572177,1588507,1593477,1652787,1701880,1720887,1784407,1821207,1830857,1846781,1872287,1888507,1952457,1972366,1981668
贵州,移动,1359508,1363818,1376528,1388537,1398437,1472768,,1508538,1511768,1528518,1572178,1588508,1593478,1652790,1701881,1720888,1784408,1821208,1830858,1846782,1872288,1888508,1952543,1972367,1981669
贵州,移动,1359509,1363819,1376529,1388538,1398438,1472769,,1508539,1511769,1528519,1572179,1588509,1593479,1652791,1701882,1720889,1784409,1821209,1830859,1846783,1872289,1888509,1952753,1972368,1981670
贵州,移动,1359510,1363850,1376530,1388539,1398439,1472850,,1508540,1511770,1528520,1572210,1588510,1598500,1652792,1702850,1721110,1784410,1821210,1830860,1846784,1872290,1888510,1952758,1972369,1981671
贵州,移动,1359511,1363851,1376531,1388540,1398440,1472851,,1508541,1511771,1528521,1572211,1588511,1598501,1652793,1702851,1721111,1784411,1821211,1830861,1846785,1872291,1888511,1952851,1972380,1981672
贵州,移动,1359512,1363852,1376532,1388541,1398441,1472852,,1508542,1511772,1528522,1572212,1588512,1598502,1652795,1702852,1721112,1784412,1821212,1830862,1846786,1872292,1888512,1952852,1972381,1981673
贵州,移动,1359513,1363853,1376533,1388542,1398442,1472853,,1508543,1511773,1528523,1572213,1588513,1598503,1652796,1702853,1721113,1784413,1821213,1830863,1846787,1872293,1888513,1952853,1972456,1981674
贵州,移动,1359514,1363854,1376534,1388543,1398443,1472854,,1508544,1511774,1528524,1572214,1588514,1598504,1652797,1702854,1721114,1784414,1821214,1830864,1846788,1872294,1888514,1952854,1972457,1981675
贵州,移动,1359515,1363855,1376535,1388544,1398444,1472855,,1508545,1511775,1528525,1572215,1588515,1598505,1652798,1702855,1724355,1784415,1821215,1830865,1846789,1872295,1888515,1952855,1972458,1981676
贵州,移动,1359516,1363856,1376536,1388545,1398445,1472856,,1508546,1511776,1528526,1572216,1588516,1598506,1652801,1702856,1724356,1784416,1821216,1830866,1846790,1872296,1888516,1952856,1972459,1981677
贵州,移动,1359517,1363857,1376537,1388546,1398446,1472857,,1508547,1511777,1528527,1572217,1588517,1598507,1652802,1702857,1724357,1784417,1821217,1830867,1846791,1872297,1888517,1952857,1972460,1981678
贵州,移动,1359518,1363858,1376538,1388547,1398447,1472858,,1508548,1511778,1528528,1572218,1588518,1598508,1652803,1702858,1724358,1784418,1821218,1830868,1846792,1872298,1888518,1952858,1972461,1981679
贵州,移动,1359519,1363859,1376539,1388548,1398448,1472859,,1508549,1511779,1528529,1572219,1588519,1598509,1652805,1702859,1726229,1784419,1821219,1830869,1846793,1872299,1888519,1952859,1972462,1984030
贵州,移动,1359520,1363900,1376540,1388549,1398449,1472860,,1508550,1511780,1528530,1576100,1588520,1598510,1652806,1703563,1726230,1784420,1821220,1831150,1846794,1874470,1888520,1953109,1972463,1984031
贵州,移动,1359521,1363901,1376541,1388550,1398450,1472861,,1508551,1511781,1528531,1576101,1588521,1598511,1652807,1703564,1726231,1784421,1821221,1831151,1846795,1874471,1888521,1953205,1972464,1984032
贵州,移动,1359522,1363902,1376542,1388551,1398451,1472862,,1508552,1511782,1528532,1576102,1588522,1598512,1652808,1703565,1726232,1784422,1821222,1831152,1846796,1874472,1888522,1953272,1972465,1984033
贵州,移动,1359523,1363903,1376543,1388552,1398452,1472863,,1508553,1511783,1528533,1576103,1588523,1598513,1653409,1703566,1726233,1784423,1821223,1831153,1846797,1874473,1888523,1953345,1972466,1984034
贵州,移动,1359524,1363904,1376544,1388553,1398453,1472864,,1508554,1511784,1528534,1576104,1588524,1598514,1653742,1703567,1726234,1784424,1821224,1831154,1846798,1874474,1888524,1953408,1972467,1984035
贵州,移动,1359525,1363905,1376545,1388554,1398454,1472865,,1508555,1511785,1528535,1576105,1588525,1598515,1653912,1705034,1726235,1784425,1821225,1831155,1846799,1874475,1888525,1953457,1972468,1984036
贵州,移动,1359526,1363906,1376546,1388555,1398455,1472866,,1508556,1511786,1528536,1576106,1588526,1598516,1654078,1705207,1726236,1784426,1821226,1831156,1848030,1874476,1888526,1953458,1972469,1984037
贵州,移动,1359527,1363907,1376547,1388556,1398456,1472867,,1508557,1511787,1528537,1576107,1588527,1598517,1654085,1705397,1726237,1784427,1821227,1831157,1848400,1874477,1888527,1953459,1972470,1984038
贵州,移动,1359528,1363908,1376548,1388557,1398457,1472868,,1508558,1511788,1528538,1576108,1588528,1598518,1654154,1705545,1727656,1784428,1821228,1831158,1848401,1874478,1888528,1953482,1972471,1984039
贵州,移动,1359529,1363909,1376549,1388558,1398458,1472869,,1508559,1511789,1528539,1576109,1588529,1598519,1654243,1705581,1727866,1784429,1821229,1831159,1848402,1874479,1888529,1953541,1972472,1984040
贵州,移动,1359530,1363910,1376550,1388559,1398459,1472870,,1508560,1512010,1528540,1576110,1588530,1598520,1654280,1705633,1727952,1784430,1821230,1831160,1848403,1874480,1888530,1953561,1972473,1984041
贵州,移动,1359531,1363911,1376551,1388560,1398460,1472871,,1508561,1512011,1528541,1576111,1588531,1598521,1654281,1705790,1727953,1784431,1821231,1831161,1848404,1874481,1888531,1953562,1972661,1984042
贵州,移动,1359532,1363912,1376552,1388561,1398461,1472872,,1508562,1512012,1528542,1576112,1588532,1598522,1654282,1706488,1727956,1784432,1821232,1831162,1848405,1874482,1888532,1953563,1972662,1984043
贵州,移动,1359533,1363913,1376553,1388562,1398462,1472873,,1508563,1512013,1528543,1576113,1588533,1598523,1654283,1706489,1727957,1784433,1821233,1831163,1848406,1874483,1888533,1953565,1972663,1984044
贵州,移动,1359534,1363914,1376554,1388563,1398463,1472874,,1508564,1512014,1528544,1576114,1588534,1598524,1654285,1706490,1727958,1784434,1821234,1831164,1848407,1874484,1888534,1953567,1972851,1984045
贵州,移动,1359535,1363915,1376555,1388564,1398464,1472875,,1508565,1512015,1528545,1576115,1588535,1598525,1654286,1706491,1728168,1784435,1821235,1831165,1848408,1874485,1888535,1953614,1972852,1984046
贵州,移动,1359536,1363916,1376556,1388565,1398465,1472876,,1508566,1512016,1528546,1576116,1588536,1598526,1654287,1706492,1728500,1784436,1821236,1831166,1848409,1874486,1888536,1953890,1972853,1984047
贵州,移动,1359537,1363917,1376557,1388566,1398466,1472877,,1508567,1512017,1528547,1576117,1588537,1598527,1654289,1706493,1728501,1784437,1821237,1831167,1848410,1874487,1888537,1953891,1972854,1984048
贵州,移动,1359538,1363918,1376558,1388567,1398467,1472878,,1508568,1512018,1528548,1576118,1588538,1598528,1654484,1706494,1728502,1784438,1821238,1831168,1848411,1874488,1888538,1953895,1972855,1984049
贵州,移动,1359539,1363919,1376559,1388568,1398468,1472879,,1508569,1512019,1528549,1576119,1588539,1598529,1655919,1706495,1728503,1784439,1821239,1831169,1848412,1874489,1888539,1953929,1972856,1988500
贵州,移动,1359540,1363920,1376560,1388569,1398469,1476575,,1508570,1512020,1528550,1576120,1588540,1598530,1656951,1706496,1728504,1784850,1821240,1831170,1848413,1874490,1888540,1953931,1972857,1988501
贵州,移动,1359541,1363921,1376561,1388570,1398470,1478500,,1508571,1512021,1528551,1576121,1588541,1598531,1657132,1706497,1728505,1784851,1821241,1831171,1848414,1874491,1888541,1953973,1972858,1988502
贵州,移动,1359542,1363922,1376562,1388571,1398471,1478501,,1508572,1512022,1528552,1576122,1588542,1598532,1658075,1706498,1728506,1784852,1821242,1831172,1848415,1874492,1888542,1953975,1972859,1988503
贵州,移动,1359543,1363923,1376563,1388572,1398472,1478502,,1508573,1512023,1528553,1576123,1588543,1598533,1658239,1706499,1728507,1784853,1821243,1831173,1848416,1874493,1888543,1956690,1973730,1988504
贵州,移动,1359544,1363924,1376564,1388573,1398473,1478503,,1508574,1512024,1528554,1576124,1588544,1598534,1658294,1706500,1728508,1784854,1821244,1831174,1848417,1874494,1888544,1956691,1973731,1988505
贵州,移动,1359545,1363925,1376565,1388574,1398474,1478504,,1508575,1512025,1528555,1576125,1588545,1598535,1658390,1706501,1728509,1784855,1821245,1831175,1848418,1874495,1888545,1956692,1973732,1988506
贵州,移动,1359546,1363926,1376566,1388575,1398475,1478505,,1508576,1512026,1528556,1576126,1588546,1598536,1658393,1706502,1728510,1784856,1821246,1831176,1848419,1874496,1888546,1956693,1973733,1988507
贵州,移动,1359547,1363927,1376567,1388576,1398476,1478506,,1508577,1512027,1528557,1576127,1588547,1598537,1658466,1706503,1728511,1784857,1821247,1831177,1848420,1874497,1888547,1956694,1973734,1988508
贵州,移动,1359548,1363928,1376568,1388577,1398477,1478507,,1508578,1512028,1528558,1576128,1588548,1598538,1658503,1707850,1728512,1784858,1821248,1831178,1848421,1874498,1888548,1956695,1973735,1988509
贵州,移动,1359549,1363929,1376569,1388578,1398478,1478508,,1508579,1512029,1528559,1576129,1588549,1598539,1658517,1707851,1728513,1784859,1821249,1831179,1848422,1874499,1888549,1956696,1973736,1988510
贵州,移动,1359550,1364850,1376570,1388579,1398479,1478509,,1508580,1512030,1528560,1576130,1588550,1598540,1658519,1707852,1728514,1788090,1821250,1831180,1848423,1874850,1888550,1956697,1973737,1988511
贵州,移动,1359551,1364851,1376571,1388580,1398480,1478510,,1508581,1512031,1528561,1576131,1588551,1598541,1658540,1707853,1728515,1788091,1821251,1831181,1848424,1874851,1888551,1956698,1973738,1988512
贵州,移动,1359552,1364852,1376572,1388581,1398481,1478511,,1508582,1512032,1528562,1576132,1588552,1598542,1658543,1707854,1728516,1788092,1821252,1831182,1848425,1874852,1888552,1956699,1973739,1988513
贵州,移动,1359553,1364853,1376573,1388582,1398482,1478512,,1508583,1512033,1528563,1576133,1588553,1598543,1658561,1707855,1728517,1788093,1821253,1831183,1848426,1874853,1888553,1957080,1973860,1988514
贵州,移动,1359554,1364854,1376574,1388583,1398483,1478513,,1508584,1512034,1528564,1576134,1588554,1598544,1658562,1707856,1728518,1788094,1821254,1831184,1848427,1874854,1888554,1957081,1973861,1988515
贵州,移动,1359555,1364855,1376575,1388584,1398484,1478514,,1508585,1512035,1528565,1576135,1588555,1598545,1658699,1707857,1728519,1788095,1821255,1831185,1848428,1874855,1888555,1957082,1973862,1988516
贵州,移动,1359556,1364856,1376576,1388585,1398485,1478515,,1508586,1512036,1528566,1576136,1588556,1598546,1658702,1707858,1728520,1788096,1821256,1831186,1848429,1874856,1888556,1957083,1973863,1988517
贵州,移动,1359557,1364857,1376577,1388586,1398486,1478516,,1508587,1512037,1528567,1576137,1588557,1598547,1658703,1707859,1728521,1788097,1821257,1831187,1848430,1874857,1888557,1957084,1973864,1988518
贵州,移动,1359558,1364858,1376578,1388587,1398487,1478517,,1508588,1512038,1528568,1576138,1588558,1598548,1658710,1708850,1728522,1788098,1821258,1831188,1848431,1874858,1888558,1957085,1973865,1988519
贵州,移动,1359559,1364859,1376579,1388588,1398488,1478518,,1508589,1512039,1528569,1576139,1588559,1598549,1658748,1708851,1728523,1788099,1821259,1831189,1848432,1874859,1888559,1957086,1973866,1988520
贵州,移动,1359560,1365850,1376580,1388589,1398489,1478519,,1508590,1512120,1528570,1576140,1588560,1598550,1658749,1708852,1728524,1788500,1821260,1831190,1848433,1874860,1888560,1957087,1973867,1988521
贵州,移动,1359561,1365851,1376581,1388590,1398490,1478520,,1508591,1512121,1528571,1576141,1588561,1598551,1658782,1708853,1728525,1788501,1821261,1831191,1848434,1874861,1888561,1957088,1973868,1988522
贵州,移动,1359562,1365852,1376582,1388591,1398491,1478521,,1508592,1512122,1528572,1576142,1588562,1598552,1658785,1708854,1728526,1788502,1821262,1831192,1848435,1874862,1888562,1957089,1973869,1988523
贵州,移动,1359563,1365853,1376583,1388592,1398492,1478522,,1508593,1512123,1528573,1576143,1588563,1598553,1658805,1708855,1728527,1788503,1821263,1831193,1848436,1874863,1888563,1958110,1973870,1988524
贵州,移动,1359564,1365854,1376584,1388593,1398493,1478523,,1508594,1512124,1528574,1576144,1588564,1598554,1658844,1708856,1728528,1788504,1821264,1831194,1848437,1874864,1888564,1958111,1973871,1988525
贵州,移动,1359565,1365855,1376585,1388594,1398494,1478524,,1508595,1512125,1528575,1576145,1588565,1598555,1658852,1708857,1728529,1788505,1821265,1831195,1848438,1874865,1888565,1958112,1973872,1988526
贵州,移动,1359566,1365856,1376586,1388595,1398495,1478525,,1508596,1512126,1528576,1576146,1588566,1598556,1659023,1708858,1728530,1788506,1821266,1831196,1848439,1874866,1888566,1958113,1973873,1988527
贵州,移动,1359567,1365857,1376587,1388596,1398496,1478526,,1508597,1512127,1528577,1576147,1588567,1598557,1659099,1708859,1728531,1788507,1821267,1831197,1848440,1874867,1888567,1958114,1973874,1988528
贵州,移动,1359568,1365858,1376588,1388597,1398497,1478527,,1508598,1512128,1528578,1576148,1588568,1598558,1659102,1709900,1728532,1788508,1821268,1831198,1848441,1874868,1888568,1958115,1973875,1988529
贵州,移动,1359569,1365859,1376589,1388598,1398498,1478528,,1508599,1512129,1528579,1576149,1588569,1598559,1659107,1709901,1728533,1788509,1821269,1831199,1848442,1874869,1888569,1958116,1973876,1988530
贵州,移动,1359570,1366850,1376590,1388599,1398499,1478529,,1508600,1512130,1528580,1576150,1588570,1598560,1659119,1709902,1728534,1788510,1821270,1833400,1848443,1874870,1888570,1958117,1973877,1988531
贵州,移动,1359571,1366851,1376591,,1398500,1478530,,1508601,1512131,1528581,1576151,1588571,1598561,1659182,1709903,1728535,1788511,1821271,1833401,1848444,1874871,1888571,1958118,1973878,1988532
贵州,移动,1359572,1366852,1376592,,1398501,1478531,,1508602,1512132,1528582,1576152,1588572,1598562,1659189,1709904,1728536,1788512,1821272,1833402,1848445,1874872,1888572,1958119,1973879,1988533
贵州,移动,1359573,1366853,1376593,,1398502,1478532,,1508603,1512133,1528583,1576153,1588573,1598563,1659192,1709905,1728537,1788513,1821273,1833403,1848446,1874873,1888573,1958510,1974750,1988534
贵州,移动,1359574,1366854,1376594,,1398503,1478533,,1508604,1512134,1528584,1576154,1588574,1598564,1659201,1709906,1728538,1788514,1821274,1833404,1848447,1874874,1888574,1958511,1974751,1988535
贵州,移动,1359575,1366855,1376595,,1398504,1478534,,1508605,1512135,1528585,1576155,1588575,1598565,1659202,1709907,1728539,1788515,1821275,1833405,1848448,1874875,1888575,1958512,1974752,1988536
贵州,移动,1359576,1366856,1376596,,1398505,1478535,,1508606,1512136,1528586,1576156,1588576,1598566,1659214,1709908,1728540,1788516,1821276,1833406,1848449,1874876,1888576,1958513,1974753,1988537
贵州,移动,1359577,1366857,1376597,,1398506,1478536,,1508607,1512137,1528587,1576157,1588577,1598567,1659373,1709909,1728541,1788517,1821277,1833407,1848450,1874877,1888577,1958514,1974754,1988538
贵州,移动,1359578,1366858,1376598,,1398507,1478537,,1508608,1512138,1528588,1576158,1588578,1598568,1659424,,1728542,1788518,1821278,1833408,1848451,1874878,1888578,1958515,1974755,1988539
贵州,移动,1359579,1366859,1376599,,1398508,1478538,,1508609,1512139,1528589,1576159,1588579,1598569,1659442,,1728543,1788519,1821279,1833409,1848452,1874879,1888579,1958516,1974756,1988540
贵州,移动,1359580,1367850,,,1398509,1478539,,1508610,1512140,1528590,1576160,1588580,,1659460,,1728544,1788520,1821280,1833410,1848453,1874880,1888580,1958517,1974757,1988541
贵州,移动,1359581,1367851,,,1398510,1478540,,1508611,1512141,1528591,1576161,1588581,,1659461,,1728545,1788521,1821281,1833411,1848454,1874881,1888581,1958518,1974758,1988542
贵州,移动,1359582,1367852,,,1398511,1478541,,1508612,1512142,1528592,1576162,1588582,,1659463,,1728546,1788522,1821282,1833412,1848455,1874882,1888582,1958519,1974759,1988543
贵州,移动,1359583,1367853,,,1398512,1478542,,1508613,1512143,1528593,1576163,1588583,,1659488,,1728547,1788523,1821283,1833413,1848456,1874883,1888583,1958520,1974760,1988544
贵州,移动,1359584,1367854,,,1398513,1478543,,1508614,1512144,1528594,1576164,1588584,,,,1728548,1788524,1821284,1833414,1848457,1874884,1888584,1958521,1974761,1988545
贵州,移动,1359585,1367855,,,1398514,1478544,,1508615,1512145,1528595,1576165,1588585,,,,1728549,1788525,1821285,1833415,1848458,1874885,1888585,1958522,1974762,1988546
贵州,移动,1359586,1367856,,,1398515,1478545,,1508616,1512146,1528596,1576166,1588586,,,,1728550,1788526,1821286,1833416,1848459,1874886,1888586,1958523,1974763,1988547
贵州,移动,1359587,1367857,,,1398516,1478546,,1508617,1512147,1528597,1576167,1588587,,,,1728551,1788527,1821287,1833417,1848460,1874887,1888587,1958524,1974764,1988548
贵州,移动,1359588,1367858,,,1398517,1478547,,1508618,1512148,1528598,1576168,1588588,,,,1728552,1788528,1821288,1833418,1848461,1874888,1888588,1958525,1974765,1988549
贵州,移动,1359589,1367859,,,1398518,1478548,,1508619,1512149,1528599,1576169,1588589,,,,1728553,1788529,1821289,1833419,1848462,1874889,1888589,1958526,1974766,1988550
贵州,移动,1359590,1368850,,,1398519,1478549,,1508620,1512150,1528600,1576170,1588590,,,,1728554,1788530,1821290,1833420,1848463,1874890,1888590,1958527,1974767,1988551
贵州,移动,1359591,1368851,,,1398520,1478550,,1508621,1512151,1528601,1576171,1588591,,,,1728555,1788531,1821291,1833421,1848464,1874891,1888591,1958528,1974768,1988552
贵州,移动,1359592,1368852,,,1398521,1478551,,1508622,1512152,1528602,1576172,1588592,,,,1728556,1788532,1821292,1833422,1848465,1874892,1888592,1958529,1974769,1988553
贵州,移动,1359593,1368853,,,1398522,1478552,,1508623,1512153,1528603,1576173,1588593,,,,1728557,1788533,1821293,1833423,1848466,1874893,1888593,1958530,1974770,1988554
贵州,移动,1359594,1368854,,,1398523,1478553,,1508624,1512154,1528604,1576174,1588594,,,,1728558,1788534,1821294,1833424,1848467,1874894,1888594,1958531,1974771,1988555
贵州,移动,1359595,1368855,,,1398524,1478554,,1508625,1512155,1528605,1576175,1588595,,,,1728559,1788535,1821295,1833425,1848468,1874895,1888595,1958532,1974772,1988556
贵州,移动,1359596,1368856,,,1398525,1478555,,1508626,1512156,1528606,1576176,1588596,,,,1728560,1788536,1821296,1833426,1848469,1874896,1888596,1958533,1974773,1988557
贵州,移动,1359597,1368857,,,1398526,1478556,,1508627,1512157,1528607,1576177,1588597,,,,1728561,1788537,1821297,1833427,1848470,1874897,1888597,1958534,1974774,1988558
贵州,移动,1359598,1368858,,,1398527,1478557,,1508628,1512158,1528608,1576178,1588598,,,,1728562,1788538,1821298,1833428,1848471,1874898,1888598,1958535,1974775,1988559
贵州,移动,1359599,1368859,,,1398528,1478558,,1508629,1512159,1528609,1576179,1588599,,,,1728563,1788539,1821299,1833429,1848472,1874899,1888599,1958536,1974776,1988560
贵州,移动,,1369850,,,1398529,1478559,,1508630,1512160,1528610,1576180,,,,,1728564,1788540,1821650,1837500,1848473,1876860,1888600,1958537,1974777,1988561
贵州,移动,,1369851,,,1398530,1478560,,1508631,1512161,1528611,1576181,,,,,1728565,1788541,1821651,1837501,1848474,1876861,1888601,1958538,1974778,1988562
贵州,移动,,1369852,,,1398531,1478561,,1508632,1512162,1528612,1576182,,,,,1728566,1788542,1821652,1837502,1848475,1876862,1888602,1958539,1974779,1988563
贵州,移动,,1369853,,,1398532,1478562,,1508633,1512163,1528613,1576183,,,,,1728567,1788543,1821653,1837503,1848476,1876863,1888603,1958540,1974780,1988564
贵州,移动,,1369854,,,1398533,1478563,,1508634,1512164,1528614,1576184,,,,,1728568,1788544,1821654,1837504,1848477,1876864,1888604,1958541,1974781,1988565
贵州,移动,,1369855,,,1398534,1478564,,1508635,1512165,1528615,1576185,,,,,1728569,1788545,1821655,1837505,1848478,1876865,1888605,1958542,1974782,1988566
贵州,移动,,1369856,,,1398535,1478565,,1508636,1512166,1528616,1576186,,,,,1728570,1788546,1821656,1837506,1848479,1876866,1888606,1958543,1974783,1988567
贵州,移动,,1369857,,,1398536,1478566,,1508637,1512167,1528617,1576187,,,,,1728571,1788547,1821657,1837507,1848480,1876867,1888607,1958544,1974784,1988568
贵州,移动,,1369858,,,1398537,1478567,,1508638,1512168,1528618,1576188,,,,,1728572,1788548,1821658,1837508,1848481,1876868,1888608,1958545,1974785,1988569
贵州,移动,,1369859,,,1398538,1478568,,1508639,1512169,1528619,1576189,,,,,1728573,1788549,1821659,1837509,1848482,1876869,1888609,1958546,1974786,1988570
贵州,移动,,,,,1398539,1478569,,1508640,1512170,1528620,1576190,,,,,1728574,1788550,1821660,1837510,1848483,1876870,1888610,1958547,1974787,1988571
贵州,移动,,,,,1398540,1478570,,1508641,1512171,1528621,1576191,,,,,1728575,1788551,1821661,1837511,1848484,1876871,1888611,1958548,1974788,1988572
贵州,移动,,,,,1398541,1478571,,1508642,1512172,1528622,1576192,,,,,1728576,1788552,1821662,1837512,1848485,1876872,1888612,1958549,1974789,1988573
贵州,移动,,,,,1398542,1478572,,1508643,1512173,1528623,1576193,,,,,1728577,1788553,1821663,1837513,1848486,1876873,1888613,1958550,,1988574
贵州,移动,,,,,1398543,1478573,,1508644,1512174,1528624,1576194,,,,,1728578,1788554,1821664,1837514,1848487,1876874,1888614,1958551,,1988575
贵州,移动,,,,,1398544,1478574,,1508645,1512175,1528625,1576195,,,,,1728579,1788555,1821665,1837515,1848488,1876875,1888615,1958552,,1988576
贵州,移动,,,,,1398545,1478575,,1508646,1512176,1528626,1576196,,,,,1728580,1788556,1821666,1837516,1848489,1876876,1888616,1958553,,1988577
贵州,移动,,,,,1398546,1478576,,1508647,1512177,1528627,1576197,,,,,1728581,1788557,1821667,1837517,1848490,1876877,1888617,1958554,,1988578
贵州,移动,,,,,1398547,1478577,,1508648,1512178,1528628,1576198,,,,,1728582,1788558,1821668,1837518,1848491,1876878,1888618,1958555,,1988579
贵州,移动,,,,,1398548,1478578,,1508649,1512179,1528629,1576199,,,,,1728583,1788559,1821669,1837519,1848492,1876879,1888619,1958556,,1988580
贵州,移动,,,,,1398549,1478579,,1508650,1518070,1528630,1577200,,,,,1728584,1788560,1821670,1837520,1848493,1878500,1888620,1958557,,1988581
贵州,移动,,,,,1398550,1478580,,1508651,1518071,1528631,1577201,,,,,1728585,1788561,1821671,1837521,1848494,1878501,1888621,1958558,,1988582
贵州,移动,,,,,1398551,1478581,,1508652,1518072,1528632,1577202,,,,,1728586,1788562,1821672,1837522,1848495,1878502,1888622,1958559,,1988583
贵州,移动,,,,,1398552,1478582,,1508653,1518073,1528633,1577203,,,,,1728587,1788563,1821673,1837523,1848496,1878503,1888623,1958560,,1988584
贵州,移动,,,,,1398553,1478583,,1508654,1518074,1528634,1577204,,,,,1728588,1788564,1821674,1837524,1848497,1878504,1888624,1958561,,1988585
贵州,移动,,,,,1398554,1478584,,1508655,1518075,1528635,1577205,,,,,1728589,1788565,1821675,1837525,1848498,1878505,1888625,1958562,,1988586
贵州,移动,,,,,1398555,1478585,,1508656,1518076,1528636,1577206,,,,,1728590,1788566,1821676,1837526,1848499,1878506,1888626,1958563,,1988587
贵州,移动,,,,,1398556,1478586,,1508657,1518077,1528637,1577207,,,,,1728591,1788567,1821677,1837527,1848500,1878507,1888627,1958564,,1988588
贵州,移动,,,,,1398557,1478587,,1508658,1518078,1528638,1577208,,,,,1728592,1788568,1821678,1837528,1848501,1878508,1888628,1958565,,1988589
贵州,移动,,,,,1398558,1478588,,1508659,1518079,1528639,1577209,,,,,1728593,1788569,1821679,1837529,1848502,1878509,1888629,1958566,,1988590
贵州,移动,,,,,1398559,1478589,,,1518080,1528640,1577210,,,,,1728594,1788570,1821680,1838500,1848503,1878510,1888630,1958567,,1988591
贵州,移动,,,,,1398560,1478590,,,1518081,1528641,1577211,,,,,1728595,1788571,1821681,1838501,1848504,1878511,1888631,1958568,,1988592
贵州,移动,,,,,1398561,1478591,,,1518082,1528642,1577212,,,,,1728596,1788572,1821682,1838502,1848505,1878512,1888632,1958569,,1988593
贵州,移动,,,,,1398562,1478592,,,1518083,1528643,1577213,,,,,1728597,1788573,1821683,1838503,1848506,1878513,1888633,1958570,,1988594
贵州,移动,,,,,1398563,1478593,,,1518084,1528644,1577214,,,,,1728598,1788574,1821684,1838504,1848507,1878514,1888634,1958571,,1988595
贵州,移动,,,,,1398564,1478594,,,1518085,1528645,1577215,,,,,1728599,1788575,1821685,1838505,1848508,1878515,1888635,1958572,,1988596
贵州,移动,,,,,1398565,1478595,,,1518086,1528646,1577216,,,,,1728600,1788576,1821686,1838506,1848509,1878516,1888636,1958573,,1988597
贵州,移动,,,,,1398566,1478596,,,1518087,1528647,1577217,,,,,1728601,1788577,1821687,1838507,1848510,1878517,1888637,1958574,,1988598
贵州,移动,,,,,1398567,1478597,,,1518088,1528648,1577218,,,,,1728602,1788578,1821688,1838508,1848511,1878518,1888638,1958575,,1988599
贵州,移动,,,,,1398568,1478598,,,1518089,1528649,1577219,,,,,1728603,1788579,1821689,1838509,1848512,1878519,1888639,1958576,,1988670
贵州,移动,,,,,1398569,1478599,,,1518500,1528650,1577220,,,,,1728604,1788580,1821690,1838510,1848513,1878520,1888640,1958577,,1988671
贵州,移动,,,,,1398570,1478600,,,1518501,1528651,1577221,,,,,1728605,1788581,1821691,1838511,1848514,1878521,1888641,1958578,,1988672
贵州,移动,,,,,1398571,1478601,,,1518502,1528652,1577222,,,,,1728606,1788582,1821692,1838512,1848515,1878522,1888642,1958579,,1988673
贵州,移动,,,,,1398572,1478602,,,1518503,1528653,1577223,,,,,1728607,1788583,1821693,1838513,1848516,1878523,1888643,1958580,,1988674
贵州,移动,,,,,1398573,1478603,,,1518504,1528654,1577224,,,,,1728608,1788584,1821694,1838514,1848517,1878524,1888644,1958581,,1988675
贵州,移动,,,,,1398574,1478604,,,1518505,1528655,1577225,,,,,1728609,1788585,1821695,1838515,1848518,1878525,1888645,1958582,,1988676
贵州,移动,,,,,1398575,1478605,,,1518506,1528656,1577226,,,,,1728610,1788586,1821696,1838516,1848519,1878526,1888646,1958583,,1988677
贵州,移动,,,,,1398576,1478606,,,1518507,1528657,1577227,,,,,1728611,1788587,1821697,1838517,1848520,1878527,1888647,1958584,,1988678
贵州,移动,,,,,1398577,1478607,,,1518508,1528658,1577228,,,,,1728612,1788588,1821698,1838518,1848521,1878528,1888648,1958585,,1988679
贵州,移动,,,,,1398578,1478608,,,1518509,1528659,1577229,,,,,1728613,1788589,1821699,1838519,1848522,1878529,1888649,1958586,,1988680
贵州,移动,,,,,1398579,1478609,,,1518510,1528660,1577230,,,,,1728614,1788590,1822460,1838520,1848523,1878530,1888650,1958587,,1988681
贵州,移动,,,,,1398580,1478610,,,1518511,1528661,1577231,,,,,1728615,1788591,1822461,1838521,1848524,1878531,1888651,1958588,,1988682
贵州,移动,,,,,1398581,1478611,,,1518512,1528662,1577232,,,,,1728616,1788592,1822462,1838522,1848525,1878532,1888652,1958589,,1988683
贵州,移动,,,,,1398582,1478612,,,1518513,1528663,1577233,,,,,1728617,1788593,1822463,1838523,1848526,1878533,1888653,1958590,,1988684
贵州,移动,,,,,1398583,1478613,,,1518514,1528664,1577234,,,,,1728618,1788594,1822464,1838524,1848527,1878534,1888654,1958591,,1988685
贵州,移动,,,,,1398584,1478614,,,1518515,1528665,1577235,,,,,1728619,1788595,1822465,1838525,1848528,1878535,1888655,1958592,,1988686
贵州,移动,,,,,1398585,1478615,,,1518516,1528666,1577236,,,,,1728620,1788596,1822466,1838526,1848529,1878536,1888656,1958593,,1988687
贵州,移动,,,,,1398586,1478616,,,1518517,1528667,1577237,,,,,1728621,1788597,1822467,1838527,1848530,1878537,1888657,1958594,,1988688
贵州,移动,,,,,1398587,1478617,,,1518518,1528668,1577238,,,,,1728622,1788598,1822468,1838528,1848531,1878538,1888658,1958595,,1988689
贵州,移动,,,,,1398588,1478618,,,1518519,1528669,1577239,,,,,1728623,1788599,1822469,1838529,1848532,1878539,1888659,1958596,,1988690
贵州,移动,,,,,1398589,1478619,,,1518520,1528670,1577240,,,,,1728624,1788600,1822470,1838530,1848533,1878540,1888670,1958597,,1988691
贵州,移动,,,,,1398590,1478620,,,1518521,1528671,1577241,,,,,1728625,1788601,1822471,1838531,1848534,1878541,1888671,1958598,,1988692
贵州,移动,,,,,1398591,1478621,,,1518522,1528672,1577242,,,,,1728626,1788602,1822472,1838532,1848535,1878542,1888672,1958599,,1988693
贵州,移动,,,,,1398592,1478622,,,1518523,1528673,1577243,,,,,1728627,1788603,1822473,1838533,1848536,1878543,1888673,1959858,,1988694
贵州,移动,,,,,1398593,1478623,,,1518524,1528674,1577244,,,,,1728628,1788604,1822474,1838534,1848537,1878544,1888674,,,1988695
贵州,移动,,,,,1398594,1478624,,,1518525,1528675,1577245,,,,,1728629,1788605,1822475,1838535,1848538,1878545,1888675,,,1988696
贵州,移动,,,,,1398595,1478625,,,1518526,1528676,1577246,,,,,1728630,1788606,1822476,1838536,1848539,1878546,1888676,,,1988697
贵州,移动,,,,,1398596,1478626,,,1518527,1528677,1577247,,,,,1728631,1788607,1822477,1838537,1848540,1878547,1888677,,,1988698
贵州,移动,,,,,1398597,1478627,,,1518528,1528678,1577248,,,,,1728632,1788608,1822478,1838538,1848541,1878548,1888678,,,1988699
贵州,移动,,,,,1398598,1478628,,,1518529,1528679,1577249,,,,,1728633,1788609,1822479,1838539,1848542,1878549,1888679,,,
贵州,移动,,,,,1398599,1478629,,,1518530,,1577250,,,,,1728634,1788610,1822480,1838540,1848543,1878550,1888680,,,
贵州,移动,,,,,,,,,1518531,,1577251,,,,,1728635,1788611,1822481,1838541,1848544,1878551,1888681,,,
贵州,移动,,,,,,,,,1518532,,1577252,,,,,1728636,1788612,1822482,1838542,1848545,1878552,1888682,,,
贵州,移动,,,,,,,,,1518533,,1577253,,,,,1728637,1788613,1822483,1838543,1848546,1878553,1888683,,,
贵州,移动,,,,,,,,,1518534,,1577254,,,,,1728638,1788614,1822484,1838544,1848547,1878554,1888684,,,
贵州,移动,,,,,,,,,1518535,,1577255,,,,,1728639,1788615,1822485,1838545,1848548,1878555,1888685,,,
贵州,移动,,,,,,,,,1518536,,1577256,,,,,1728640,1788616,1822486,1838546,1848549,1878556,1888686,,,
贵州,移动,,,,,,,,,1518537,,1577257,,,,,1728641,1788617,1822487,1838547,1848550,1878557,1888687,,,
贵州,移动,,,,,,,,,1518538,,1577258,,,,,1728642,1788618,1822488,1838548,1848551,1878558,1888688,,,
贵州,移动,,,,,,,,,1518539,,1577259,,,,,1728643,1788619,1822489,1838549,1848552,1878559,1888689,,,
贵州,移动,,,,,,,,,1518540,,1577260,,,,,1728644,1788620,1822490,1838550,1848553,1878560,1888690,,,
贵州,移动,,,,,,,,,1518541,,1577261,,,,,1728645,1788621,1822491,1838551,1848554,1878561,1888691,,,
贵州,移动,,,,,,,,,1518542,,1577262,,,,,1728646,1788622,1822492,1838552,1848555,1878562,1888692,,,
贵州,移动,,,,,,,,,1518543,,1577263,,,,,1728647,1788623,1822493,1838553,1848556,1878563,1888693,,,
贵州,移动,,,,,,,,,1518544,,1577264,,,,,1728648,1788624,1822494,1838554,1848557,1878564,1888694,,,
贵州,移动,,,,,,,,,1518545,,1577265,,,,,1728649,1788625,1822495,1838555,1848558,1878565,1888695,,,
贵州,移动,,,,,,,,,1518546,,1577266,,,,,1728650,1788626,1822496,1838556,1848559,1878566,1888696,,,
贵州,移动,,,,,,,,,1518547,,1577267,,,,,1728651,1788627,1822497,1838557,1848560,1878567,1888697,,,
贵州,移动,,,,,,,,,1518548,,1577268,,,,,1728652,1788628,1822498,1838558,1848561,1878568,1888698,,,
贵州,移动,,,,,,,,,1518549,,1577269,,,,,1728653,1788629,1822499,1838559,1848562,1878569,1888699,,,
贵州,移动,,,,,,,,,1518550,,1577270,,,,,1728654,1788630,1823070,1838560,1848563,1878570,1889230,,,
贵州,移动,,,,,,,,,1518551,,1577271,,,,,1728655,1788631,1823071,1838561,1848564,1878571,1889231,,,
贵州,移动,,,,,,,,,1518552,,1577272,,,,,1728656,1788632,1823072,1838562,1848565,1878572,1889232,,,
贵州,移动,,,,,,,,,1518553,,1577273,,,,,1728657,1788633,1823073,1838563,1848566,1878573,1889233,,,
贵州,移动,,,,,,,,,1518554,,1577274,,,,,1728658,1788634,1823074,1838564,1848567,1878574,1889234,,,
贵州,移动,,,,,,,,,1518555,,1577275,,,,,1728659,1788635,1823075,1838565,1848568,1878575,1889235,,,
贵州,移动,,,,,,,,,1518556,,1577276,,,,,1728660,1788636,1823076,1838566,1848569,1878576,1889236,,,
贵州,移动,,,,,,,,,1518557,,1577277,,,,,1728661,1788637,1823077,1838567,1848570,1878577,1889237,,,
贵州,移动,,,,,,,,,1518558,,1577278,,,,,1728662,1788638,1823078,1838568,1848571,1878578,1889238,,,
贵州,移动,,,,,,,,,1518559,,1577279,,,,,1728663,1788639,1823079,1838569,1848572,1878579,1889239,,,
贵州,移动,,,,,,,,,1518560,,1577280,,,,,1728664,1788640,1823080,1838570,1848573,1878580,1889240,,,
贵州,移动,,,,,,,,,1518561,,1577281,,,,,1728665,1788641,1823081,1838571,1848574,1878581,1889241,,,
贵州,移动,,,,,,,,,1518562,,1577282,,,,,1728666,1788642,1823082,1838572,1848575,1878582,1889242,,,
贵州,移动,,,,,,,,,1518563,,1577283,,,,,1728667,1788643,1823083,1838573,1848576,1878583,1889243,,,
贵州,移动,,,,,,,,,1518564,,1577284,,,,,1728668,1788644,1823084,1838574,1848577,1878584,1889244,,,
贵州,移动,,,,,,,,,1518565,,1577285,,,,,1728669,1788645,1823085,1838575,1848578,1878585,1889245,,,
贵州,移动,,,,,,,,,1518566,,1577286,,,,,1728670,1788646,1823086,1838576,1848579,1878586,1889246,,,
贵州,移动,,,,,,,,,1518567,,1577287,,,,,1728671,1788647,1823087,1838577,1848580,1878587,1889247,,,
贵州,移动,,,,,,,,,1518568,,1577288,,,,,1728672,1788648,1823088,1838578,1848581,1878588,1889248,,,
贵州,移动,,,,,,,,,1518569,,1577289,,,,,1728673,1788649,1823089,1838579,1848582,1878589,1889249,,,
贵州,移动,,,,,,,,,1518570,,1577290,,,,,1728674,1789850,1823090,1838580,1848583,1878590,1889250,,,
贵州,移动,,,,,,,,,1518571,,1577291,,,,,1728675,1789851,1823091,1838581,1848584,1878591,1889251,,,
贵州,移动,,,,,,,,,1518572,,1577292,,,,,1728676,1789852,1823092,1838582,1848585,1878592,1889252,,,
贵州,移动,,,,,,,,,1518573,,1577293,,,,,1728677,1789853,1823093,1838583,1848586,1878593,1889253,,,
贵州,移动,,,,,,,,,1518574,,1577294,,,,,1728678,1789854,1823094,1838584,1848587,1878594,1889254,,,
贵州,移动,,,,,,,,,1518575,,1577295,,,,,1728679,1789855,1823095,1838585,1848588,1878595,1889255,,,
贵州,移动,,,,,,,,,1518576,,1577296,,,,,1728680,1789856,1823096,1838586,1848589,1878596,1889256,,,
贵州,移动,,,,,,,,,1518577,,1577297,,,,,1728681,1789857,1823097,1838587,1848590,1878597,1889257,,,
贵州,移动,,,,,,,,,1518578,,1577298,,,,,1728682,1789858,1823098,1838588,1848591,1878598,1889258,,,
贵州,移动,,,,,,,,,1518579,,1577299,,,,,1728683,1789859,1823099,1838589,1848592,1878599,1889259,,,
贵州,移动,,,,,,,,,1518580,,1578068,,,,,1728684,,1827500,1838590,1848593,1878600,,,,
贵州,移动,,,,,,,,,1518581,,1578089,,,,,1728685,,1827501,1838591,1848594,1878601,,,,
贵州,移动,,,,,,,,,1518582,,1578187,,,,,1728686,,1827502,1838592,1848595,1878602,,,,
贵州,移动,,,,,,,,,1518583,,1578198,,,,,1728687,,1827503,1838593,1848596,1878603,,,,
贵州,移动,,,,,,,,,1518584,,1578458,,,,,1728688,,1827504,1838594,1848597,1878604,,,,
贵州,移动,,,,,,,,,1518585,,1578682,,,,,1728689,,1827505,1838595,1848598,1878605,,,,
贵州,移动,,,,,,,,,1518586,,1578758,,,,,1728690,,1827506,1838596,1848599,1878606,,,,
贵州,移动,,,,,,,,,1518587,,1578846,,,,,1728691,,1827507,1838597,1848600,1878607,,,,
贵州,移动,,,,,,,,,1518588,,1579014,,,,,1728692,,1827508,1838598,1848601,1878608,,,,
贵州,移动,,,,,,,,,1518589,,1579034,,,,,1728693,,1827509,1838599,1848602,1878609,,,,
贵州,移动,,,,,,,,,1518590,,1579236,,,,,1728694,,1827510,1838600,1848603,1878610,,,,
贵州,移动,,,,,,,,,1518591,,1579238,,,,,1728695,,1827511,1838601,1848604,1878611,,,,
贵州,移动,,,,,,,,,1518592,,1579244,,,,,1728696,,1827512,1838602,1848605,1878612,,,,
贵州,移动,,,,,,,,,1518593,,1579250,,,,,1728697,,1827513,1838603,1848606,1878613,,,,
贵州,移动,,,,,,,,,1518594,,1579251,,,,,1728698,,1827514,1838604,1848607,1878614,,,,
贵州,移动,,,,,,,,,1518595,,1579258,,,,,1728699,,1827515,1838605,1848608,1878615,,,,
贵州,移动,,,,,,,,,1518596,,1579259,,,,,1728968,,1827516,1838606,1848609,1878616,,,,
贵州,移动,,,,,,,,,1518597,,1579261,,,,,1729446,,1827517,1838607,1848610,1878617,,,,
贵州,移动,,,,,,,,,1518598,,1579267,,,,,1729447,,1827518,1838608,1848611,1878618,,,,
贵州,移动,,,,,,,,,1518599,,1579268,,,,,1729448,,1827519,1838609,1848612,1878619,,,,
贵州,移动,,,,,,,,,1518600,,1579269,,,,,1729449,,1827520,1838610,1848613,1878620,,,,
贵州,移动,,,,,,,,,1518601,,1579278,,,,,1729450,,1827521,1838611,1848614,1878621,,,,
贵州,移动,,,,,,,,,1518602,,1579279,,,,,1729451,,1827522,1838612,1848615,1878622,,,,
贵州,移动,,,,,,,,,1518603,,1579314,,,,,1729452,,1827523,1838613,1848616,1878623,,,,
贵州,移动,,,,,,,,,1518604,,1579415,,,,,1729453,,1827524,1838614,1848617,1878624,,,,
贵州,移动,,,,,,,,,1518605,,1579416,,,,,1729454,,1827525,1838615,1848618,1878625,,,,
贵州,移动,,,,,,,,,1518606,,1579417,,,,,1729455,,1827526,1838616,1848619,1878626,,,,
贵州,移动,,,,,,,,,1518607,,1579442,,,,,1729456,,1827527,1838617,1848620,1878627,,,,
贵州,移动,,,,,,,,,1518608,,1579556,,,,,1729457,,1827528,1838618,1848621,1878628,,,,
贵州,移动,,,,,,,,,1518609,,1579557,,,,,1729458,,1827529,1838619,1848622,1878629,,,,
贵州,移动,,,,,,,,,1518610,,1579558,,,,,1729459,,1827530,1838620,1848623,1878630,,,,
贵州,移动,,,,,,,,,1518611,,1579559,,,,,1729460,,1827531,1838621,1848624,1878631,,,,
贵州,移动,,,,,,,,,1518612,,1579577,,,,,1729461,,1827532,1838622,1848625,1878632,,,,
贵州,移动,,,,,,,,,1518613,,1579600,,,,,1729462,,1827533,1838623,1848626,1878633,,,,
贵州,移动,,,,,,,,,1518614,,1579611,,,,,1729463,,1827534,1838624,1848627,1878634,,,,
贵州,移动,,,,,,,,,1518615,,1579614,,,,,1729464,,1827535,1838625,1848628,1878635,,,,
贵州,移动,,,,,,,,,1518616,,1579622,,,,,1729465,,1827536,1838626,1848629,1878636,,,,
贵州,移动,,,,,,,,,1518617,,,,,,,1729466,,1827537,1838627,1848630,1878637,,,,
贵州,移动,,,,,,,,,1518618,,,,,,,1729467,,1827538,1838628,1848631,1878638,,,,
贵州,移动,,,,,,,,,1518619,,,,,,,1729468,,1827539,1838629,1848632,1878639,,,,
贵州,移动,,,,,,,,,1518620,,,,,,,1729469,,1827540,1838630,1848633,1878640,,,,
贵州,移动,,,,,,,,,1518621,,,,,,,1729470,,1827541,1838631,1848634,1878641,,,,
贵州,移动,,,,,,,,,1518622,,,,,,,1729471,,1827542,1838632,1848635,1878642,,,,
贵州,移动,,,,,,,,,1518623,,,,,,,1729472,,1827543,1838633,1848636,1878643,,,,
贵州,移动,,,,,,,,,1518624,,,,,,,1729473,,1827544,1838634,1848637,1878644,,,,
贵州,移动,,,,,,,,,1518625,,,,,,,1729474,,1827545,1838635,1848638,1878645,,,,
贵州,移动,,,,,,,,,1518626,,,,,,,1729475,,1827546,1838636,1848639,1878646,,,,
贵州,移动,,,,,,,,,1518627,,,,,,,1729476,,1827547,1838637,1848640,1878647,,,,
贵州,移动,,,,,,,,,1518628,,,,,,,1729477,,1827548,1838638,1848641,1878648,,,,
贵州,移动,,,,,,,,,1518629,,,,,,,1729478,,1827549,1838639,1848642,1878649,,,,
贵州,移动,,,,,,,,,1518630,,,,,,,1729479,,1827550,1838640,1848643,1878650,,,,
贵州,移动,,,,,,,,,1518631,,,,,,,1729480,,1827551,1838641,1848644,1878651,,,,
贵州,移动,,,,,,,,,1518632,,,,,,,1729481,,1827552,1838642,1848645,1878652,,,,
贵州,移动,,,,,,,,,1518633,,,,,,,1729482,,1827553,1838643,1848646,1878653,,,,
贵州,移动,,,,,,,,,1518634,,,,,,,1729483,,1827554,1838644,1848647,1878654,,,,
贵州,移动,,,,,,,,,1518635,,,,,,,1729484,,1827555,1838645,1848648,1878655,,,,
贵州,移动,,,,,,,,,1518636,,,,,,,1729485,,1827556,1838646,1848649,1878656,,,,
贵州,移动,,,,,,,,,1518637,,,,,,,1729486,,1827557,1838647,1848650,1878657,,,,
贵州,移动,,,,,,,,,1518638,,,,,,,1729487,,1827558,1838648,1848651,1878658,,,,
贵州,移动,,,,,,,,,1518639,,,,,,,1729488,,1827559,1838649,1848652,1878659,,,,
贵州,移动,,,,,,,,,1518640,,,,,,,1729489,,1827560,1838650,1848653,1878660,,,,
贵州,移动,,,,,,,,,1518641,,,,,,,1729627,,1827561,1838651,1848654,1878661,,,,
贵州,移动,,,,,,,,,1518642,,,,,,,,,1827562,1838652,1848655,1878662,,,,
贵州,移动,,,,,,,,,1518643,,,,,,,,,1827563,1838653,1848656,1878663,,,,
贵州,移动,,,,,,,,,1518644,,,,,,,,,1827564,1838654,1848657,1878664,,,,
贵州,移动,,,,,,,,,1518645,,,,,,,,,1827565,1838655,1848658,1878665,,,,
贵州,移动,,,,,,,,,1518646,,,,,,,,,1827566,1838656,1848659,1878666,,,,
贵州,移动,,,,,,,,,1518647,,,,,,,,,1827567,1838657,1848660,1878667,,,,
贵州,移动,,,,,,,,,1518648,,,,,,,,,1827568,1838658,1848661,1878668,,,,
贵州,移动,,,,,,,,,1518649,,,,,,,,,1827569,1838659,1848662,1878669,,,,
贵州,移动,,,,,,,,,1518650,,,,,,,,,1828500,1838660,1848663,1878670,,,,
贵州,移动,,,,,,,,,1518651,,,,,,,,,1828501,1838661,1848664,1878671,,,,
贵州,移动,,,,,,,,,1518652,,,,,,,,,1828502,1838662,1848665,1878672,,,,
贵州,移动,,,,,,,,,1518653,,,,,,,,,1828503,1838663,1848666,1878673,,,,
贵州,移动,,,,,,,,,1518654,,,,,,,,,1828504,1838664,1848667,1878674,,,,
贵州,移动,,,,,,,,,1518655,,,,,,,,,1828505,1838665,1848668,1878675,,,,
贵州,移动,,,,,,,,,1518656,,,,,,,,,1828506,1838666,1848669,1878676,,,,
贵州,移动,,,,,,,,,1518657,,,,,,,,,1828507,1838667,1848670,1878677,,,,
贵州,移动,,,,,,,,,1518658,,,,,,,,,1828508,1838668,1848671,1878678,,,,
贵州,移动,,,,,,,,,1518659,,,,,,,,,1828509,1838669,1848672,1878679,,,,
贵州,移动,,,,,,,,,1518660,,,,,,,,,1828510,1838670,1848673,1878680,,,,
贵州,移动,,,,,,,,,1518661,,,,,,,,,1828511,1838671,1848674,1878681,,,,
贵州,移动,,,,,,,,,1518662,,,,,,,,,1828512,1838672,1848675,1878682,,,,
贵州,移动,,,,,,,,,1518663,,,,,,,,,1828513,1838673,1848676,1878683,,,,
贵州,移动,,,,,,,,,1518664,,,,,,,,,1828514,1838674,1848677,1878684,,,,
贵州,移动,,,,,,,,,1518665,,,,,,,,,1828515,1838675,1848678,1878685,,,,
贵州,移动,,,,,,,,,1518666,,,,,,,,,1828516,1838676,1848679,1878686,,,,
贵州,移动,,,,,,,,,1518667,,,,,,,,,1828517,1838677,1848680,1878687,,,,
贵州,移动,,,,,,,,,1518668,,,,,,,,,1828518,1838678,1848681,1878688,,,,
贵州,移动,,,,,,,,,1518669,,,,,,,,,1828519,1838679,1848682,1878689,,,,
贵州,移动,,,,,,,,,1518670,,,,,,,,,1828520,1838680,1848683,1878690,,,,
贵州,移动,,,,,,,,,1518671,,,,,,,,,1828521,1838681,1848684,1878691,,,,
贵州,移动,,,,,,,,,1518672,,,,,,,,,1828522,1838682,1848685,1878692,,,,
贵州,移动,,,,,,,,,1518673,,,,,,,,,1828523,1838683,1848686,1878693,,,,
贵州,移动,,,,,,,,,1518674,,,,,,,,,1828524,1838684,1848687,1878694,,,,
贵州,移动,,,,,,,,,1518675,,,,,,,,,1828525,1838685,1848688,1878695,,,,
贵州,移动,,,,,,,,,1518676,,,,,,,,,1828526,1838686,1848689,1878696,,,,
贵州,移动,,,,,,,,,1518677,,,,,,,,,1828527,1838687,1848690,1878697,,,,
贵州,移动,,,,,,,,,1518678,,,,,,,,,1828528,1838688,1848691,1878698,,,,
贵州,移动,,,,,,,,,1518679,,,,,,,,,1828529,1838689,1848692,1878699,,,,
贵州,移动,,,,,,,,,1518680,,,,,,,,,1828530,1838690,1848693,1878860,,,,
贵州,移动,,,,,,,,,1518681,,,,,,,,,1828531,1838691,1848694,1878861,,,,
贵州,移动,,,,,,,,,1518682,,,,,,,,,1828532,1838692,1848695,1878862,,,,
贵州,移动,,,,,,,,,1518683,,,,,,,,,1828533,1838693,1848696,1878863,,,,
贵州,移动,,,,,,,,,1518684,,,,,,,,,1828534,1838694,1848697,1878864,,,,
贵州,移动,,,,,,,,,1518685,,,,,,,,,1828535,1838695,1848698,1878865,,,,
贵州,移动,,,,,,,,,1518686,,,,,,,,,1828536,1838696,1848699,1878866,,,,
贵州,移动,,,,,,,,,1518687,,,,,,,,,1828537,1838697,1849120,1878867,,,,
贵州,移动,,,,,,,,,1518688,,,,,,,,,1828538,1838698,1849121,1878868,,,,
贵州,移动,,,,,,,,,1518689,,,,,,,,,1828539,1838699,1849122,1878869,,,,
贵州,移动,,,,,,,,,1518690,,,,,,,,,1828540,1839690,1849123,1878870,,,,
贵州,移动,,,,,,,,,1518691,,,,,,,,,1828541,1839691,1849124,1878871,,,,
贵州,移动,,,,,,,,,1518692,,,,,,,,,1828542,1839692,1849125,1878872,,,,
贵州,移动,,,,,,,,,1518693,,,,,,,,,1828543,1839693,1849126,1878873,,,,
贵州,移动,,,,,,,,,1518694,,,,,,,,,1828544,1839694,1849127,1878874,,,,
贵州,移动,,,,,,,,,1518695,,,,,,,,,1828545,1839695,1849980,1878875,,,,
贵州,移动,,,,,,,,,1518696,,,,,,,,,1828546,1839696,1849981,1878876,,,,
贵州,移动,,,,,,,,,1518697,,,,,,,,,1828547,1839697,1849982,1878877,,,,
贵州,移动,,,,,,,,,1518698,,,,,,,,,1828548,1839698,1849983,1878878,,,,
贵州,移动,,,,,,,,,1518699,,,,,,,,,1828549,1839699,1849984,1878879,,,,
贵州,移动,,,,,,,,,,,,,,,,,,1828550,,1849985,1879800,,,,
贵州,移动,,,,,,,,,,,,,,,,,,1828551,,1849986,1879801,,,,
贵州,移动,,,,,,,,,,,,,,,,,,1828552,,1849987,1879802,,,,
贵州,移动,,,,,,,,,,,,,,,,,,1828553,,1849988,1879803,,,,
贵州,移动,,,,,,,,,,,,,,,,,,1828554,,1849989,1879804,,,,
贵州,移动,,,,,,,,,,,,,,,,,,1828555,,,1879805,,,,
贵州,移动,,,,,,,,,,,,,,,,,,1828556,,,1879806,,,,
贵州,移动,,,,,,,,,,,,,,,,,,1828557,,,1879807,,,,
贵州,移动,,,,,,,,,,,,,,,,,,1828558,,,1879808,,,,
贵州,移动,,,,,,,,,,,,,,,,,,1828559,,,1879809,,,,
贵州,移动,,,,,,,,,,,,,,,,,,1828560,,,1879810,,,,
贵州,移动,,,,,,,,,,,,,,,,,,1828561,,,1879811,,,,
贵州,移动,,,,,,,,,,,,,,,,,,1828562,,,1879812,,,,
贵州,移动,,,,,,,,,,,,,,,,,,1828563,,,1879813,,,,
贵州,移动,,,,,,,,,,,,,,,,,,1828564,,,1879814,,,,
贵州,移动,,,,,,,,,,,,,,,,,,1828565,,,1879815,,,,
贵州,移动,,,,,,,,,,,,,,,,,,1828566,,,1879816,,,,
贵州,移动,,,,,,,,,,,,,,,,,,1828567,,,1879817,,,,
贵州,移动,,,,,,,,,,,,,,,,,,1828568,,,1879818,,,,
贵州,移动,,,,,,,,,,,,,,,,,,1828569,,,1879819,,,,
贵州,移动,,,,,,,,,,,,,,,,,,1828570,,,1879820,,,,
贵州,移动,,,,,,,,,,,,,,,,,,1828571,,,1879821,,,,
贵州,移动,,,,,,,,,,,,,,,,,,1828572,,,1879822,,,,
贵州,移动,,,,,,,,,,,,,,,,,,1828573,,,1879823,,,,
贵州,移动,,,,,,,,,,,,,,,,,,1828574,,,1879824,,,,
贵州,移动,,,,,,,,,,,,,,,,,,1828575,,,1879825,,,,
贵州,移动,,,,,,,,,,,,,,,,,,1828576,,,1879826,,,,
贵州,移动,,,,,,,,,,,,,,,,,,1828577,,,1879827,,,,
贵州,移动,,,,,,,,,,,,,,,,,,1828578,,,1879828,,,,
贵州,移动,,,,,,,,,,,,,,,,,,1828579,,,1879829,,,,
贵州,移动,,,,,,,,,,,,,,,,,,1828580,,,1879830,,,,
贵州,移动,,,,,,,,,,,,,,,,,,1828581,,,1879831,,,,
贵州,移动,,,,,,,,,,,,,,,,,,1828582,,,1879832,,,,
贵州,移动,,,,,,,,,,,,,,,,,,1828583,,,1879833,,,,
贵州,移动,,,,,,,,,,,,,,,,,,1828584,,,1879834,,,,
贵州,移动,,,,,,,,,,,,,,,,,,1828585,,,1879835,,,,
贵州,移动,,,,,,,,,,,,,,,,,,1828586,,,1879836,,,,
贵州,移动,,,,,,,,,,,,,,,,,,1828587,,,1879837,,,,
贵州,移动,,,,,,,,,,,,,,,,,,1828588,,,1879838,,,,
贵州,移动,,,,,,,,,,,,,,,,,,1828589,,,1879839,,,,
贵州,移动,,,,,,,,,,,,,,,,,,1828590,,,1879840,,,,
贵州,移动,,,,,,,,,,,,,,,,,,1828591,,,1879841,,,,
贵州,移动,,,,,,,,,,,,,,,,,,1828592,,,1879842,,,,
贵州,移动,,,,,,,,,,,,,,,,,,1828593,,,1879843,,,,
贵州,移动,,,,,,,,,,,,,,,,,,1828594,,,1879844,,,,
贵州,移动,,,,,,,,,,,,,,,,,,1828595,,,1879845,,,,
贵州,移动,,,,,,,,,,,,,,,,,,1828596,,,1879846,,,,
贵州,移动,,,,,,,,,,,,,,,,,,1828597,,,1879847,,,,
贵州,移动,,,,,,,,,,,,,,,,,,1828598,,,1879848,,,,
贵州,移动,,,,,,,,,,,,,,,,,,1828599,,,1879849,,,,
贵州,移动,,,,,,,,,,,,,,,,,,1828600,,,1879850,,,,
贵州,移动,,,,,,,,,,,,,,,,,,1828601,,,1879851,,,,
贵州,移动,,,,,,,,,,,,,,,,,,1828602,,,1879852,,,,
贵州,移动,,,,,,,,,,,,,,,,,,1828603,,,1879853,,,,
贵州,移动,,,,,,,,,,,,,,,,,,1828604,,,1879854,,,,
贵州,移动,,,,,,,,,,,,,,,,,,1828605,,,1879855,,,,
贵州,移动,,,,,,,,,,,,,,,,,,1828606,,,1879856,,,,
贵州,移动,,,,,,,,,,,,,,,,,,1828607,,,1879857,,,,
贵州,移动,,,,,,,,,,,,,,,,,,1828608,,,1879858,,,,
贵州,移动,,,,,,,,,,,,,,,,,,1828609,,,1879859,,,,
贵州,移动,,,,,,,,,,,,,,,,,,1828610,,,1879860,,,,
贵州,移动,,,,,,,,,,,,,,,,,,1828611,,,1879861,,,,
贵州,移动,,,,,,,,,,,,,,,,,,1828612,,,1879862,,,,
贵州,移动,,,,,,,,,,,,,,,,,,1828613,,,1879863,,,,
贵州,移动,,,,,,,,,,,,,,,,,,1828614,,,1879864,,,,
贵州,移动,,,,,,,,,,,,,,,,,,1828615,,,1879865,,,,
贵州,移动,,,,,,,,,,,,,,,,,,1828616,,,1879866,,,,
贵州,移动,,,,,,,,,,,,,,,,,,1828617,,,1879867,,,,
贵州,移动,,,,,,,,,,,,,,,,,,1828618,,,1879868,,,,
贵州,移动,,,,,,,,,,,,,,,,,,1828619,,,1879869,,,,
贵州,移动,,,,,,,,,,,,,,,,,,1828620,,,1879870,,,,
贵州,移动,,,,,,,,,,,,,,,,,,1828621,,,1879871,,,,
贵州,移动,,,,,,,,,,,,,,,,,,1828622,,,1879872,,,,
贵州,移动,,,,,,,,,,,,,,,,,,1828623,,,1879873,,,,
贵州,移动,,,,,,,,,,,,,,,,,,1828624,,,1879874,,,,
贵州,移动,,,,,,,,,,,,,,,,,,1828625,,,1879875,,,,
贵州,移动,,,,,,,,,,,,,,,,,,1828626,,,1879876,,,,
贵州,移动,,,,,,,,,,,,,,,,,,1828627,,,1879877,,,,
贵州,移动,,,,,,,,,,,,,,,,,,1828628,,,1879878,,,,
贵州,移动,,,,,,,,,,,,,,,,,,1828629,,,1879879,,,,
贵州,移动,,,,,,,,,,,,,,,,,,1828630,,,1879880,,,,
贵州,移动,,,,,,,,,,,,,,,,,,1828631,,,1879881,,,,
贵州,移动,,,,,,,,,,,,,,,,,,1828632,,,1879882,,,,
贵州,移动,,,,,,,,,,,,,,,,,,1828633,,,1879883,,,,
贵州,移动,,,,,,,,,,,,,,,,,,1828634,,,1879884,,,,
贵州,移动,,,,,,,,,,,,,,,,,,1828635,,,1879885,,,,
贵州,移动,,,,,,,,,,,,,,,,,,1828636,,,1879886,,,,
贵州,移动,,,,,,,,,,,,,,,,,,1828637,,,1879887,,,,
贵州,移动,,,,,,,,,,,,,,,,,,1828638,,,1879888,,,,
贵州,移动,,,,,,,,,,,,,,,,,,1828639,,,1879889,,,,
贵州,移动,,,,,,,,,,,,,,,,,,1828640,,,,,,,
贵州,移动,,,,,,,,,,,,,,,,,,1828641,,,,,,,
贵州,移动,,,,,,,,,,,,,,,,,,1828642,,,,,,,
贵州,移动,,,,,,,,,,,,,,,,,,1828643,,,,,,,
贵州,移动,,,,,,,,,,,,,,,,,,1828644,,,,,,,
贵州,移动,,,,,,,,,,,,,,,,,,1828645,,,,,,,
贵州,移动,,,,,,,,,,,,,,,,,,1828646,,,,,,,
贵州,移动,,,,,,,,,,,,,,,,,,1828647,,,,,,,
贵州,移动,,,,,,,,,,,,,,,,,,1828648,,,,,,,
贵州,移动,,,,,,,,,,,,,,,,,,1828649,,,,,,,
贵州,移动,,,,,,,,,,,,,,,,,,1828650,,,,,,,
贵州,移动,,,,,,,,,,,,,,,,,,1828651,,,,,,,
贵州,移动,,,,,,,,,,,,,,,,,,1828652,,,,,,,
贵州,移动,,,,,,,,,,,,,,,,,,1828653,,,,,,,
贵州,移动,,,,,,,,,,,,,,,,,,1828654,,,,,,,
贵州,移动,,,,,,,,,,,,,,,,,,1828655,,,,,,,
贵州,移动,,,,,,,,,,,,,,,,,,1828656,,,,,,,
贵州,移动,,,,,,,,,,,,,,,,,,1828657,,,,,,,
贵州,移动,,,,,,,,,,,,,,,,,,1828658,,,,,,,
贵州,移动,,,,,,,,,,,,,,,,,,1828659,,,,,,,
贵州,移动,,,,,,,,,,,,,,,,,,1828660,,,,,,,
贵州,移动,,,,,,,,,,,,,,,,,,1828661,,,,,,,
贵州,移动,,,,,,,,,,,,,,,,,,1828662,,,,,,,
贵州,移动,,,,,,,,,,,,,,,,,,1828663,,,,,,,
贵州,移动,,,,,,,,,,,,,,,,,,1828664,,,,,,,
贵州,移动,,,,,,,,,,,,,,,,,,1828665,,,,,,,
贵州,移动,,,,,,,,,,,,,,,,,,1828666,,,,,,,
贵州,移动,,,,,,,,,,,,,,,,,,1828667,,,,,,,
贵州,移动,,,,,,,,,,,,,,,,,,1828668,,,,,,,
贵州,移动,,,,,,,,,,,,,,,,,,1828669,,,,,,,
贵州,移动,,,,,,,,,,,,,,,,,,1828670,,,,,,,
贵州,移动,,,,,,,,,,,,,,,,,,1828671,,,,,,,
贵州,移动,,,,,,,,,,,,,,,,,,1828672,,,,,,,
贵州,移动,,,,,,,,,,,,,,,,,,1828673,,,,,,,
贵州,移动,,,,,,,,,,,,,,,,,,1828674,,,,,,,
贵州,移动,,,,,,,,,,,,,,,,,,1828675,,,,,,,
贵州,移动,,,,,,,,,,,,,,,,,,1828676,,,,,,,
贵州,移动,,,,,,,,,,,,,,,,,,1828677,,,,,,,
贵州,移动,,,,,,,,,,,,,,,,,,1828678,,,,,,,
贵州,移动,,,,,,,,,,,,,,,,,,1828679,,,,,,,
贵州,移动,,,,,,,,,,,,,,,,,,1828680,,,,,,,
贵州,移动,,,,,,,,,,,,,,,,,,1828681,,,,,,,
贵州,移动,,,,,,,,,,,,,,,,,,1828682,,,,,,,
贵州,移动,,,,,,,,,,,,,,,,,,1828683,,,,,,,
贵州,移动,,,,,,,,,,,,,,,,,,1828684,,,,,,,
贵州,移动,,,,,,,,,,,,,,,,,,1828685,,,,,,,
贵州,移动,,,,,,,,,,,,,,,,,,1828686,,,,,,,
贵州,移动,,,,,,,,,,,,,,,,,,1828687,,,,,,,
贵州,移动,,,,,,,,,,,,,,,,,,1828688,,,,,,,
贵州,移动,,,,,,,,,,,,,,,,,,1828689,,,,,,,
贵州,移动,,,,,,,,,,,,,,,,,,1828690,,,,,,,
贵州,移动,,,,,,,,,,,,,,,,,,1828691,,,,,,,
贵州,移动,,,,,,,,,,,,,,,,,,1828692,,,,,,,
贵州,移动,,,,,,,,,,,,,,,,,,1828693,,,,,,,
贵州,移动,,,,,,,,,,,,,,,,,,1828694,,,,,,,
贵州,移动,,,,,,,,,,,,,,,,,,1828695,,,,,,,
贵州,移动,,,,,,,,,,,,,,,,,,1828696,,,,,,,
贵州,移动,,,,,,,,,,,,,,,,,,1828697,,,,,,,
贵州,移动,,,,,,,,,,,,,,,,,,1828698,,,,,,,
贵州,移动,,,,,,,,,,,,,,,,,,1828699,,,,,,,
贵州,移动,,,,,,,,,,,,,,,,,,1829600,,,,,,,
贵州,移动,,,,,,,,,,,,,,,,,,1829601,,,,,,,
贵州,移动,,,,,,,,,,,,,,,,,,1829602,,,,,,,
贵州,移动,,,,,,,,,,,,,,,,,,1829603,,,,,,,
贵州,移动,,,,,,,,,,,,,,,,,,1829604,,,,,,,
贵州,移动,,,,,,,,,,,,,,,,,,1829605,,,,,,,
贵州,移动,,,,,,,,,,,,,,,,,,1829606,,,,,,,
贵州,移动,,,,,,,,,,,,,,,,,,1829607,,,,,,,
贵州,移动,,,,,,,,,,,,,,,,,,1829608,,,,,,,
贵州,移动,,,,,,,,,,,,,,,,,,1829609,,,,,,,
