省份,运营商,192 号段
湖北,广电,1920270
湖北,广电,1920271
湖北,广电,1920272
湖北,广电,1920273
湖北,广电,1920274
湖北,广电,1920275
湖北,广电,1920276
湖北,广电,1920277
湖北,广电,1920278
湖北,广电,1920279
湖北,广电,1920700
湖北,广电,1920701
湖北,广电,1920702
湖北,广电,1920703
湖北,广电,1920704
湖北,广电,1920705
湖北,广电,1920706
湖北,广电,1920707
湖北,广电,1920708
湖北,广电,1920709
湖北,广电,1920710
湖北,广电,1920711
湖北,广电,1920712
湖北,广电,1920713
湖北,广电,1920714
湖北,广电,1920715
湖北,广电,1920716
湖北,广电,1920717
湖北,广电,1920718
湖北,广电,1920719
湖北,广电,1920720
湖北,广电,1920721
湖北,广电,1920722
湖北,广电,1920723
湖北,广电,1920724
湖北,广电,1920725
湖北,广电,1920726
湖北,广电,1920727
湖北,广电,1920728
湖北,广电,1920729
湖北,广电,1921270
湖北,广电,1921271
湖北,广电,1921272
湖北,广电,1921273
湖北,广电,1921274
湖北,广电,1921275
湖北,广电,1921276
湖北,广电,1921277
湖北,广电,1921278
湖北,广电,1921279
湖北,广电,1921720
湖北,广电,1921721
湖北,广电,1921722
湖北,广电,1921723
湖北,广电,1921724
湖北,广电,1921725
湖北,广电,1921726
湖北,广电,1921727
湖北,广电,1921728
湖北,广电,1921729
湖北,广电,1922270
湖北,广电,1922271
湖北,广电,1922272
湖北,广电,1922273
湖北,广电,1922274
湖北,广电,1922275
湖北,广电,1922276
湖北,广电,1922277
湖北,广电,1922278
湖北,广电,1922279
湖北,广电,1922327
湖北,广电,1922370
湖北,广电,1922372
湖北,广电,1922378
湖北,广电,1922384
湖北,广电,1922399
湖北,广电,1922427
湖北,广电,1922434
湖北,广电,1922462
湖北,广电,1922468
湖北,广电,1922710
湖北,广电,1922711
湖北,广电,1922712
湖北,广电,1922713
湖北,广电,1922714
湖北,广电,1922715
湖北,广电,1922716
湖北,广电,1922717
湖北,广电,1922718
湖北,广电,1922719
湖北,广电,1922720
湖北,广电,1922721
湖北,广电,1922722
湖北,广电,1922723
湖北,广电,1922724
湖北,广电,1922725
湖北,广电,1922726
湖北,广电,1922727
湖北,广电,1922728
湖北,广电,1922729
湖北,广电,1922790
湖北,广电,1922791
湖北,广电,1922792
湖北,广电,1922793
湖北,广电,1922794
湖北,广电,1922795
湖北,广电,1922796
湖北,广电,1922797
湖北,广电,1922798
湖北,广电,1922799
湖北,广电,1923050
湖北,广电,1923051
湖北,广电,1923052
湖北,广电,1923053
湖北,广电,1923054
湖北,广电,1923055
湖北,广电,1923056
湖北,广电,1923057
湖北,广电,1923058
湖北,广电,1923059
湖北,广电,1923060
湖北,广电,1923061
湖北,广电,1923062
湖北,广电,1923063
湖北,广电,1923064
湖北,广电,1923065
湖北,广电,1923066
湖北,广电,1923067
湖北,广电,1923068
湖北,广电,1923069
湖北,广电,1923270
湖北,广电,1923271
湖北,广电,1923272
湖北,广电,1923273
湖北,广电,1923274
湖北,广电,1923275
湖北,广电,1923276
湖北,广电,1923277
湖北,广电,1923278
湖北,广电,1923279
湖北,广电,1923710
湖北,广电,1923711
湖北,广电,1923712
湖北,广电,1923713
湖北,广电,1923714
湖北,广电,1923715
湖北,广电,1923716
湖北,广电,1923717
湖北,广电,1923718
湖北,广电,1923719
湖北,广电,1923720
湖北,广电,1923721
湖北,广电,1923722
湖北,广电,1923723
湖北,广电,1923724
湖北,广电,1923725
湖北,广电,1923726
湖北,广电,1923727
湖北,广电,1923728
湖北,广电,1923729
湖北,广电,1923790
湖北,广电,1923791
湖北,广电,1923792
湖北,广电,1923793
湖北,广电,1923794
湖北,广电,1923795
湖北,广电,1923796
湖北,广电,1923797
湖北,广电,1923798
湖北,广电,1923799
湖北,广电,1924270
湖北,广电,1924271
湖北,广电,1924272
湖北,广电,1924273
湖北,广电,1924274
湖北,广电,1924275
湖北,广电,1924276
湖北,广电,1924277
湖北,广电,1924278
湖北,广电,1924279
湖北,广电,1924710
湖北,广电,1924711
湖北,广电,1924712
湖北,广电,1924713
湖北,广电,1924714
湖北,广电,1924715
湖北,广电,1924716
湖北,广电,1924717
湖北,广电,1924718
湖北,广电,1924719
湖北,广电,1924720
湖北,广电,1924721
湖北,广电,1924722
湖北,广电,1924723
湖北,广电,1924724
湖北,广电,1924725
湖北,广电,1924726
湖北,广电,1924727
湖北,广电,1924728
湖北,广电,1924729
湖北,广电,1925270
湖北,广电,1925271
湖北,广电,1925272
湖北,广电,1925273
湖北,广电,1925274
湖北,广电,1925275
湖北,广电,1925276
湖北,广电,1925277
湖北,广电,1925278
湖北,广电,1925279
湖北,广电,1925710
湖北,广电,1925711
湖北,广电,1925712
湖北,广电,1925713
湖北,广电,1925714
湖北,广电,1925715
湖北,广电,1925716
湖北,广电,1925717
湖北,广电,1925718
湖北,广电,1925719
湖北,广电,1925720
湖北,广电,1925721
湖北,广电,1925722
湖北,广电,1925723
湖北,广电,1925724
湖北,广电,1925725
湖北,广电,1925726
湖北,广电,1925727
湖北,广电,1925728
湖北,广电,1925729
湖北,广电,1925860
湖北,广电,1925861
湖北,广电,1925862
湖北,广电,1925863
湖北,广电,1925864
湖北,广电,1925865
湖北,广电,1925866
湖北,广电,1925867
湖北,广电,1925868
湖北,广电,1925869
湖北,广电,1926270
湖北,广电,1926271
湖北,广电,1926272
湖北,广电,1926273
湖北,广电,1926274
湖北,广电,1926275
湖北,广电,1926276
湖北,广电,1926277
湖北,广电,1926278
湖北,广电,1926279
湖北,广电,1926710
湖北,广电,1926711
湖北,广电,1926712
湖北,广电,1926713
湖北,广电,1926714
湖北,广电,1926715
湖北,广电,1926716
湖北,广电,1926717
湖北,广电,1926718
湖北,广电,1926719
湖北,广电,1926720
湖北,广电,1926721
湖北,广电,1926722
湖北,广电,1926723
湖北,广电,1926724
湖北,广电,1926725
湖北,广电,1926726
湖北,广电,1926727
湖北,广电,1926728
湖北,广电,1926729
湖北,广电,1926840
湖北,广电,1926841
湖北,广电,1926842
湖北,广电,1926843
湖北,广电,1926844
湖北,广电,1926845
湖北,广电,1926846
湖北,广电,1926847
湖北,广电,1926848
湖北,广电,1926849
湖北,广电,1927120
湖北,广电,1927121
湖北,广电,1927122
湖北,广电,1927123
湖北,广电,1927124
湖北,广电,1927125
湖北,广电,1927126
湖北,广电,1927127
湖北,广电,1927128
湖北,广电,1927129
湖北,广电,1927270
湖北,广电,1927271
湖北,广电,1927272
湖北,广电,1927273
湖北,广电,1927274
湖北,广电,1927275
湖北,广电,1927276
湖北,广电,1927277
湖北,广电,1927278
湖北,广电,1927279
湖北,广电,1927710
湖北,广电,1927711
湖北,广电,1927712
湖北,广电,1927713
湖北,广电,1927714
湖北,广电,1927715
湖北,广电,1927716
湖北,广电,1927717
湖北,广电,1927718
湖北,广电,1927719
湖北,广电,1927720
湖北,广电,1927721
湖北,广电,1927722
湖北,广电,1927723
湖北,广电,1927724
湖北,广电,1927725
湖北,广电,1927726
湖北,广电,1927727
湖北,广电,1927728
湖北,广电,1927729
湖北,广电,1928010
湖北,广电,1928011
湖北,广电,1928012
湖北,广电,1928013
湖北,广电,1928014
湖北,广电,1928015
湖北,广电,1928016
湖北,广电,1928017
湖北,广电,1928018
湖北,广电,1928019
湖北,广电,1928270
湖北,广电,1928271
湖北,广电,1928272
湖北,广电,1928273
湖北,广电,1928274
湖北,广电,1928275
湖北,广电,1928276
湖北,广电,1928277
湖北,广电,1928278
湖北,广电,1928279
湖北,广电,1928700
湖北,广电,1928701
湖北,广电,1928702
湖北,广电,1928703
湖北,广电,1928704
湖北,广电,1928705
湖北,广电,1928706
湖北,广电,1928707
湖北,广电,1928708
湖北,广电,1928709
湖北,广电,1928710
湖北,广电,1928711
湖北,广电,1928712
湖北,广电,1928713
湖北,广电,1928714
湖北,广电,1928715
湖北,广电,1928716
湖北,广电,1928717
湖北,广电,1928718
湖北,广电,1928719
湖北,广电,1928720
湖北,广电,1928721
湖北,广电,1928722
湖北,广电,1928723
湖北,广电,1928724
湖北,广电,1928725
湖北,广电,1928726
湖北,广电,1928727
湖北,广电,1928728
湖北,广电,1928729
湖北,广电,1929270
湖北,广电,1929271
湖北,广电,1929272
湖北,广电,1929273
湖北,广电,1929274
湖北,广电,1929275
湖北,广电,1929276
湖北,广电,1929277
湖北,广电,1929278
湖北,广电,1929279
湖北,广电,1929700
湖北,广电,1929701
湖北,广电,1929702
湖北,广电,1929703
湖北,广电,1929704
湖北,广电,1929705
湖北,广电,1929706
湖北,广电,1929707
湖北,广电,1929708
湖北,广电,1929709
湖北,广电,1929710
湖北,广电,1929711
湖北,广电,1929712
湖北,广电,1929713
湖北,广电,1929714
湖北,广电,1929715
湖北,广电,1929716
湖北,广电,1929717
湖北,广电,1929718
湖北,广电,1929719
湖北,广电,1929720
湖北,广电,1929721
湖北,广电,1929722
湖北,广电,1929723
湖北,广电,1929724
湖北,广电,1929725
湖北,广电,1929726
湖北,广电,1929727
湖北,广电,1929728
湖北,广电,1929729
