省份,运营商,130 号段,131 号段,132 号段,145 号段,155 号段,156 号段,166 号段,167 号段,171 号段,175 号段,176 号段,185号段,186 号段,196 号段
重庆,联通,1300230,1310100,1320600,1452360,1550230,1560830,1660230,1670014,1711970,1750230,1760230,1850230,1860230,1960230
重庆,联通,1300231,1310101,1320601,1452361,1550231,1560831,1660231,1670023,1711971,1750231,1760231,1850231,1860231,1960231
重庆,联通,1300232,1310102,1320602,1452362,1550232,1560832,1660232,1670060,1711972,1750232,1760232,1850232,1860232,1960232
重庆,联通,1300233,1310103,1320603,1452363,1550233,1560833,1660233,1670091,1711973,1750233,1760233,1850233,1860233,1960233
重庆,联通,1300234,1310104,1320604,1452364,1550234,1560834,1660234,1670180,1711974,1750234,1760234,1850234,1860234,1960234
重庆,联通,1300235,1310105,1320605,1452365,1550235,1560835,1660235,1670216,1711975,1750235,1760235,1850235,1860235,1960235
重庆,联通,1300236,1310106,1320606,1452366,1550236,1560836,1660236,1670230,1711976,1750236,1760236,1850236,1860236,1960236
重庆,联通,1300237,1310107,1320607,1452367,1550237,1560837,1660237,1670231,1711977,1750237,1760237,1850237,1860237,1960237
重庆,联通,1300238,1310108,1320608,1452368,1550238,1560838,1660238,1670237,1711978,1750238,1760238,1850238,1860238,1960238
重庆,联通,1300239,1310109,1320609,1452369,1550239,1560839,1660239,1670258,1711979,1750239,1760239,1850239,1860239,1960239
重庆,联通,1300830,1310110,1320610,1452370,1552000,1568300,1661230,1670423,1711980,1751230,1761230,1851230,1862300,1961230
重庆,联通,1300831,1310111,1320611,1452371,1552001,1568301,1661231,1670485,1711981,1751231,1761231,1851231,1862301,1961231
重庆,联通,1300832,1310112,1320612,1452372,1552002,1568302,1661232,1670493,1711982,1751232,1761232,1851232,1862302,1961232
重庆,联通,1300833,1310113,1320613,1452373,1552003,1568303,1661233,1670741,1711983,1751233,1761233,1851233,1862303,1961233
重庆,联通,1300834,1310114,1320614,1452374,1552004,1568304,1661234,1672900,1711984,1751234,1761234,1851234,1862304,1961234
重庆,联通,1300835,1310115,1320615,1452375,1552005,1568305,1661235,1672901,1711985,1751235,1761235,1851235,1862305,1961235
重庆,联通,1300836,1310116,1320616,1452376,1552006,1568306,1661236,1672902,1711986,1751236,1761236,1851236,1862306,1961236
重庆,联通,1300837,1310117,1320617,1452377,1552007,1568307,1661237,1672903,1711987,1751237,1761237,1851237,1862307,1961237
重庆,联通,1300838,1310118,1320618,1452378,1552008,1568308,1661238,1672904,1711988,1751238,1761238,1851238,1862308,1961238
重庆,联通,1300839,1310119,1320619,1452379,1552009,1568309,1661239,1672905,1711989,1751239,1761239,1851239,1862309,1961239
重庆,联通,1301083,1310120,1320620,1453360,1552010,1568310,1662300,1672906,1712490,1752300,1762300,1852300,1862310,1962300
重庆,联通,1301230,1310121,1320621,1453361,1552011,1568311,1662301,1672907,1712491,1752301,1762301,1852301,1862311,1962301
重庆,联通,1301231,1310122,1320622,1453362,1552012,1568312,1662302,1672908,1712492,1752302,1762302,1852302,1862312,1962302
重庆,联通,1301232,1310123,1320623,1453363,1552013,1568313,1662303,1672909,1712493,1752303,1762303,1852303,1862313,1962303
重庆,联通,1301233,1310124,1320624,1453364,1552014,1568314,1662304,1673230,1712494,1752304,1762304,1852304,1862314,1962304
重庆,联通,1301234,1310125,1320625,1453365,1552015,1568315,1662305,1673231,1712495,1752305,1762305,1852305,1862315,1962305
重庆,联通,1301235,1310126,1320626,1453370,1552016,1568316,1662306,1673232,1712496,1752306,1762306,1852306,1862316,1962306
重庆,联通,1301236,1310127,1320627,1453371,1552017,1568317,1662307,1673233,1712497,1752307,1762307,1852307,1862317,1962307
重庆,联通,1301237,1310128,1320628,1453372,1552018,1568318,1662308,1673234,1712498,1752308,1762308,1852308,1862318,1962308
重庆,联通,1301238,1310129,1320629,1453373,1552019,1568319,1662309,1673235,1712499,1752309,1762309,1852309,1862319,1962309
重庆,联通,1301239,1310130,1321230,1453374,1552300,1568320,1662310,1673236,1713090,1752310,1762310,1852310,1862320,
重庆,联通,1301830,1310131,1321231,1453375,1552301,1568321,1662311,1673237,1713091,1752311,1762311,1852311,1862321,
重庆,联通,1301831,1310132,1321232,1453376,1552302,1568322,1662312,1673238,1713092,1752312,1762312,1852312,1862322,
重庆,联通,1301832,1310133,1321233,1453377,1552303,1568323,1662313,1673239,1713093,1752313,1762313,1852313,1862323,
重庆,联通,1301833,1310134,1321234,1453378,1552304,1568324,1662314,1674931,1713094,1752314,1762314,1852314,1862324,
重庆,联通,1301834,1310135,1321235,1453379,1552305,1568325,1662315,1675023,1713095,1752315,1762315,1852315,1862325,
重庆,联通,1301835,1310136,1321236,1454220,1552306,1568326,1662316,1675445,1713096,1752316,1762316,1852316,1862326,
重庆,联通,1301836,1310137,1321237,1454221,1552307,1568327,1662317,1675446,1713097,1752317,1762317,1852317,1862327,
重庆,联通,1301837,1310138,1321238,1454222,1552308,1568328,1662318,1675447,1713098,1752318,1762318,1852318,1862328,
重庆,联通,1301838,1310139,1321239,1454223,1552309,1568329,1662319,1675448,1713099,1752319,1762319,1852319,1862329,
重庆,联通,1301839,1310230,1321240,1454224,1552310,1568330,1662320,1675449,1713230,1752320,1762320,1852320,1862330,
重庆,联通,1302230,1310231,1321241,1454225,1552311,1568331,1662321,1675460,1713231,1752321,1762321,1852321,1862331,
重庆,联通,1302231,1310232,1321242,1454226,1552312,1568332,1662322,1675461,1713232,1752322,1762322,1852322,1862332,
重庆,联通,1302232,1310233,1321243,1454227,1552313,1568333,1662323,1675462,1713233,1752323,1762323,1852323,1862333,
重庆,联通,1302233,1310234,1321244,1454228,1552314,1568334,1662324,1675463,1713234,1752324,1762324,1852324,1862334,
重庆,联通,1302234,1310235,1321245,1454229,1552315,1568335,1662325,1675465,1713235,1752325,1762325,1852325,1862335,
重庆,联通,1302235,1310236,1321246,1454230,1552316,1568336,1662326,1675878,1713236,1752326,1762326,1852326,1862336,
重庆,联通,1302236,1310237,1321247,1454231,1552317,1568337,1662327,1676023,1713237,1752327,1762327,1852327,1862337,
重庆,联通,1302237,1310238,1321248,1454232,1552318,1568338,1662328,1676466,1713238,1752328,1762328,1852328,1862338,
重庆,联通,1302238,1310239,1321249,1454233,1552319,1568339,1662329,1676470,1713239,1752329,1762329,1852329,1862339,
重庆,联通,1302239,1310890,1321250,1454234,1552320,1568340,1662330,1676480,1714023,1752330,1762330,1852330,1862340,
重庆,联通,1302830,1310891,1321251,1454235,1552321,1568341,1662331,1676481,1714940,1752331,1762331,1852331,1862341,
重庆,联通,1302831,1310892,1321252,1454236,1552322,1568342,1662332,1676484,1714941,1752332,1762332,1852332,1862342,
重庆,联通,1302832,1310893,1321253,1454237,1552323,1568343,1662333,1676485,1714942,1752333,1762333,1852333,1862343,
重庆,联通,1302833,1310894,1321254,1454238,1552324,1568344,1662334,1676486,1714944,1752334,1762334,1852334,1862344,
重庆,联通,1302834,1310895,1321255,1454239,1552325,1568345,1662335,1676487,1714945,1752335,1762335,1852335,1862345,
重庆,联通,1302835,1310896,1321256,1457300,1552326,1568346,1662336,1676488,1714946,1752336,1762336,1852336,1862346,
重庆,联通,1302836,1310897,1321257,1457301,1552327,1568347,1662337,1676489,1714947,1752337,1762337,1852337,1862347,
重庆,联通,1302837,1310898,1321258,1457302,1552328,1568348,1662338,1676490,1714948,1752338,1762338,1852338,1862348,
重庆,联通,1302838,1310899,1321259,1457303,1552329,1568349,1662339,1676491,1715230,1752339,1762339,1852339,1862349,
重庆,联通,1302839,1311010,1322020,1457304,1552330,1568350,1662340,1676492,1715231,1752340,1762340,1852340,1862350,
重庆,联通,1303230,1311011,1322021,1457305,1552331,1568351,1662341,1676493,1715232,1752341,1762341,1852341,1862351,
重庆,联通,1303231,1311012,1322022,1457306,1552332,1568352,1662342,1677023,1715233,1752342,1762342,1852342,1862352,
重庆,联通,1303232,1311013,1322023,1457307,1552333,1568353,1662343,1678164,1715234,1752343,1762343,1852343,1862353,
重庆,联通,1303233,1311014,1322024,1457308,1552334,1568354,1662344,1678225,1715235,1752344,1762344,1852344,1862354,
重庆,联通,1303234,1311015,1322025,1457309,1552335,1568355,1662345,1678304,1715236,1752345,1762345,1852345,1862355,
重庆,联通,1303235,1311016,1322026,1459190,1552336,1568356,1662346,1678305,1715237,1752346,1762346,1852346,1862356,
重庆,联通,1303236,1311017,1322027,1459191,1552337,1568357,1662347,1678306,1715238,1752347,1762347,1852347,1862357,
重庆,联通,1303237,1311018,1322028,1459192,1552338,1568358,1662348,1678307,1715239,1752348,1762348,1852348,1862358,
重庆,联通,1303238,1311019,1322029,1459193,1552339,1568359,1662349,1678308,1716230,1752349,1762349,1852349,1862359,
重庆,联通,1303239,1311020,1322030,1459194,1552340,1568360,1662350,1678701,1716231,1752350,1762350,1852350,1862360,
重庆,联通,1303630,1311021,1322031,1459195,1552341,1568361,1662351,1678702,1716232,1752351,1762351,1852351,1862361,
重庆,联通,1303631,1311022,1322032,1459196,1552342,1568362,1662352,1678703,1716233,1752352,1762352,1852352,1862362,
重庆,联通,1303632,1311023,1322033,1459197,1552343,1568363,1662353,1678806,1716234,1752353,1762353,1852353,1862363,
重庆,联通,1303633,1311024,1322034,1459198,1552344,1568364,1662354,1678807,1716235,1752354,1762354,1852354,1862364,
重庆,联通,1303634,1311025,1322035,1459199,1552345,1568365,1662355,1678808,1716236,1752355,1762355,1852355,1862365,
重庆,联通,1303635,1311026,1322036,1459250,1552346,1568366,1662356,1678809,1716237,1752356,1762356,1852356,1862366,
重庆,联通,1303636,1311027,1322037,1459251,1552347,1568367,1662357,1678810,1716238,1752357,1762357,1852357,1862367,
重庆,联通,1303637,1311028,1322038,1459252,1552348,1568368,1662358,1678812,1716239,1752358,1762358,1852358,1862368,
重庆,联通,1303638,1311029,1322039,1459253,1552349,1568369,1662359,1678877,1717230,1752359,1762359,1852359,1862369,
重庆,联通,1303639,1311400,1322400,1459254,1552350,1568370,1662360,1678991,1717231,1752360,1762360,1852360,1868070,
重庆,联通,1303830,1311401,1322401,1459255,1552351,1568371,1662361,1679023,1717232,1752361,1762361,1852361,1868071,
重庆,联通,1303831,1311402,1322402,1459256,1552352,1568372,1662362,,1717233,1752362,1762362,1852362,1868072,
重庆,联通,1303832,1311403,1322403,1459257,1552353,1568373,1662363,,1717234,1752363,1762363,1852363,1868073,
重庆,联通,1303833,1311404,1322404,1459258,1552354,1568374,1662364,,1717235,1752364,1762364,1852364,1868074,
重庆,联通,1303834,1311405,1322405,1459259,1552355,1568375,1662365,,1717236,1752365,1762365,1852365,1868075,
重庆,联通,1303835,1311406,1322406,1459260,1552356,1568376,1662366,,1717237,1752366,1762366,1852366,1868076,
重庆,联通,1303836,1311407,1322407,1459261,1552357,1568377,1662367,,1717238,1752367,1762367,1852367,1868077,
重庆,联通,1303837,1311408,1322408,1459262,1552358,1568378,1662368,,1717239,1752368,1762368,1852368,1868078,
重庆,联通,1303838,1311409,1322409,1459263,1552359,1568379,1662369,,1718230,1752369,1762369,1852369,1868079,
重庆,联通,1303839,1313230,1322490,1459264,1552360,1568380,1662370,,1718231,1752370,1762370,1852370,1868080,
重庆,联通,1304230,1313231,1322491,1459265,1552361,1568381,1662371,,1718232,1752371,1762371,1852371,1868081,
重庆,联通,1304231,1313232,1322492,1459266,1552362,1568382,1662372,,1718233,1752372,1762372,1852372,1868082,
重庆,联通,1304232,1313233,1322493,1459267,1552363,1568383,1662373,,1718234,1752373,1762373,1852373,1868083,
重庆,联通,1304233,1313234,1322494,1459268,1552364,1568384,1662374,,1718235,1752374,1762374,1852374,1868084,
重庆,联通,1304234,1313235,1322495,1459269,1552365,1568385,1662375,,1718236,1752375,1762375,1852375,1868085,
重庆,联通,1304235,1313236,1322496,1459270,1552366,1568386,1662376,,1718237,1752376,1762376,1852376,1868086,
重庆,联通,1304236,1313237,1322497,1459271,1552367,1568387,1662377,,1718238,1752377,1762377,1852377,1868087,
重庆,联通,1304237,1313238,1322498,1459272,1552368,1568388,1662378,,1718239,1752378,1762378,1852378,1868088,
重庆,联通,1304238,1313239,1322499,1459273,1552369,1568389,1662379,,1719230,1752379,1762379,1852379,1868089,
重庆,联通,1304239,1314020,1322850,1459274,1552370,1568390,1662380,,1719231,1752380,1762380,1852380,1868090,
重庆,联通,1304730,1314021,1322851,1459275,1552371,1568391,1662381,,1719232,1752381,1762381,1852381,1868091,
重庆,联通,1304731,1314022,1322852,1459276,1552372,1568392,1662382,,1719233,1752382,1762382,1852382,1868092,
重庆,联通,1304732,1314023,1322853,1459277,1552373,1568393,1662383,,1719234,1752383,1762383,1852383,1868093,
重庆,联通,1304733,1314024,1322854,1459278,1552374,1568394,1662384,,1719235,1752384,1762384,1852384,1868094,
重庆,联通,1304734,1314025,1322855,1459279,1552375,1568395,1662385,,1719236,1752385,1762385,1852385,1868095,
重庆,联通,1304735,1314026,1322856,1459280,1552376,1568396,1662386,,1719237,1752386,1762386,1852386,1868096,
重庆,联通,1304736,1314027,1322857,1459281,1552377,1568397,1662387,,1719238,1752387,1762387,1852387,1868097,
重庆,联通,1304737,1314028,1322858,1459282,1552378,1568398,1662388,,1719239,1752388,1762388,1852388,1868098,
重庆,联通,1304738,1314029,1322859,1459283,1552379,1568399,1662389,,1719720,1752389,1762389,1852389,1868099,
重庆,联通,1304739,1314030,1322860,1459284,1552380,1569600,1662390,,1719721,1752390,1762390,1852390,1869650,
重庆,联通,1304830,1314031,1322861,1459285,1552381,1569601,1662391,,1719722,1752391,1762391,1852391,1869651,
重庆,联通,1304831,1314032,1322862,1459286,1552382,1569602,1662392,,1719723,1752392,1762392,1852392,1869652,
重庆,联通,1304832,1314033,1322863,1459287,1552383,1569603,1662393,,1719724,1752393,1762393,1852393,1869653,
重庆,联通,1304833,1314034,1322864,1459288,1552384,1569604,1662394,,1719725,1752394,1762394,1852394,1869654,
重庆,联通,1304834,1314035,1322865,1459289,1552385,1569605,1662395,,1719726,1752395,1762395,1852395,1869655,
重庆,联通,1304835,1314036,1322866,1459290,1552386,1569606,1662396,,1719727,1752396,1762396,1852396,1869656,
重庆,联通,1304836,1314037,1322867,1459291,1552387,1569607,1662397,,1719728,1752397,1762397,1852397,1869657,
重庆,联通,1304837,1314038,1322868,1459292,1552388,1569608,1662398,,1719729,1752398,1762398,1852398,1869658,
重庆,联通,1304838,1314039,1322869,1459293,1552389,1569609,1662399,,,1752399,1762399,1852399,1869659,
重庆,联通,1304839,1316440,1324350,1459294,1552390,1569610,1666230,,,1758100,1764950,1858000,1869660,
重庆,联通,1304840,1316441,1324351,1459295,1552391,1569611,1666231,,,1758101,1764951,1858001,1869661,
重庆,联通,1304841,1316442,1324352,1459296,1552392,1569612,1666232,,,1758102,1764952,1858002,1869662,
重庆,联通,1304842,1316443,1324353,1459297,1552393,1569613,1666233,,,1758103,1764953,1858003,1869663,
重庆,联通,1304843,1316444,1324354,1459298,1552394,1569614,1666234,,,1758104,1764954,1858004,1869664,
重庆,联通,1304844,1316445,1324355,1459299,1552395,1569615,1666235,,,1758105,1764955,1858005,1869665,
重庆,联通,1304845,1316446,1324356,,1552396,1569616,1666236,,,1758106,1764956,1858006,1869666,
重庆,联通,1304846,1316447,1324357,,1552397,1569617,1666237,,,1758107,1764957,1858007,1869667,
重庆,联通,1304847,1316448,1324358,,1552398,1569618,1666238,,,1758108,1764958,1858008,1869668,
重庆,联通,1304848,1316449,1324359,,1552399,1569619,1666239,,,1758109,1764959,1858009,1869669,
重庆,联通,1304849,1316780,1325110,,,1569620,1668100,,,1758110,,1858010,1869670,
重庆,联通,1306020,1316781,1325111,,,1569621,1668101,,,1758111,,1858011,1869671,
重庆,联通,1306021,1316782,1325112,,,1569622,1668102,,,1758112,,1858012,1869672,
重庆,联通,1306022,1316783,1325113,,,1569623,1668103,,,1758113,,1858013,1869673,
重庆,联通,1306023,1316784,1325114,,,1569624,1668104,,,1758114,,1858014,1869674,
重庆,联通,1306024,1316785,1325115,,,1569625,1668105,,,1758115,,1858015,1869675,
重庆,联通,1306025,1316786,1325116,,,1569626,1668106,,,1758116,,1858016,1869676,
重庆,联通,1306026,1316787,1325117,,,1569627,1668107,,,1758117,,1858017,1869677,
重庆,联通,1306027,1316788,1325118,,,1569628,1668108,,,1758118,,1858018,1869678,
重庆,联通,1306028,1316789,1325119,,,1569629,1668109,,,1758119,,1858019,1869679,
重庆,联通,1306029,1316790,1325120,,,1569630,1668110,,,,,1858020,1869680,
重庆,联通,1306230,1316791,1325121,,,1569631,1668111,,,,,1858021,1869681,
重庆,联通,1306231,1316792,1325122,,,1569632,1668112,,,,,1858022,1869682,
重庆,联通,1306232,1316793,1325123,,,1569633,1668113,,,,,1858023,1869683,
重庆,联通,1306233,1316794,1325124,,,1569634,1668114,,,,,1858024,1869684,
重庆,联通,1306234,1316795,1325125,,,1569635,1668115,,,,,1858025,1869685,
重庆,联通,1306235,1316796,1325126,,,1569636,1668116,,,,,1858026,1869686,
重庆,联通,1306236,1316797,1325127,,,1569637,1668117,,,,,1858027,1869687,
重庆,联通,1306237,1316798,1325128,,,1569638,1668118,,,,,1858028,1869688,
重庆,联通,1306238,1316799,1325129,,,1569639,1668119,,,,,1858029,1869689,
重庆,联通,1306239,1319300,1325130,,,1569640,1668120,,,,,1858030,1869690,
重庆,联通,1306830,1319301,1325131,,,1569641,1668121,,,,,1858031,1869691,
重庆,联通,1306831,1319302,1325132,,,1569642,1668122,,,,,1858032,1869692,
重庆,联通,1306832,1319303,1325133,,,1569643,1668123,,,,,1858033,1869693,
重庆,联通,1306833,1319304,1325134,,,1569644,1668124,,,,,1858034,1869694,
重庆,联通,1306834,1319305,1325135,,,1569645,1668125,,,,,1858035,1869695,
重庆,联通,1306835,1319306,1325136,,,1569646,1668126,,,,,1858036,1869696,
重庆,联通,1306836,1319307,1325137,,,1569647,1668127,,,,,1858037,1869697,
重庆,联通,1306837,1319308,1325138,,,1569648,1668128,,,,,1858038,1869698,
重庆,联通,1306838,1319309,1325139,,,1569649,1668129,,,,,1858039,1869699,
重庆,联通,1306839,1319310,1325140,,,1569650,1668230,,,,,1858040,,
重庆,联通,1307230,1319311,1325141,,,1569651,1668231,,,,,1858041,,
重庆,联通,1307231,1319312,1325142,,,1569652,1668232,,,,,1858042,,
重庆,联通,1307232,1319313,1325143,,,1569653,1668233,,,,,1858043,,
重庆,联通,1307233,1319314,1325144,,,1569654,1668234,,,,,1858044,,
重庆,联通,1307234,1319315,1325145,,,1569655,1668235,,,,,1858045,,
重庆,联通,1307235,1319316,1325146,,,1569656,1668236,,,,,1858046,,
重庆,联通,1307236,1319317,1325147,,,1569657,1668237,,,,,1858047,,
重庆,联通,1307237,1319318,1325148,,,1569658,1668238,,,,,1858048,,
重庆,联通,1307238,1319319,1325149,,,1569659,1668239,,,,,1858049,,
重庆,联通,1307239,1319320,1327180,,,1569660,,,,,,1858050,,
重庆,联通,1307540,1319321,1327181,,,1569661,,,,,,1858051,,
重庆,联通,1307541,1319322,1327182,,,1569662,,,,,,1858052,,
重庆,联通,1307542,1319323,1327183,,,1569663,,,,,,1858053,,
重庆,联通,1307543,1319324,1327184,,,1569664,,,,,,1858054,,
重庆,联通,1307544,1319325,1327185,,,1569665,,,,,,1858055,,
重庆,联通,1307545,1319326,1327186,,,1569666,,,,,,1858056,,
重庆,联通,1307546,1319327,1327187,,,1569667,,,,,,1858057,,
重庆,联通,1307547,1319328,1327188,,,1569668,,,,,,1858058,,
重庆,联通,1307548,1319329,1327189,,,1569669,,,,,,1858059,,
重庆,联通,1307549,,1327190,,,1569670,,,,,,1858060,,
重庆,联通,1309860,,1327191,,,1569671,,,,,,1858061,,
重庆,联通,1309861,,1327192,,,1569672,,,,,,1858062,,
重庆,联通,1309862,,1327193,,,1569673,,,,,,1858063,,
重庆,联通,1309863,,1327194,,,1569674,,,,,,1858064,,
重庆,联通,1309864,,1327195,,,1569675,,,,,,1858065,,
重庆,联通,1309865,,1327196,,,1569676,,,,,,1858066,,
重庆,联通,1309866,,1327197,,,1569677,,,,,,1858067,,
重庆,联通,1309867,,1327198,,,1569678,,,,,,1858068,,
重庆,联通,1309868,,1327199,,,1569679,,,,,,1858069,,
重庆,联通,1309869,,1327250,,,1569680,,,,,,1858070,,
重庆,联通,1309870,,1327251,,,1569681,,,,,,1858071,,
重庆,联通,1309871,,1327252,,,1569682,,,,,,1858072,,
重庆,联通,1309872,,1327253,,,1569683,,,,,,1858073,,
重庆,联通,1309873,,1327254,,,1569684,,,,,,1858074,,
重庆,联通,1309874,,1327255,,,1569685,,,,,,1858075,,
重庆,联通,1309875,,1327256,,,1569686,,,,,,1858076,,
重庆,联通,1309876,,1327257,,,1569687,,,,,,1858077,,
重庆,联通,1309877,,1327258,,,1569688,,,,,,1858078,,
重庆,联通,1309878,,1327259,,,1569689,,,,,,1858079,,
重庆,联通,1309879,,1327260,,,1569690,,,,,,1858080,,
重庆,联通,,,1327261,,,1569691,,,,,,1858081,,
重庆,联通,,,1327262,,,1569692,,,,,,1858082,,
重庆,联通,,,1327263,,,1569693,,,,,,1858083,,
重庆,联通,,,1327264,,,1569694,,,,,,1858084,,
重庆,联通,,,1327265,,,1569695,,,,,,1858085,,
重庆,联通,,,1327266,,,1569696,,,,,,1858086,,
重庆,联通,,,1327267,,,1569697,,,,,,1858087,,
重庆,联通,,,1327268,,,1569698,,,,,,1858088,,
重庆,联通,,,1327269,,,1569699,,,,,,1858089,,
重庆,联通,,,1327270,,,,,,,,,1858090,,
重庆,联通,,,1327271,,,,,,,,,1858091,,
重庆,联通,,,1327272,,,,,,,,,1858092,,
重庆,联通,,,1327273,,,,,,,,,1858093,,
重庆,联通,,,1327274,,,,,,,,,1858094,,
重庆,联通,,,1327275,,,,,,,,,1858095,,
重庆,联通,,,1327276,,,,,,,,,1858096,,
重庆,联通,,,1327277,,,,,,,,,1858097,,
重庆,联通,,,1327278,,,,,,,,,1858098,,
重庆,联通,,,1327279,,,,,,,,,1858099,,
重庆,联通,,,1327280,,,,,,,,,1858100,,
重庆,联通,,,1327281,,,,,,,,,1858101,,
重庆,联通,,,1327282,,,,,,,,,1858102,,
重庆,联通,,,1327283,,,,,,,,,1858103,,
重庆,联通,,,1327284,,,,,,,,,1858104,,
重庆,联通,,,1327285,,,,,,,,,1858105,,
重庆,联通,,,1327286,,,,,,,,,1858106,,
重庆,联通,,,1327287,,,,,,,,,1858107,,
重庆,联通,,,1327288,,,,,,,,,1858108,,
重庆,联通,,,1327289,,,,,,,,,1858109,,
重庆,联通,,,1327290,,,,,,,,,1858110,,
重庆,联通,,,1327291,,,,,,,,,1858111,,
重庆,联通,,,1327292,,,,,,,,,1858112,,
重庆,联通,,,1327293,,,,,,,,,1858113,,
重庆,联通,,,1327294,,,,,,,,,1858114,,
重庆,联通,,,1327295,,,,,,,,,1858115,,
重庆,联通,,,1327296,,,,,,,,,1858116,,
重庆,联通,,,1327297,,,,,,,,,1858117,,
重庆,联通,,,1327298,,,,,,,,,1858118,,
重庆,联通,,,1327299,,,,,,,,,1858119,,
重庆,联通,,,1327400,,,,,,,,,1858120,,
重庆,联通,,,1327401,,,,,,,,,1858121,,
重庆,联通,,,1327402,,,,,,,,,1858122,,
重庆,联通,,,1327403,,,,,,,,,1858123,,
重庆,联通,,,1327404,,,,,,,,,1858124,,
重庆,联通,,,1327405,,,,,,,,,1858125,,
重庆,联通,,,1327406,,,,,,,,,1858126,,
重庆,联通,,,1327407,,,,,,,,,1858127,,
重庆,联通,,,1327408,,,,,,,,,1858128,,
重庆,联通,,,1327409,,,,,,,,,1858129,,
重庆,联通,,,1327490,,,,,,,,,1858130,,
重庆,联通,,,1327491,,,,,,,,,1858131,,
重庆,联通,,,1327492,,,,,,,,,1858132,,
重庆,联通,,,1327493,,,,,,,,,1858133,,
重庆,联通,,,1327494,,,,,,,,,1858134,,
重庆,联通,,,1327495,,,,,,,,,1858135,,
重庆,联通,,,1327496,,,,,,,,,1858136,,
重庆,联通,,,1327497,,,,,,,,,1858137,,
重庆,联通,,,1327498,,,,,,,,,1858138,,
重庆,联通,,,1327499,,,,,,,,,1858139,,
重庆,联通,,,1329000,,,,,,,,,1858140,,
重庆,联通,,,1329001,,,,,,,,,1858141,,
重庆,联通,,,1329002,,,,,,,,,1858142,,
重庆,联通,,,1329003,,,,,,,,,1858143,,
重庆,联通,,,1329004,,,,,,,,,1858144,,
重庆,联通,,,1329005,,,,,,,,,1858145,,
重庆,联通,,,1329006,,,,,,,,,1858146,,
重庆,联通,,,1329007,,,,,,,,,1858147,,
重庆,联通,,,1329008,,,,,,,,,1858148,,
重庆,联通,,,1329009,,,,,,,,,1858149,,
重庆,联通,,,,,,,,,,,,1858450,,
重庆,联通,,,,,,,,,,,,1858451,,
重庆,联通,,,,,,,,,,,,1858452,,
重庆,联通,,,,,,,,,,,,1858453,,
重庆,联通,,,,,,,,,,,,1858454,,
重庆,联通,,,,,,,,,,,,1858455,,
重庆,联通,,,,,,,,,,,,1858456,,
重庆,联通,,,,,,,,,,,,1858457,,
重庆,联通,,,,,,,,,,,,1858458,,
重庆,联通,,,,,,,,,,,,1858459,,
重庆,联通,,,,,,,,,,,,1858460,,
重庆,联通,,,,,,,,,,,,1858461,,
重庆,联通,,,,,,,,,,,,1858462,,
重庆,联通,,,,,,,,,,,,1858463,,
重庆,联通,,,,,,,,,,,,1858464,,
重庆,联通,,,,,,,,,,,,1858465,,
重庆,联通,,,,,,,,,,,,1858466,,
重庆,联通,,,,,,,,,,,,1858467,,
重庆,联通,,,,,,,,,,,,1858468,,
重庆,联通,,,,,,,,,,,,1858469,,
重庆,联通,,,,,,,,,,,,1858470,,
重庆,联通,,,,,,,,,,,,1858471,,
重庆,联通,,,,,,,,,,,,1858472,,
重庆,联通,,,,,,,,,,,,1858473,,
重庆,联通,,,,,,,,,,,,1858474,,
重庆,联通,,,,,,,,,,,,1858475,,
重庆,联通,,,,,,,,,,,,1858476,,
重庆,联通,,,,,,,,,,,,1858477,,
重庆,联通,,,,,,,,,,,,1858478,,
重庆,联通,,,,,,,,,,,,1858479,,
重庆,联通,,,,,,,,,,,,1858970,,
重庆,联通,,,,,,,,,,,,1858971,,
重庆,联通,,,,,,,,,,,,1858972,,
重庆,联通,,,,,,,,,,,,1858973,,
重庆,联通,,,,,,,,,,,,1858974,,
重庆,联通,,,,,,,,,,,,1858975,,
重庆,联通,,,,,,,,,,,,1858976,,
重庆,联通,,,,,,,,,,,,1858977,,
重庆,联通,,,,,,,,,,,,1858978,,
重庆,联通,,,,,,,,,,,,1858979,,
重庆,联通,,,,,,,,,,,,1859470,,
重庆,联通,,,,,,,,,,,,1859471,,
重庆,联通,,,,,,,,,,,,1859472,,
重庆,联通,,,,,,,,,,,,1859473,,
重庆,联通,,,,,,,,,,,,1859474,,
重庆,联通,,,,,,,,,,,,1859475,,
重庆,联通,,,,,,,,,,,,1859476,,
重庆,联通,,,,,,,,,,,,1859477,,
重庆,联通,,,,,,,,,,,,1859478,,
重庆,联通,,,,,,,,,,,,1859479,,
重庆,联通,,,,,,,,,,,,1859480,,
重庆,联通,,,,,,,,,,,,1859481,,
重庆,联通,,,,,,,,,,,,1859482,,
重庆,联通,,,,,,,,,,,,1859483,,
重庆,联通,,,,,,,,,,,,1859484,,
重庆,联通,,,,,,,,,,,,1859485,,
重庆,联通,,,,,,,,,,,,1859486,,
重庆,联通,,,,,,,,,,,,1859487,,
重庆,联通,,,,,,,,,,,,1859488,,
重庆,联通,,,,,,,,,,,,1859489,,
重庆,联通,,,,,,,,,,,,1859730,,
重庆,联通,,,,,,,,,,,,1859731,,
重庆,联通,,,,,,,,,,,,1859732,,
重庆,联通,,,,,,,,,,,,1859733,,
重庆,联通,,,,,,,,,,,,1859734,,
重庆,联通,,,,,,,,,,,,1859735,,
重庆,联通,,,,,,,,,,,,1859736,,
重庆,联通,,,,,,,,,,,,1859737,,
重庆,联通,,,,,,,,,,,,1859738,,
重庆,联通,,,,,,,,,,,,1859739,,
重庆,联通,,,,,,,,,,,,1859830,,
重庆,联通,,,,,,,,,,,,1859831,,
重庆,联通,,,,,,,,,,,,1859832,,
重庆,联通,,,,,,,,,,,,1859833,,
重庆,联通,,,,,,,,,,,,1859834,,
重庆,联通,,,,,,,,,,,,1859835,,
重庆,联通,,,,,,,,,,,,1859836,,
重庆,联通,,,,,,,,,,,,1859837,,
重庆,联通,,,,,,,,,,,,1859838,,
重庆,联通,,,,,,,,,,,,1859839,,
重庆,联通,,,,,,,,,,,,1859840,,
重庆,联通,,,,,,,,,,,,1859841,,
重庆,联通,,,,,,,,,,,,1859842,,
重庆,联通,,,,,,,,,,,,1859843,,
重庆,联通,,,,,,,,,,,,1859844,,
重庆,联通,,,,,,,,,,,,1859845,,
重庆,联通,,,,,,,,,,,,1859846,,
重庆,联通,,,,,,,,,,,,1859847,,
重庆,联通,,,,,,,,,,,,1859848,,
重庆,联通,,,,,,,,,,,,1859849,,
重庆,联通,,,,,,,,,,,,1859850,,
重庆,联通,,,,,,,,,,,,1859851,,
重庆,联通,,,,,,,,,,,,1859852,,
重庆,联通,,,,,,,,,,,,1859853,,
重庆,联通,,,,,,,,,,,,1859854,,
重庆,联通,,,,,,,,,,,,1859855,,
重庆,联通,,,,,,,,,,,,1859856,,
重庆,联通,,,,,,,,,,,,1859857,,
重庆,联通,,,,,,,,,,,,1859858,,
重庆,联通,,,,,,,,,,,,1859859,,
重庆,联通,,,,,,,,,,,,1859860,,
重庆,联通,,,,,,,,,,,,1859861,,
重庆,联通,,,,,,,,,,,,1859862,,
重庆,联通,,,,,,,,,,,,1859863,,
重庆,联通,,,,,,,,,,,,1859864,,
重庆,联通,,,,,,,,,,,,1859865,,
重庆,联通,,,,,,,,,,,,1859866,,
重庆,联通,,,,,,,,,,,,1859867,,
重庆,联通,,,,,,,,,,,,1859868,,
重庆,联通,,,,,,,,,,,,1859869,,
重庆,联通,,,,,,,,,,,,1859870,,
重庆,联通,,,,,,,,,,,,1859871,,
重庆,联通,,,,,,,,,,,,1859872,,
重庆,联通,,,,,,,,,,,,1859873,,
重庆,联通,,,,,,,,,,,,1859874,,
重庆,联通,,,,,,,,,,,,1859875,,
重庆,联通,,,,,,,,,,,,1859876,,
重庆,联通,,,,,,,,,,,,1859877,,
重庆,联通,,,,,,,,,,,,1859878,,
重庆,联通,,,,,,,,,,,,1859879,,
