省份,运营商,135 号段,136 号段,137 号段,138 号段,139 号段,147 号段,148 号段,150 号段,151 号段,152 号段,157 号段,158 号段,165 号段,170 号段,172 号段,178 号段,182 号段,183 号段,184 号段,187 号段,188 号段,195 号段,197 号段,198 号段
海南,移动,1351800,1361750,1370040,1380089,1390075,1470890,1482510,1500800,1510300,1520300,1570650,1580890,1650610,1700136,1720890,1780360,1820890,1830890,1841700,1870890,1880890,1952491,1970898,1980890
海南,移动,1351801,1361751,1370041,1380750,1390076,1470891,1482511,1500801,1510301,1520301,1570651,1580891,1650854,1700342,1720891,1780361,1820891,1830891,1841701,1870891,1880891,1952492,1971898,1980891
海南,移动,1351802,1361752,1370042,1380751,1390750,1470892,1483395,1500802,1510302,1520302,1570652,1580892,1650898,1700898,1720892,1780362,1820892,1830892,1841702,1870892,1880892,1952974,1972771,1980892
海南,移动,1351803,1361753,1370043,1380752,1390751,1470893,1483396,1500803,1510303,1520303,1570653,1580893,1650899,1700899,1720893,1780363,1820893,1830893,1841703,1870893,1880893,1953169,1972772,1980893
海南,移动,1351804,1361754,1370044,1380753,1390752,1470894,,1500804,1510304,1520304,1570654,1580894,1651175,1701894,1720894,1780364,1820894,1830894,1841704,1870894,1880894,1953231,1972864,1980894
海南,移动,1351805,1361755,1370045,1380754,1390753,1470895,,1500805,1510305,1520305,1570655,1580895,1651905,1701895,1720895,1780365,1820895,1830895,1841705,1870895,1880895,1953293,1972894,1980895
海南,移动,1351806,1361756,1370046,1380755,1390754,1470896,,1500806,1510306,1520306,1570656,1580896,1652228,1701896,1720896,1780366,1820896,1830896,1841706,1870896,1880896,1953365,1972898,1980896
海南,移动,1351807,1361757,1370047,1380756,1390755,1470897,,1500807,1510307,1520307,1570657,1580897,1652597,1701897,1720897,1780367,1820897,1830897,1841707,1870897,1880897,1953429,1972904,1980897
海南,移动,1351808,1361758,1370048,1380757,1390756,1470898,,1500808,1510308,1520308,1570658,1580898,1652660,1701898,1720898,1780368,1820898,1830898,1841708,1870898,1880898,1953430,1972924,1980898
海南,移动,1351809,1361759,1370049,1380758,1390757,1470899,,1500809,1510309,1520309,1570659,1580899,1653425,1701899,1720899,1780369,1820899,1830899,1841709,1870899,1880899,1953744,1972985,1980899
海南,移动,1351880,1362750,1370750,1380759,1390758,1471870,,1500890,1510360,1520360,1570710,,1655939,1702880,1724493,1784810,1821780,1838920,1841710,1878900,1887600,1953745,1972986,1980920
海南,移动,1351881,1362751,1370751,1380760,1390759,1471871,,1500891,1510361,1520361,1570711,,1655968,1702881,1724494,1784811,1821781,1838921,1841711,1878901,1887601,1953821,1972987,1980921
海南,移动,1351882,1362752,1370752,1380761,1390760,1471872,,1500892,1510362,1520362,1570712,,1655998,1702882,1724495,1784812,1821782,1838922,1841712,1878902,1887602,1953823,1972988,1980922
海南,移动,1351883,1362753,1370753,1380762,1390761,1471873,,1500893,1510363,1520363,1570713,,1656128,1702883,1726365,1784813,1821783,1838923,1841713,1878903,1887603,1953825,1972989,1980923
海南,移动,1351884,1362754,1370754,1380763,1390762,1471874,,1500894,1510364,1520364,1570714,,1656986,1702884,1726366,1784814,1821784,1838924,1841714,1878904,1887604,1953826,1972998,1980924
海南,移动,1351885,1362755,1370755,1380764,1390763,1471875,,1500895,1510365,1520365,1570715,,1656989,1702885,1726367,1784815,1821785,1838925,1841715,1878905,1887605,1953955,1974960,1980925
海南,移动,1351886,1362756,1370756,1380765,1390764,1471876,,1500896,1510366,1520366,1570716,,1657168,1702886,1727657,1784816,1821786,1838926,1841716,1878906,1887606,1953966,1974961,1980926
海南,移动,1351887,1362757,1370757,1380766,1390765,1471877,,1500897,1510367,1520367,1570717,,1657258,1702887,1727885,1784817,1821787,1838927,1841717,1878907,1887607,1958500,1974962,1980927
海南,移动,1351888,1362758,1370758,1380767,1390766,1471878,,1500898,1510368,1520368,1570718,,1659297,1702888,1728980,1784818,1821788,1838928,1841718,1878908,1887608,1958501,1974963,1980928
海南,移动,1351889,1362759,1370759,1380768,1390767,1471879,,1500899,1510369,1520369,1570719,,1659308,1702889,1728981,1784819,1821789,1838929,1841719,1878909,1887609,1958502,1974964,1980929
海南,移动,1351980,1363750,,1380769,1390768,1471880,,1509190,1510890,1520890,1570780,,,1702890,1728982,1788670,1821790,1838930,1841720,1878910,1887610,1958503,1974965,1981415
海南,移动,1351981,1363751,,1387600,1390769,1471881,,1509191,1510891,1520891,1570781,,,1702891,1728983,1788671,1821791,1838931,1841721,1878911,1887611,1958504,1974966,1981416
海南,移动,1351982,1363752,,1387601,1397600,1471882,,1509192,1510892,1520892,1570782,,,1702892,1728984,1788672,1821792,1838932,1841722,1878912,1887612,1958505,1974967,1981417
海南,移动,1351983,1363753,,1387602,1397601,1471883,,1509193,1510893,1520893,1570783,,,1702893,1728985,1788673,1821793,1838933,1841723,1878913,1887613,1958506,1974968,1984070
海南,移动,1351984,1363754,,1387603,1397602,1471884,,1509194,1510894,1520894,1570784,,,1702894,1728986,1788674,1821794,1838934,1841724,1878914,1887614,1958507,1974969,1984071
海南,移动,1351985,1363755,,1387604,1397603,1471885,,1509195,1510895,1520895,1570785,,,1702895,1728987,1788675,1821795,1838935,1841725,1878915,1887615,1958508,,1984072
海南,移动,1351986,1363756,,1387605,1397604,1471886,,1509196,1510896,1520896,1570786,,,1702896,1728988,1788676,1821796,1838936,1841726,1878916,1887616,1958509,,1984073
海南,移动,1351987,1363757,,1387606,1397605,1471887,,1509197,1510897,1520897,1570787,,,1702897,1728989,1788677,1821797,1838937,1841727,1878917,1887617,1958650,,1984074
海南,移动,1351988,1363758,,1387607,1397606,1471888,,1509198,1510898,1520898,1570788,,,1702898,1728990,1788678,1821798,1838938,1841728,1878918,1887618,1958651,,1984075
海南,移动,1351989,1363759,,1387608,1397607,1471889,,1509199,1510899,1520899,1570789,,,1702899,1728991,1788679,1821799,1838939,1841729,1878919,1887619,1958652,,1984076
海南,移动,,1363760,,1387609,1397608,1476565,,,1510980,1524890,1570890,,,1705021,1728992,1788970,1828920,1838940,1841730,1878920,1887660,1958653,,1984077
海南,移动,,1363761,,1387610,1397609,1476666,,,1510981,1524891,1570891,,,1705181,1728993,1788971,1828921,1838941,1841731,1878921,1887661,1958654,,1984078
海南,移动,,1363762,,1387611,1397610,1476667,,,1510982,1524892,1570892,,,1705309,1728994,1788972,1828922,1838942,1841732,1878922,1887662,1958655,,1984079
海南,移动,,1363763,,1387612,1397611,1476668,,,1510983,1524893,1570893,,,1705372,1728995,1788973,1828923,1838943,1841733,1878923,1887663,1958656,,1988900
海南,移动,,1363764,,1387613,1397612,1476669,,,1510984,1524894,1570894,,,1705503,1728996,1788974,1828924,1838944,1841734,1878924,1887664,1958657,,1988901
海南,移动,,1363765,,1387614,1397613,1479880,,,1510985,1524895,1570895,,,1705754,1728997,1788975,1828925,1838945,1841735,1878925,1887665,1958658,,1988902
海南,移动,,1363766,,1387615,1397614,1479881,,,1510986,1524896,1570896,,,1706504,1728998,1788976,1828926,1838946,1841736,1878926,1887666,1958659,,1988903
海南,移动,,1363767,,1387616,1397615,1479882,,,1510987,1524897,1570897,,,1706505,1728999,1788977,1828927,1838947,1841737,1878927,1887667,1958670,,1988904
海南,移动,,1363768,,1387617,1397616,1479883,,,1510988,1524898,1570898,,,1706506,1729498,1788978,1828928,1838948,1841738,1878928,1887668,1958671,,1988905
海南,移动,,1363769,,1387618,1397617,1479884,,,1510989,1524899,1570899,,,1706507,1729499,1788979,1828929,1838949,1841739,1878929,1887669,1958672,,1988906
海南,移动,,1364750,,1387619,1397618,1479885,,,1512060,1528970,1571890,,,1706508,1729625,1788980,1828930,1838950,1841740,1878930,1887670,1958673,,1988907
海南,移动,,1364751,,1387620,1397619,1479886,,,1512061,1528971,1571891,,,1706509,1729992,1788981,1828931,1838951,1841741,1878931,1887671,1958674,,1988908
海南,移动,,1364752,,1387621,1397620,1479887,,,1512062,1528972,1571892,,,1706510,1729993,1788982,1828932,1838952,1841742,1878932,1887672,1958675,,1988909
海南,移动,,1364753,,1387622,1397621,1479888,,,1512063,1528973,1571893,,,1706511,1729994,1788983,1828933,1838953,1841743,1878933,1887673,1958676,,1989980
海南,移动,,1364754,,1387623,1397622,1479889,,,1512064,1528974,1571894,,,1706512,1729995,1788984,1828934,1838954,1841744,1878934,1887674,1958677,,1989981
海南,移动,,1364755,,1387624,1397623,1479890,,,1512065,1528975,1571895,,,1706513,1729996,1788985,1828935,1838955,1841745,1878935,1887675,1958678,,1989982
海南,移动,,1364756,,1387625,1397624,1479891,,,1512066,1528976,1571896,,,1706514,,1788986,1828936,1838956,1841746,1878936,1887676,1958679,,1989983
海南,移动,,1364757,,1387626,1397625,1479892,,,1512067,1528977,1571897,,,1706515,,1788987,1828937,1838957,1841747,1878937,1887677,1958840,,1989984
海南,移动,,1364758,,1387627,1397626,1479893,,,1512068,1528978,1571898,,,1706516,,1788988,1828938,1838958,1841748,1878938,1887678,1958841,,1989985
海南,移动,,1364759,,1387628,1397627,1479894,,,1512069,1528979,1571899,,,1706517,,1788989,1828939,1838959,1841749,1878939,1887679,1958842,,1989986
海南,移动,,1364860,,1387629,1397628,1479895,,,1512070,1528980,1571980,,,1706518,,1788990,1828940,1838960,1841750,1878950,1887680,1958843,,1989987
海南,移动,,1364861,,1387630,1397629,1479896,,,1512071,1528981,1571981,,,1706519,,1788991,1828941,1838961,1841751,1878951,1887681,1958844,,1989988
海南,移动,,1364862,,1387631,1397630,1479897,,,1512072,1528982,1571982,,,1707820,,1788992,1828942,1838962,1841752,1878952,1887682,1958845,,1989989
海南,移动,,1364863,,1387632,1397631,1479898,,,1512073,1528983,1571983,,,1707821,,1788993,1828943,1838963,1841753,1878953,1887683,1958846,,
海南,移动,,1364864,,1387633,1397632,1479899,,,1512074,1528984,1571984,,,1707822,,1788994,1828944,1838964,1841754,1878954,1887684,1958847,,
海南,移动,,1364865,,1387634,1397633,,,,1512075,1528985,1571985,,,1707823,,1788995,1828945,1838965,1841755,1878955,1887685,1958848,,
海南,移动,,1364866,,1387635,1397634,,,,1512076,1528986,1571986,,,1707824,,1788996,1828946,1838966,1841756,1878956,1887686,1958849,,
海南,移动,,1364867,,1387636,1397635,,,,1512077,1528987,1571987,,,1707825,,1788997,1828947,1838967,1841757,1878957,1887687,1958970,,
海南,移动,,1364868,,1387637,1397636,,,,1512078,1528988,1571988,,,1707826,,1788998,1828948,1838968,1841758,1878958,1887688,1958971,,
海南,移动,,1364869,,1387638,1397637,,,,1512079,1528989,1571989,,,1707827,,1788999,1828949,1838969,1841759,1878959,1887689,1958972,,
海南,移动,,1368750,,1387639,1397638,,,,1512080,1528990,1576080,,,1707828,,1789890,1828950,1838970,1841760,1878960,1887690,1958973,,
海南,移动,,1368751,,1387640,1397639,,,,1512081,1528991,1576081,,,1707829,,1789891,1828951,1838971,1841761,1878961,1887691,1958974,,
海南,移动,,1368752,,1387641,1397640,,,,1512082,1528992,1576082,,,1708820,,1789892,1828952,1838972,1841762,1878962,1887692,1958975,,
海南,移动,,1368753,,1387642,1397641,,,,1512083,1528993,1576083,,,1708821,,1789893,1828953,1838973,1841763,1878963,1887693,1958976,,
海南,移动,,1368754,,1387643,1397642,,,,1512084,1528994,1576084,,,1708822,,1789894,1828954,1838974,1841764,1878964,1887694,1958977,,
海南,移动,,1368755,,1387644,1397643,,,,1512085,1528995,1576085,,,1708823,,1789895,1828955,1838975,1841765,1878965,1887695,1958978,,
海南,移动,,1368756,,1387645,1397644,,,,1512086,1528996,1576086,,,1708824,,1789896,1828956,1838976,1841766,1878966,1887696,1958979,,
海南,移动,,1368757,,1387646,1397645,,,,1512087,1528997,1576087,,,1708825,,1789897,1828957,1838977,1841767,1878967,1887697,1958980,,
海南,移动,,1368758,,1387647,1397646,,,,1512088,1528998,1576088,,,1708826,,1789898,1828958,1838978,1841768,1878968,1887698,1958981,,
海南,移动,,1368759,,1387648,1397647,,,,1512089,1528999,1576089,,,1708827,,1789899,1828959,1838979,1841769,1878969,1887699,1958982,,
海南,移动,,1369750,,1387649,1397648,,,,1512090,1529890,1577890,,,1708828,,1789980,1828960,1838980,1841770,1878970,1888910,1958983,,
海南,移动,,1369751,,1387650,1397649,,,,1512091,1529891,1577891,,,1708829,,1789981,1828961,1838981,1841771,1878971,1888911,1958984,,
海南,移动,,1369752,,1387651,1397650,,,,1512092,1529892,1577892,,,1709820,,1789982,1828962,1838982,1841772,1878972,1888912,1958985,,
海南,移动,,1369753,,1387652,1397651,,,,1512093,1529893,1577893,,,1709821,,1789983,1828963,1838983,1841773,1878973,1888913,1958986,,
海南,移动,,1369754,,1387653,1397652,,,,1512094,1529894,1577894,,,1709822,,1789984,1828964,1838984,1841774,1878974,1888914,1958987,,
海南,移动,,1369755,,1387654,1397653,,,,1512095,1529895,1577895,,,1709823,,1789985,1828965,1838985,1841775,1878975,1888915,1958988,,
海南,移动,,1369756,,1387655,1397654,,,,1512096,1529896,1577896,,,1709824,,1789986,1828966,1838986,1841776,1878976,1888916,1958989,,
海南,移动,,1369757,,1387656,1397655,,,,1512097,1529897,1577897,,,1709825,,1789987,1828967,1838987,1841777,1878977,1888917,,,
海南,移动,,1369758,,1387657,1397656,,,,1512098,1529898,1577898,,,1709826,,1789988,1828968,1838988,1841778,1878978,1888918,,,
海南,移动,,1369759,,1387658,1397657,,,,1512099,1529899,1577899,,,1709827,,1789989,1828969,1838989,1841779,1878979,1888919,,,
海南,移动,,1369890,,1387659,1397658,,,,,,1579046,,,1709828,,,1828970,1838990,1848900,1878980,1888920,,,
海南,移动,,1369891,,1387660,1397659,,,,,,1579047,,,1709829,,,1828971,1838991,1848901,1878981,1888921,,,
海南,移动,,1369892,,1387661,1397660,,,,,,1579048,,,,,,1828972,1838992,1848902,1878982,1888922,,,
海南,移动,,1369893,,1387662,1397661,,,,,,1579049,,,,,,1828973,1838993,1848903,1878983,1888923,,,
海南,移动,,1369894,,1387663,1397662,,,,,,1579062,,,,,,1828974,1838994,1848904,1878984,1888924,,,
海南,移动,,1369895,,1387664,1397663,,,,,,1579073,,,,,,1828975,1838995,1848905,1878985,1888925,,,
海南,移动,,1369896,,1387665,1397664,,,,,,1579097,,,,,,1828976,1838996,1848906,1878986,1888926,,,
海南,移动,,1369897,,1387666,1397665,,,,,,1579688,,,,,,1828977,1838997,1848907,1878987,1888927,,,
海南,移动,,1369898,,1387667,1397666,,,,,,1579890,,,,,,1828978,1838998,1848908,1878988,1888928,,,
海南,移动,,1369899,,1387668,1397667,,,,,,1579891,,,,,,1828979,1838999,1848909,1878989,1888929,,,
海南,移动,,,,1387669,1397668,,,,,,1579892,,,,,,1828980,,1848970,1878990,1888930,,,
海南,移动,,,,1387670,1397669,,,,,,1579893,,,,,,1828981,,1848971,1878991,1888931,,,
海南,移动,,,,1387671,1397670,,,,,,1579894,,,,,,1828982,,1848972,1878992,1888932,,,
海南,移动,,,,1387672,1397671,,,,,,1579895,,,,,,1828983,,1848973,1878993,1888933,,,
海南,移动,,,,1387673,1397672,,,,,,1579896,,,,,,1828984,,1848974,1878994,1888934,,,
海南,移动,,,,1387674,1397673,,,,,,1579897,,,,,,1828985,,1848975,1878995,1888935,,,
海南,移动,,,,1387675,1397674,,,,,,1579898,,,,,,1828986,,1848976,1878996,1888936,,,
海南,移动,,,,1387676,1397675,,,,,,1579899,,,,,,1828987,,1848977,1878997,1888937,,,
海南,移动,,,,1387677,1397676,,,,,,1579900,,,,,,1828988,,1848978,1878998,1888938,,,
海南,移动,,,,1387678,1397677,,,,,,1579901,,,,,,1828989,,1848979,1878999,1888939,,,
海南,移动,,,,1387679,1397678,,,,,,1579902,,,,,,1828990,,1848980,,1888940,,,
海南,移动,,,,1387680,1397679,,,,,,1579903,,,,,,1828991,,1848981,,1888941,,,
海南,移动,,,,1387681,1397680,,,,,,1579904,,,,,,1828992,,1848982,,1888942,,,
海南,移动,,,,1387682,1397681,,,,,,1579905,,,,,,1828993,,1848983,,1888943,,,
海南,移动,,,,1387683,1397682,,,,,,1579906,,,,,,1828994,,1848984,,1888944,,,
海南,移动,,,,1387684,1397683,,,,,,1579907,,,,,,1828995,,1848985,,1888945,,,
海南,移动,,,,1387685,1397684,,,,,,1579908,,,,,,1828996,,1848986,,1888946,,,
海南,移动,,,,1387686,1397685,,,,,,1579909,,,,,,1828997,,1848987,,1888947,,,
海南,移动,,,,1387687,1397686,,,,,,,,,,,,1828998,,1848988,,1888948,,,
海南,移动,,,,1387688,1397687,,,,,,,,,,,,1828999,,1848989,,1888949,,,
海南,移动,,,,1387689,1397688,,,,,,,,,,,,,,1848990,,1888950,,,
海南,移动,,,,1387690,1397689,,,,,,,,,,,,,,1848991,,1888951,,,
海南,移动,,,,1387691,1397690,,,,,,,,,,,,,,1848992,,1888952,,,
海南,移动,,,,1387692,1397691,,,,,,,,,,,,,,1848993,,1888953,,,
海南,移动,,,,1387693,1397692,,,,,,,,,,,,,,1848994,,1888954,,,
海南,移动,,,,1387694,1397693,,,,,,,,,,,,,,1848995,,1888955,,,
海南,移动,,,,1387695,1397694,,,,,,,,,,,,,,1848996,,1888956,,,
海南,移动,,,,1387696,1397695,,,,,,,,,,,,,,1848997,,1888957,,,
海南,移动,,,,1387697,1397696,,,,,,,,,,,,,,1848998,,1888958,,,
海南,移动,,,,1387698,1397697,,,,,,,,,,,,,,1848999,,1888959,,,
海南,移动,,,,1387699,1397698,,,,,,,,,,,,,,1849790,,1888960,,,
海南,移动,,,,,1397699,,,,,,,,,,,,,,1849791,,1888961,,,
海南,移动,,,,,,,,,,,,,,,,,,,1849792,,1888962,,,
海南,移动,,,,,,,,,,,,,,,,,,,1849793,,1888963,,,
海南,移动,,,,,,,,,,,,,,,,,,,1849794,,1888964,,,
海南,移动,,,,,,,,,,,,,,,,,,,1849795,,1888965,,,
海南,移动,,,,,,,,,,,,,,,,,,,1849796,,1888966,,,
海南,移动,,,,,,,,,,,,,,,,,,,1849797,,1888967,,,
海南,移动,,,,,,,,,,,,,,,,,,,1849798,,1888968,,,
海南,移动,,,,,,,,,,,,,,,,,,,1849799,,1888969,,,
海南,移动,,,,,,,,,,,,,,,,,,,,,1888970,,,
海南,移动,,,,,,,,,,,,,,,,,,,,,1888971,,,
海南,移动,,,,,,,,,,,,,,,,,,,,,1888972,,,
海南,移动,,,,,,,,,,,,,,,,,,,,,1888973,,,
海南,移动,,,,,,,,,,,,,,,,,,,,,1888974,,,
海南,移动,,,,,,,,,,,,,,,,,,,,,1888975,,,
海南,移动,,,,,,,,,,,,,,,,,,,,,1888976,,,
海南,移动,,,,,,,,,,,,,,,,,,,,,1888977,,,
海南,移动,,,,,,,,,,,,,,,,,,,,,1888978,,,
海南,移动,,,,,,,,,,,,,,,,,,,,,1888979,,,
海南,移动,,,,,,,,,,,,,,,,,,,,,1888980,,,
海南,移动,,,,,,,,,,,,,,,,,,,,,1888981,,,
海南,移动,,,,,,,,,,,,,,,,,,,,,1888982,,,
海南,移动,,,,,,,,,,,,,,,,,,,,,1888983,,,
海南,移动,,,,,,,,,,,,,,,,,,,,,1888984,,,
海南,移动,,,,,,,,,,,,,,,,,,,,,1888985,,,
海南,移动,,,,,,,,,,,,,,,,,,,,,1888986,,,
海南,移动,,,,,,,,,,,,,,,,,,,,,1888987,,,
海南,移动,,,,,,,,,,,,,,,,,,,,,1888988,,,
海南,移动,,,,,,,,,,,,,,,,,,,,,1888989,,,
海南,移动,,,,,,,,,,,,,,,,,,,,,1888990,,,
海南,移动,,,,,,,,,,,,,,,,,,,,,1888991,,,
海南,移动,,,,,,,,,,,,,,,,,,,,,1888992,,,
海南,移动,,,,,,,,,,,,,,,,,,,,,1888993,,,
海南,移动,,,,,,,,,,,,,,,,,,,,,1888994,,,
海南,移动,,,,,,,,,,,,,,,,,,,,,1888995,,,
海南,移动,,,,,,,,,,,,,,,,,,,,,1888996,,,
海南,移动,,,,,,,,,,,,,,,,,,,,,1888997,,,
海南,移动,,,,,,,,,,,,,,,,,,,,,1888998,,,
海南,移动,,,,,,,,,,,,,,,,,,,,,1888999,,,
海南,移动,,,,,,,,,,,,,,,,,,,,,1889820,,,
海南,移动,,,,,,,,,,,,,,,,,,,,,1889821,,,
海南,移动,,,,,,,,,,,,,,,,,,,,,1889822,,,
海南,移动,,,,,,,,,,,,,,,,,,,,,1889823,,,
海南,移动,,,,,,,,,,,,,,,,,,,,,1889824,,,
海南,移动,,,,,,,,,,,,,,,,,,,,,1889825,,,
海南,移动,,,,,,,,,,,,,,,,,,,,,1889826,,,
海南,移动,,,,,,,,,,,,,,,,,,,,,1889827,,,
海南,移动,,,,,,,,,,,,,,,,,,,,,1889828,,,
海南,移动,,,,,,,,,,,,,,,,,,,,,1889829,,,
海南,移动,,,,,,,,,,,,,,,,,,,,,1889890,,,
海南,移动,,,,,,,,,,,,,,,,,,,,,1889891,,,
海南,移动,,,,,,,,,,,,,,,,,,,,,1889892,,,
海南,移动,,,,,,,,,,,,,,,,,,,,,1889893,,,
海南,移动,,,,,,,,,,,,,,,,,,,,,1889894,,,
海南,移动,,,,,,,,,,,,,,,,,,,,,1889895,,,
海南,移动,,,,,,,,,,,,,,,,,,,,,1889896,,,
海南,移动,,,,,,,,,,,,,,,,,,,,,1889897,,,
海南,移动,,,,,,,,,,,,,,,,,,,,,1889898,,,
海南,移动,,,,,,,,,,,,,,,,,,,,,1889899,,,
